transaction_id,customer_id,transaction_date,transaction_time,amount,merchant_category,transaction_type,device_type,card_present,home_city,transaction_city,distance_from_home_km,account_age_days,prev_txn_count_24h,is_fraud
501783,102368,2026-04-15,11:43:00,1812.26,ATM Withdrawal,POS,Web Browser,No,Rajpura,Rajpura,12.5,3906,1,0
503918,184978,2026-01-05,01:27:00,66182.3,Dining,ONLINE,USSD,No,Chennai,Bengaluru,1389.9,24,4,1
500222,145577,2026-05-07,02:48:00,5041.9,E-commerce,ONLINE,USSD,No,Chennai,Chennai,5.1,2486,1,0
502136,168542,2026-08-28,22:27:00,12029.35,Travel,ONLINE,Mobile App,Yes,Hyderabad,Hyderabad,4.6,3445,1,0
505225,152800,2026-03-25,16:47:00,245.84,ATM Withdrawal,POS,Mobile App,Yes,Ahmedabad,Ahmedabad,8.8,3046,2,0
501169,199819,2026-03-22,08:00:00,2096.17,E-commerce,UPI,Web Browser,No,Chennai,Chennai,6.2,3255,3,0
500880,163000,2026-03-31,13:29:00,6237.32,Fuel,POS,ATM Machine,Yes,Pune,Pune,12.8,564,4,0
500157,112627,2026-06-25,21:23:00,1508.59,Utility Bill,ATM,USSD,No,Mumbai,Mumbai,9.7,2302,1,0
501658,187387,2026-01-05,14:38:00,4456.37,ATM Withdrawal,ONLINE,Mobile App,No,Jaipur,Jaipur,8.3,1288,1,0
500324,191600,2026-03-09,13:34:00,4459.53,Grocery,POS,POS Terminal,No,Jaipur,Jaipur,13.7,88,0,0
505303,117732,2026-01-31,14:18:00,864.6,Utility Bill,ONLINE,Web Browser,No,Delhi,Delhi,5.8,2198,1,0
502612,192749,2026-07-19,10:36:00,765.81,Travel,ATM,Mobile App,Yes,Delhi,Delhi,1.4,3852,2,0
500812,187919,2026-04-25,17:27:00,6101.24,E-commerce,ATM,POS Terminal,No,Rajpura,Rajpura,5.9,3524,1,0
500394,159937,2026-02-20,18:14:00,4395.86,Fuel,ATM,Web Browser,Yes,Pune,Pune,0.2,557,1,0
503594,156882,2026-03-24,05:52:00,6419.93,E-commerce,POS,Web Browser,Yes,Delhi,Delhi,5.0,513,3,0
502639,115103,2026-07-30,16:56:00,3059.68,ATM Withdrawal,ONLINE,POS Terminal,Yes,Ahmedabad,Ahmedabad,5.2,1040,1,0
502188,125780,2026-05-03,18:35:00,1684.87,Grocery,UPI,Mobile App,Yes,Delhi,Delhi,11.6,1623,2,0
505352,150097,2026-01-18,17:16:00,5313.02,Travel,UPI,Web Browser,Yes,Jaipur,Jaipur,5.8,3806,3,0
500320,176863,2026-05-11,22:22:00,2226.34,Dining,NEFT,Web Browser,Yes,Chennai,Chennai,10.9,3023,1,0
500168,116697,2026-05-25,01:03:00,4105.06,Grocery,UPI,ATM Machine,Yes,Ahmedabad,Ahmedabad,2.6,838,2,0
500747,153219,2026-02-26,07:55:00,1539.37,Jewellery,ATM,POS Terminal,Yes,Mumbai,Mumbai,2.4,1749,1,0
505471,159338,2026-01-02,01:25:00,1280.03,ATM Withdrawal,ONLINE,Mobile App,Yes,Kolkata,Kolkata,1.4,830,2,0
503708,175608,2026-05-30,11:23:00,8154.14,Electronics,ATM,Mobile App,No,Delhi,Delhi,14.0,2403,0,0
502765,120446,2026-08-20,15:29:00,6596.68,Utility Bill,POS,Mobile App,No,Bengaluru,Bengaluru,12.9,148,1,0
505113,199245,2026-05-28,08:57:00,5580.22,Pharmacy,POS,POS Terminal,No,Rajpura,Rajpura,10.8,2069,0,0
504007,125141,2026-03-15,09:27:00,2603.79,Travel,UPI,POS Terminal,No,Hyderabad,Hyderabad,5.9,1700,1,0
501872,120681,2026-08-10,16:19:00,1727.67,Utility Bill,POS,Web Browser,Yes,Bengaluru,Bengaluru,14.0,3155,2,0
505757,133045,2026-06-04,14:21:00,5830.41,E-commerce,UPI,POS Terminal,No,Mumbai,Mumbai,6.5,3726,2,0
503194,119191,2026-06-19,07:40:00,2526.1,Electronics,ATM,Mobile App,No,Kolkata,Kolkata,3.0,2751,1,0
503755,103774,2026-07-12,01:53:00,3693.36,E-commerce,POS,USSD,Yes,Pune,Pune,13.7,3594,1,0
505626,169349,2026-07-22,14:37:00,2601.6,Electronics,NEFT,Web Browser,Yes,Hyderabad,Hyderabad,8.6,478,2,0
504895,148204,2026-03-17,14:44:00,3982.33,Travel,ATM,USSD,No,Kolkata,Kolkata,0.7,1224,3,0
504103,119006,2026-06-02,09:44:00,10284.87,Grocery,UPI,Mobile App,No,Rajpura,Rajpura,14.1,1020,0,0
501262,192469,2026-05-27,16:08:00,1765.55,Pharmacy,POS,ATM Machine,No,Delhi,Delhi,3.1,2328,2,0
502339,104344,2026-05-17,11:38:00,3961.41,Jewellery,POS,Mobile App,Yes,Hyderabad,Hyderabad,14.4,519,1,0
500085,162975,2026-02-03,18:48:00,2650.65,Dining,POS,Web Browser,Yes,Hyderabad,Hyderabad,6.1,3869,2,0
503822,101101,2026-08-14,23:46:00,3481.3,Electronics,NEFT,ATM Machine,No,Delhi,Delhi,0.1,744,2,0
502654,137305,2026-01-09,23:28:00,2601.92,Utility Bill,UPI,Mobile App,Yes,Mumbai,Mumbai,1.3,282,1,0
505546,188741,2026-07-31,16:10:00,3062.1,Utility Bill,UPI,Web Browser,No,Bengaluru,Bengaluru,13.5,346,0,0
502747,122460,2026-08-17,01:51:00,5011.68,Travel,ONLINE,ATM Machine,Yes,Mumbai,Mumbai,10.5,2000,5,0
502859,172447,2026-06-30,23:17:00,3417.74,Travel,UPI,Web Browser,Yes,Bengaluru,Bengaluru,14.9,2180,5,0
500997,152637,2026-01-06,04:11:00,1935.32,Travel,POS,ATM Machine,No,Chennai,Chennai,3.6,3176,2,0
500229,154690,2026-08-15,13:38:00,1918.73,Jewellery,POS,POS Terminal,Yes,Mumbai,Mumbai,4.8,3186,0,0
503265,152643,2026-05-22,22:38:00,2749.08,Dining,UPI,Mobile App,No,Hyderabad,Hyderabad,1.4,641,2,0
504829,191832,2026-05-23,07:28:00,1826.06,Electronics,POS,POS Terminal,Yes,Ahmedabad,Ahmedabad,5.3,1814,1,0
503943,192786,2026-03-08,05:33:00,8002.1,Dining,ONLINE,POS Terminal,No,Rajpura,Rajpura,7.5,1930,1,0
505460,189289,2026-01-02,08:11:00,7485.7,Fuel,UPI,Mobile App,Yes,Bengaluru,Bengaluru,5.8,3619,1,0
503833,180826,2026-02-10,17:26:00,2768.37,Travel,UPI,POS Terminal,Yes,Chennai,Chennai,6.0,2961,4,0
501653,105191,2026-04-11,17:55:00,2061.5,Travel,POS,Mobile App,Yes,Bengaluru,Bengaluru,8.4,1541,1,0
500080,166980,2026-06-14,10:20:00,6603.54,Utility Bill,ATM,POS Terminal,Yes,Hyderabad,Hyderabad,1.8,3261,2,0
500965,194913,2026-07-04,23:30:00,771.39,Grocery,POS,POS Terminal,Yes,Mumbai,Mumbai,11.8,621,0,0
500927,154125,2026-01-30,16:22:00,5865.02,Pharmacy,POS,Web Browser,Yes,Chennai,Chennai,7.0,2077,1,0
500795,143129,2026-03-06,11:28:00,3212.74,Grocery,ONLINE,USSD,No,Ahmedabad,Ahmedabad,14.4,1860,3,0
503380,139509,2026-01-07,08:04:00,3122.17,Travel,ONLINE,ATM Machine,Yes,Ahmedabad,Ahmedabad,12.9,150,2,0
503165,112819,2026-08-07,00:12:00,93939.86,Dining,POS,USSD,No,Jaipur,Rajpura,1744.7,22,4,1
504658,157363,2026-06-25,19:17:00,661.03,ATM Withdrawal,UPI,ATM Machine,No,Kolkata,Kolkata,1.2,2111,2,0
503312,140204,2026-01-11,18:31:00,5588.57,Electronics,ATM,Web Browser,No,Rajpura,Rajpura,9.9,3677,0,0
503935,118341,2026-03-02,13:44:00,5060.72,Dining,UPI,USSD,No,Mumbai,Mumbai,5.7,2227,0,0
501075,146672,2026-08-03,22:06:00,3167.09,Electronics,POS,ATM Machine,Yes,Ahmedabad,Ahmedabad,6.6,1769,0,0
504841,176299,2026-04-16,05:06:00,1425.43,Travel,POS,Mobile App,Yes,Jaipur,Jaipur,14.5,2776,1,0
504184,185261,2026-05-11,01:04:00,2816.69,ATM Withdrawal,ONLINE,Mobile App,Yes,Ahmedabad,Ahmedabad,1.0,335,2,0
502025,107285,2026-07-04,14:54:00,1792.95,E-commerce,ATM,Web Browser,Yes,Delhi,Delhi,11.5,1583,1,0
505678,137170,2026-06-13,04:13:00,1669.15,Grocery,UPI,ATM Machine,No,Kolkata,Kolkata,11.9,1165,2,0
504635,110119,2026-07-18,02:28:00,2825.34,Pharmacy,POS,ATM Machine,Yes,Mumbai,Mumbai,14.1,2486,0,0
501746,197921,2026-05-31,10:39:00,3987.15,Utility Bill,ATM,POS Terminal,No,Delhi,Delhi,7.2,316,0,0
503144,156816,2026-07-08,22:59:00,3899.02,E-commerce,ONLINE,ATM Machine,No,Rajpura,Rajpura,7.6,1055,0,0
503264,186180,2026-02-28,16:32:00,5763.47,Utility Bill,ONLINE,Mobile App,Yes,Kolkata,Kolkata,5.7,559,3,0
503122,199881,2026-06-16,21:03:00,9190.41,Grocery,UPI,ATM Machine,Yes,Jaipur,Jaipur,4.7,1553,2,0
501452,104107,2026-05-25,09:17:00,4944.41,Pharmacy,ATM,Web Browser,Yes,Ahmedabad,Ahmedabad,7.2,219,2,0
500440,139757,2026-04-06,10:54:00,7490.92,Utility Bill,ONLINE,POS Terminal,No,Chennai,Chennai,3.7,3847,1,0
503317,163202,2026-08-28,04:55:00,1027.15,Electronics,NEFT,ATM Machine,No,Jaipur,Jaipur,3.0,1653,0,0
504544,161243,2026-06-15,03:20:00,2144.2,Electronics,POS,POS Terminal,Yes,Rajpura,Rajpura,2.6,921,0,0
502982,106033,2026-03-17,02:46:00,55774.54,Utility Bill,POS,USSD,No,Pune,Chennai,1027.6,49,3,1
502081,182722,2026-01-01,02:20:00,2816.09,Pharmacy,ONLINE,POS Terminal,Yes,Rajpura,Rajpura,4.9,294,1,0
504021,113269,2026-08-12,07:42:00,3664.56,E-commerce,ATM,ATM Machine,No,Bengaluru,Bengaluru,11.8,2842,2,0
501455,157213,2026-03-04,06:26:00,2275.36,Pharmacy,UPI,POS Terminal,Yes,Hyderabad,Hyderabad,4.0,1716,4,0
500255,166059,2026-08-17,23:58:00,2706.85,E-commerce,ATM,USSD,Yes,Bengaluru,Bengaluru,10.4,2108,0,0
500466,196622,2026-04-12,19:22:00,749.24,Travel,ONLINE,Mobile App,Yes,Pune,Pune,8.8,48,0,0
502118,154207,2026-02-09,14:08:00,1507.13,Fuel,NEFT,ATM Machine,Yes,Chennai,Chennai,0.7,3942,1,0
500507,153101,2026-07-11,07:50:00,1183.49,Utility Bill,ATM,ATM Machine,Yes,Jaipur,Jaipur,11.5,918,3,0
504272,153181,2026-03-20,10:57:00,6185.42,Travel,ONLINE,Web Browser,Yes,Pune,Pune,8.0,3362,1,0
504289,176433,2026-05-09,18:57:00,3871.46,Fuel,UPI,USSD,Yes,Bengaluru,Bengaluru,11.3,3519,1,0
504214,171357,2026-08-10,06:15:00,2600.55,Fuel,ONLINE,Web Browser,No,Delhi,Delhi,7.7,1097,0,0
500234,175851,2026-06-12,09:03:00,3148.01,Pharmacy,POS,USSD,No,Delhi,Delhi,5.1,2453,1,0
500554,131798,2026-02-14,05:04:00,4172.39,Jewellery,NEFT,Web Browser,No,Kolkata,Kolkata,2.1,927,0,0
505315,140911,2026-04-27,15:40:00,780.83,E-commerce,POS,USSD,Yes,Ahmedabad,Ahmedabad,9.0,1312,2,0
500545,183098,2026-07-07,14:52:00,2955.05,Travel,POS,USSD,No,Delhi,Delhi,8.8,3667,3,0
503701,115303,2026-04-12,06:53:00,3561.2,Jewellery,POS,Mobile App,Yes,Mumbai,Mumbai,9.0,1524,1,0
503541,173488,2026-03-28,10:46:00,2903.63,Electronics,POS,Web Browser,No,Mumbai,Mumbai,6.2,1936,2,0
502789,100473,2026-06-29,21:05:00,2911.19,Jewellery,POS,POS Terminal,Yes,Mumbai,Mumbai,4.3,1985,0,0
502865,108676,2026-07-18,17:36:00,1636.75,Dining,POS,ATM Machine,No,Rajpura,Rajpura,9.5,2531,1,0
502084,166748,2026-03-12,04:26:00,1395.01,Grocery,ONLINE,ATM Machine,No,Ahmedabad,Ahmedabad,6.3,3481,3,0
505543,129953,2026-04-11,06:56:00,3857.5,Dining,ONLINE,USSD,Yes,Delhi,Delhi,13.0,3010,1,0
500309,131568,2026-06-09,20:11:00,2589.66,Jewellery,ONLINE,Mobile App,No,Chennai,Chennai,3.9,1288,1,0
500711,167926,2026-01-21,21:43:00,971.34,Pharmacy,NEFT,USSD,No,Bengaluru,Bengaluru,7.7,3553,0,0
504104,101623,2026-08-14,18:00:00,4466.45,Travel,ONLINE,Web Browser,Yes,Kolkata,Kolkata,9.8,3270,2,0
501581,129643,2026-06-24,08:32:00,3096.13,Grocery,UPI,ATM Machine,Yes,Mumbai,Mumbai,8.7,1575,2,0
501311,152418,2026-05-21,22:46:00,1432.97,Electronics,ATM,ATM Machine,Yes,Rajpura,Rajpura,11.0,3471,0,0
500626,123256,2026-01-06,22:55:00,1504.74,Travel,ATM,USSD,Yes,Pune,Pune,5.5,3120,2,0
500024,192675,2026-06-10,16:52:00,3370.67,Jewellery,NEFT,POS Terminal,Yes,Rajpura,Rajpura,10.4,891,3,0
502532,180618,2026-04-10,01:18:00,2400.22,Travel,ATM,USSD,No,Pune,Pune,9.9,1118,1,0
501871,104316,2026-04-03,01:27:00,1923.1,Dining,ONLINE,ATM Machine,No,Mumbai,Mumbai,5.6,761,4,0
505111,154880,2026-03-05,19:25:00,2807.01,Fuel,ATM,USSD,Yes,Bengaluru,Bengaluru,10.1,2519,1,0
503489,144255,2026-03-25,05:21:00,1414.18,Electronics,POS,Mobile App,No,Pune,Pune,9.9,2117,1,0
501171,162897,2026-04-17,17:13:00,4070.14,Utility Bill,UPI,ATM Machine,No,Rajpura,Rajpura,1.1,676,3,0
504746,130547,2026-04-14,04:49:00,4547.64,Utility Bill,ATM,USSD,No,Mumbai,Mumbai,4.2,3898,2,0
502119,154596,2026-02-04,07:47:00,8027.39,Utility Bill,UPI,ATM Machine,Yes,Kolkata,Kolkata,9.7,1239,3,0
503019,159796,2026-08-27,00:41:00,3121.3,ATM Withdrawal,POS,Web Browser,Yes,Delhi,Delhi,3.7,1341,2,0
501195,152582,2026-04-09,21:54:00,2172.26,Jewellery,POS,ATM Machine,Yes,Ahmedabad,Ahmedabad,11.8,3495,2,0
502246,183252,2026-03-05,22:22:00,5537.44,Dining,ATM,ATM Machine,No,Rajpura,Rajpura,7.8,2754,1,0
502874,121870,2026-02-03,02:21:00,2689.08,Utility Bill,ONLINE,USSD,No,Rajpura,Rajpura,7.5,2169,1,0
505640,192330,2026-05-02,21:37:00,5000.03,Jewellery,POS,POS Terminal,Yes,Kolkata,Kolkata,14.7,515,1,0
502550,112805,2026-06-22,17:32:00,5326.53,Dining,UPI,USSD,Yes,Bengaluru,Bengaluru,7.0,1292,3,0
503155,106869,2026-07-11,15:55:00,8297.89,Electronics,POS,Web Browser,No,Jaipur,Jaipur,13.9,2850,1,0
500094,138747,2026-06-05,09:55:00,3189.74,ATM Withdrawal,POS,Mobile App,Yes,Kolkata,Kolkata,3.3,3343,3,0
502078,144004,2026-02-09,03:14:00,82237.35,ATM Withdrawal,ONLINE,USSD,No,Chennai,Hyderabad,533.8,37,2,1
500470,193301,2026-04-24,08:41:00,3575.04,Electronics,UPI,ATM Machine,Yes,Delhi,Delhi,2.5,970,2,0
500788,168608,2026-04-26,03:14:00,2118.84,Pharmacy,ATM,Web Browser,No,Mumbai,Mumbai,2.5,1154,5,0
501700,196154,2026-05-10,22:57:00,2669.19,Electronics,POS,Web Browser,Yes,Bengaluru,Bengaluru,14.1,150,1,0
501838,130446,2026-01-28,06:42:00,1171.79,Travel,UPI,Mobile App,Yes,Hyderabad,Hyderabad,13.3,3626,1,0
503064,112727,2026-04-23,02:41:00,2705.58,Fuel,UPI,Web Browser,No,Chennai,Chennai,11.1,1909,2,0
501707,198352,2026-05-19,11:10:00,6277.13,Jewellery,POS,POS Terminal,Yes,Rajpura,Rajpura,14.1,3289,2,0
503968,124169,2026-05-16,23:29:00,3240.92,Fuel,POS,USSD,Yes,Delhi,Delhi,8.5,3134,1,0
503863,124766,2026-06-29,01:24:00,2599.4,E-commerce,UPI,POS Terminal,Yes,Rajpura,Rajpura,6.1,3548,2,0
503665,151311,2026-07-29,08:24:00,1035.86,Pharmacy,ATM,ATM Machine,Yes,Mumbai,Mumbai,8.9,3375,2,0
505892,141827,2026-04-17,16:52:00,5221.29,Utility Bill,UPI,POS Terminal,Yes,Bengaluru,Bengaluru,2.7,3610,0,0
503205,129941,2026-07-15,00:50:00,1090.09,Pharmacy,UPI,USSD,Yes,Hyderabad,Hyderabad,3.3,3265,1,0
500605,182604,2026-05-11,20:31:00,1528.34,Dining,ONLINE,POS Terminal,Yes,Kolkata,Kolkata,0.7,3970,4,0
504943,183729,2026-05-26,05:31:00,2119.22,E-commerce,POS,USSD,No,Hyderabad,Hyderabad,8.8,2470,0,0
501551,128066,2026-03-12,12:16:00,2525.07,Dining,POS,USSD,No,Chennai,Chennai,5.8,3058,1,0
504709,176791,2026-03-10,12:38:00,4602.75,Fuel,ATM,Mobile App,No,Ahmedabad,Ahmedabad,12.5,876,0,0
504835,197670,2026-06-09,01:23:00,94729.3,Fuel,UPI,Web Browser,No,Delhi,Kolkata,736.8,43,3,1
503186,194928,2026-07-03,19:44:00,1202.36,Travel,UPI,Mobile App,No,Ahmedabad,Ahmedabad,1.6,1485,0,0
504387,126022,2026-03-28,15:48:00,5813.52,Travel,ATM,ATM Machine,No,Delhi,Delhi,13.5,3379,0,0
501587,182326,2026-01-06,15:00:00,5729.81,Dining,POS,Mobile App,Yes,Rajpura,Rajpura,13.4,2465,2,0
503120,186716,2026-03-22,21:48:00,6606.09,Dining,POS,ATM Machine,No,Ahmedabad,Ahmedabad,5.4,249,2,0
503400,172182,2026-04-16,13:32:00,5572.28,Jewellery,ATM,ATM Machine,No,Ahmedabad,Ahmedabad,11.1,1064,3,0
500402,177739,2026-08-05,12:46:00,5090.24,ATM Withdrawal,UPI,Web Browser,No,Ahmedabad,Ahmedabad,4.2,791,0,0
500032,122723,2026-04-24,01:31:00,1047.88,Electronics,ATM,Mobile App,No,Ahmedabad,Ahmedabad,0.8,341,1,0
501484,111206,2026-04-15,08:28:00,6230.5,Jewellery,POS,POS Terminal,Yes,Delhi,Delhi,1.7,2017,2,0
502681,111728,2026-07-19,03:28:00,1189.54,Electronics,POS,USSD,Yes,Rajpura,Rajpura,8.1,450,3,0
500600,164247,2026-04-30,23:44:00,5418.71,Jewellery,UPI,USSD,No,Mumbai,Mumbai,6.4,1906,1,0
503150,110865,2026-03-07,00:13:00,991.04,Jewellery,ONLINE,Web Browser,No,Rajpura,Rajpura,6.6,3789,2,0
505545,121882,2026-02-09,13:46:00,2801.05,Fuel,UPI,ATM Machine,Yes,Rajpura,Rajpura,2.9,2680,0,0
501861,173980,2026-02-03,16:27:00,3684.03,Electronics,UPI,USSD,No,Hyderabad,Hyderabad,9.9,1749,1,0
500566,123674,2026-04-12,09:13:00,2611.14,Jewellery,POS,Mobile App,No,Bengaluru,Bengaluru,5.3,1010,4,0
502214,111570,2026-08-20,15:24:00,3787.02,Jewellery,ONLINE,POS Terminal,No,Ahmedabad,Ahmedabad,4.6,3587,0,0
501967,137087,2026-08-27,09:03:00,683.89,ATM Withdrawal,UPI,Web Browser,No,Bengaluru,Bengaluru,3.1,263,2,0
500866,169811,2026-07-15,02:15:00,2799.45,Dining,POS,POS Terminal,Yes,Jaipur,Jaipur,10.2,3965,2,0
504608,148604,2026-04-19,03:35:00,90753.63,Pharmacy,UPI,Web Browser,No,Chennai,Hyderabad,1197.1,17,5,1
502451,183982,2026-03-19,16:46:00,4134.44,ATM Withdrawal,ATM,USSD,No,Pune,Pune,13.8,841,3,0
505693,188596,2026-06-25,16:24:00,2205.57,Jewellery,ONLINE,Web Browser,Yes,Ahmedabad,Ahmedabad,0.5,1735,3,0
500813,168448,2026-06-28,02:42:00,62170.51,ATM Withdrawal,POS,Web Browser,No,Kolkata,Rajpura,1791.7,45,9,1
501478,139412,2026-06-30,19:48:00,6390.54,Fuel,ONLINE,POS Terminal,No,Ahmedabad,Ahmedabad,11.4,3714,2,0
504735,182746,2026-02-17,07:51:00,4843.66,Electronics,ONLINE,Mobile App,No,Chennai,Chennai,0.1,3682,0,0
502272,131832,2026-08-13,16:37:00,5853.02,Travel,UPI,POS Terminal,No,Mumbai,Mumbai,9.8,601,3,0
501039,143666,2026-01-02,08:46:00,2536.15,Grocery,UPI,Mobile App,No,Rajpura,Rajpura,7.3,1623,0,0
504527,101885,2026-04-16,10:33:00,1036.15,Pharmacy,ONLINE,Mobile App,No,Rajpura,Rajpura,1.0,2215,0,0
500081,194029,2026-01-08,09:59:00,5858.61,Travel,UPI,POS Terminal,Yes,Rajpura,Rajpura,7.5,3037,0,0
501205,165087,2026-05-18,23:52:00,1373.54,Dining,POS,Web Browser,No,Mumbai,Mumbai,2.0,2291,1,0
503286,146822,2026-01-04,07:50:00,810.47,Fuel,NEFT,USSD,Yes,Kolkata,Kolkata,6.2,1067,3,0
501546,159018,2026-07-30,11:18:00,6415.04,ATM Withdrawal,UPI,POS Terminal,Yes,Hyderabad,Hyderabad,4.5,769,3,0
500178,116127,2026-06-29,08:11:00,4658.77,Electronics,NEFT,ATM Machine,No,Pune,Pune,3.2,3939,0,0
502586,155439,2026-05-13,19:54:00,2117.19,E-commerce,ONLINE,USSD,Yes,Mumbai,Mumbai,7.7,3522,2,0
505993,182465,2026-02-20,02:16:00,4847.99,Utility Bill,UPI,Web Browser,No,Ahmedabad,Ahmedabad,4.5,1354,1,0
504864,171834,2026-02-18,00:31:00,2831.12,Grocery,POS,Mobile App,No,Kolkata,Kolkata,9.2,1721,0,0
501439,131894,2026-02-16,08:06:00,3404.73,E-commerce,POS,Web Browser,Yes,Pune,Pune,10.7,48,1,0
500297,184976,2026-04-28,17:55:00,5874.11,ATM Withdrawal,NEFT,USSD,No,Delhi,Delhi,10.0,3047,2,0
503616,144683,2026-04-07,08:38:00,2475.58,Utility Bill,POS,POS Terminal,Yes,Pune,Pune,4.7,1719,2,0
503648,160199,2026-01-01,06:47:00,1793.5,Travel,POS,ATM Machine,No,Ahmedabad,Ahmedabad,3.8,3080,0,0
500158,155702,2026-05-10,01:34:00,4413.96,Jewellery,UPI,Web Browser,Yes,Hyderabad,Hyderabad,1.2,2027,0,0
501028,128060,2026-06-12,18:38:00,6749.31,Electronics,UPI,ATM Machine,No,Jaipur,Jaipur,14.7,2371,1,0
500411,117427,2026-05-21,20:21:00,4285.15,Electronics,POS,ATM Machine,Yes,Rajpura,Rajpura,12.1,1232,2,0
503959,109790,2026-04-24,00:28:00,79077.47,Jewellery,ONLINE,Web Browser,No,Chennai,Rajpura,964.8,33,7,1
505938,157383,2026-06-29,21:20:00,3759.81,Travel,POS,Web Browser,Yes,Hyderabad,Hyderabad,13.0,2730,4,0
504957,116060,2026-01-09,01:26:00,788.73,Travel,UPI,Mobile App,No,Pune,Pune,3.2,854,3,0
504757,157434,2026-07-06,10:50:00,3382.49,Pharmacy,UPI,POS Terminal,No,Delhi,Delhi,14.1,1823,1,0
505448,141033,2026-04-14,18:31:00,2025.56,Dining,UPI,Web Browser,Yes,Rajpura,Rajpura,4.3,3028,1,0
502182,124022,2026-01-30,11:34:00,6062.13,Grocery,ATM,USSD,Yes,Delhi,Delhi,8.7,1899,0,0
505809,148219,2026-07-31,08:53:00,4066.7,Electronics,ONLINE,ATM Machine,No,Rajpura,Rajpura,13.3,2502,3,0
500811,104417,2026-05-16,02:52:00,6192.4,Utility Bill,UPI,ATM Machine,Yes,Rajpura,Rajpura,13.0,3857,0,0
504916,110119,2026-08-26,21:23:00,4067.73,E-commerce,ATM,POS Terminal,Yes,Hyderabad,Hyderabad,4.1,46,3,0
504954,114300,2026-07-30,19:00:00,10439.28,Travel,ONLINE,Mobile App,Yes,Bengaluru,Bengaluru,0.7,3590,2,0
503734,193292,2026-07-10,00:54:00,1217.11,ATM Withdrawal,POS,Mobile App,No,Bengaluru,Bengaluru,11.4,3429,0,0
505164,183619,2026-08-10,08:13:00,2890.2,Utility Bill,UPI,POS Terminal,No,Chennai,Chennai,6.4,3623,1,0
502978,189674,2026-06-07,03:27:00,1370.5,Travel,UPI,Web Browser,Yes,Bengaluru,Bengaluru,10.9,314,0,0
503796,127502,2026-01-19,01:13:00,6393.73,E-commerce,UPI,ATM Machine,No,Pune,Pune,5.6,1211,2,0
502169,193607,2026-05-26,22:21:00,1358.98,Utility Bill,ONLINE,USSD,Yes,Kolkata,Kolkata,12.0,96,1,0
503078,181506,2026-02-08,03:21:00,6496.46,Grocery,UPI,Web Browser,Yes,Delhi,Delhi,5.5,803,2,0
501695,116001,2026-02-14,01:48:00,2154.25,Electronics,UPI,ATM Machine,No,Hyderabad,Hyderabad,6.3,2825,0,0
501025,182187,2026-05-02,18:24:00,3655.23,Jewellery,ATM,ATM Machine,Yes,Delhi,Delhi,4.4,1583,0,0
503947,102333,2026-05-21,17:50:00,6085.2,Grocery,UPI,USSD,No,Hyderabad,Hyderabad,8.0,2616,2,0
502125,174552,2026-01-02,01:32:00,2567.63,Jewellery,UPI,Web Browser,No,Ahmedabad,Ahmedabad,5.5,2237,0,0
505295,192238,2026-08-15,03:47:00,9612.46,Electronics,UPI,ATM Machine,No,Rajpura,Rajpura,1.6,1515,5,0
502705,106890,2026-04-16,13:04:00,2169.62,Grocery,ONLINE,USSD,Yes,Hyderabad,Hyderabad,7.2,1031,3,0
501034,131389,2026-04-23,17:38:00,2289.78,Grocery,ONLINE,Mobile App,Yes,Hyderabad,Hyderabad,0.6,3869,2,0
505872,147178,2026-02-13,23:19:00,4762.06,Travel,ONLINE,USSD,No,Pune,Pune,11.3,2503,2,0
505365,127306,2026-07-26,14:30:00,2435.4,Fuel,UPI,USSD,Yes,Rajpura,Rajpura,8.2,1930,2,0
504160,103106,2026-06-25,23:27:00,194.23,Travel,POS,POS Terminal,Yes,Ahmedabad,Ahmedabad,8.2,3789,0,0
501701,126538,2026-04-02,08:36:00,1362.79,Jewellery,ONLINE,POS Terminal,Yes,Pune,Pune,6.1,687,2,0
502914,122592,2026-06-03,17:14:00,2782.4,Travel,ONLINE,ATM Machine,Yes,Delhi,Delhi,14.2,1382,3,0
504879,167153,2026-04-10,04:32:00,3428.06,Electronics,UPI,POS Terminal,Yes,Ahmedabad,Ahmedabad,0.9,3656,2,0
503321,108505,2026-02-09,18:20:00,1252.26,Grocery,ONLINE,POS Terminal,Yes,Bengaluru,Bengaluru,7.4,2148,0,0
505027,125411,2026-03-09,07:19:00,5955.91,Grocery,ATM,USSD,Yes,Ahmedabad,Ahmedabad,3.3,1980,1,0
502583,129121,2026-06-15,04:35:00,813.77,Pharmacy,ATM,ATM Machine,No,Bengaluru,Bengaluru,12.1,2712,1,0
505284,175997,2026-06-07,23:08:00,5983.34,Fuel,POS,POS Terminal,Yes,Ahmedabad,Ahmedabad,12.0,940,5,0
504251,141820,2026-01-16,00:17:00,1849.48,Grocery,ATM,Mobile App,No,Pune,Pune,0.6,2948,1,0
501187,114240,2026-07-16,07:26:00,2457.2,Jewellery,ONLINE,POS Terminal,Yes,Kolkata,Kolkata,13.0,1514,1,0
503738,152853,2026-02-17,14:43:00,9528.74,Pharmacy,POS,USSD,No,Kolkata,Kolkata,10.1,3383,3,0
500784,112192,2026-05-16,15:18:00,3734.25,Pharmacy,ATM,Mobile App,Yes,Hyderabad,Hyderabad,3.0,2425,1,0
504403,139983,2026-06-04,03:46:00,2921.14,Electronics,UPI,POS Terminal,No,Hyderabad,Hyderabad,8.1,2526,0,0
500051,175989,2026-06-27,02:38:00,1897.23,Pharmacy,ONLINE,USSD,No,Kolkata,Kolkata,9.9,2616,0,0
500713,172774,2026-01-13,08:24:00,3238.19,Travel,POS,Mobile App,Yes,Pune,Pune,7.9,954,1,0
502307,132589,2026-05-14,20:28:00,6966.3,Travel,ONLINE,Mobile App,Yes,Kolkata,Kolkata,2.5,406,1,0
503868,181051,2026-07-20,04:37:00,5097.59,Electronics,ONLINE,ATM Machine,Yes,Bengaluru,Bengaluru,7.7,2100,2,0
502447,177353,2026-04-21,19:48:00,6263.26,ATM Withdrawal,UPI,Mobile App,Yes,Kolkata,Kolkata,1.6,1960,1,0
502241,122360,2026-01-06,01:05:00,67596.77,Jewellery,NEFT,Web Browser,No,Ahmedabad,Hyderabad,1006.3,49,9,1
504604,175649,2026-03-21,09:14:00,4957.09,Electronics,ONLINE,Mobile App,Yes,Hyderabad,Hyderabad,10.6,3309,0,0
504791,119709,2026-05-14,00:04:00,4731.78,Pharmacy,ATM,ATM Machine,Yes,Hyderabad,Hyderabad,12.5,2400,2,0
503104,143881,2026-02-25,01:08:00,57619.51,Dining,ATM,USSD,No,Hyderabad,Jaipur,1920.2,14,4,1
505567,122052,2026-04-17,03:29:00,5196.72,Jewellery,POS,USSD,No,Delhi,Delhi,5.7,973,2,0
500677,158078,2026-03-26,11:09:00,5645.92,E-commerce,POS,Mobile App,No,Rajpura,Rajpura,9.7,2996,0,0
505557,110149,2026-05-18,01:45:00,41486.29,E-commerce,UPI,USSD,No,Chennai,Mumbai,959.7,2,7,1
503640,161971,2026-06-10,10:38:00,692.45,Dining,UPI,POS Terminal,Yes,Pune,Pune,7.4,354,3,0
502695,193493,2026-07-26,17:26:00,2641.81,Pharmacy,NEFT,ATM Machine,Yes,Kolkata,Kolkata,1.7,1425,1,0
502996,163105,2026-05-08,12:31:00,7025.57,Dining,UPI,Mobile App,No,Kolkata,Kolkata,2.3,2159,2,0
501563,124847,2026-05-27,01:55:00,1914.29,ATM Withdrawal,ONLINE,POS Terminal,Yes,Kolkata,Kolkata,1.0,2407,2,0
503650,173750,2026-05-30,23:16:00,5153.36,Utility Bill,ONLINE,USSD,No,Kolkata,Kolkata,14.5,1211,2,0
502466,119548,2026-07-24,04:20:00,1379.01,Fuel,UPI,POS Terminal,No,Ahmedabad,Ahmedabad,8.2,1494,0,0
500347,199137,2026-07-05,18:24:00,3016.94,E-commerce,ONLINE,Web Browser,Yes,Pune,Pune,11.0,2436,5,0
501497,155115,2026-07-03,23:16:00,66628.04,Travel,ATM,USSD,No,Ahmedabad,Bengaluru,1198.4,56,7,1
502345,158753,2026-03-15,03:04:00,3551.63,Utility Bill,POS,USSD,Yes,Chennai,Chennai,6.2,248,1,0
503906,176301,2026-06-22,21:48:00,1333.46,Jewellery,POS,Web Browser,Yes,Bengaluru,Bengaluru,8.5,466,2,0
503659,133487,2026-01-09,13:38:00,3827.93,Travel,POS,Web Browser,Yes,Ahmedabad,Ahmedabad,2.4,1184,2,0
500623,116511,2026-07-06,07:27:00,2818.32,Utility Bill,UPI,Mobile App,Yes,Rajpura,Rajpura,0.3,3633,2,0
504097,153616,2026-03-03,07:16:00,1303.14,Grocery,POS,Web Browser,Yes,Jaipur,Jaipur,8.4,999,1,0
501401,185460,2026-01-28,21:01:00,1745.71,Utility Bill,POS,Web Browser,No,Ahmedabad,Ahmedabad,6.9,1559,2,0
503298,190759,2026-07-17,07:37:00,8283.03,Fuel,POS,Mobile App,Yes,Chennai,Chennai,1.2,920,1,0
503986,133973,2026-02-12,00:12:00,31217.69,Grocery,POS,USSD,No,Ahmedabad,Pune,736.0,27,5,1
505182,176765,2026-08-09,12:48:00,4658.41,E-commerce,ONLINE,ATM Machine,Yes,Kolkata,Kolkata,13.8,1939,1,0
504618,159816,2026-03-22,08:53:00,3972.26,Fuel,POS,ATM Machine,No,Delhi,Delhi,10.9,89,0,0
500325,197514,2026-04-24,22:56:00,1920.35,Dining,ONLINE,POS Terminal,No,Jaipur,Jaipur,13.6,499,2,0
502998,134767,2026-07-28,15:40:00,912.08,Jewellery,NEFT,Web Browser,No,Rajpura,Rajpura,4.5,2561,1,0
500038,182762,2026-06-05,17:39:00,10766.06,Electronics,UPI,Mobile App,No,Chennai,Chennai,11.4,3686,5,0
505375,174230,2026-02-07,18:41:00,4343.35,Travel,POS,USSD,No,Hyderabad,Hyderabad,2.8,1080,0,0
504185,105570,2026-06-22,02:26:00,4831.52,E-commerce,UPI,ATM Machine,No,Rajpura,Rajpura,5.6,3276,2,0
500531,159855,2026-07-26,08:55:00,1032.55,Dining,ONLINE,Web Browser,Yes,Mumbai,Mumbai,12.6,3969,4,0
502643,120307,2026-05-23,17:42:00,4051.94,Fuel,UPI,POS Terminal,Yes,Jaipur,Jaipur,11.6,1150,1,0
503681,170946,2026-05-01,22:21:00,4635.02,Fuel,UPI,Mobile App,No,Mumbai,Mumbai,6.2,2537,0,0
502349,120146,2026-02-12,20:14:00,1890.36,E-commerce,ONLINE,POS Terminal,Yes,Ahmedabad,Ahmedabad,8.6,2531,0,0
502785,191159,2026-02-01,03:11:00,2913.12,Grocery,POS,ATM Machine,No,Bengaluru,Bengaluru,11.3,2222,1,0
505493,117692,2026-06-21,16:41:00,4165.4,Pharmacy,NEFT,Web Browser,Yes,Mumbai,Mumbai,0.1,120,0,0
502226,161966,2026-07-05,16:40:00,1113.5,ATM Withdrawal,NEFT,USSD,No,Ahmedabad,Ahmedabad,2.3,462,1,0
501074,152508,2026-07-05,02:10:00,8492.93,Jewellery,POS,Mobile App,Yes,Bengaluru,Bengaluru,9.4,3669,3,0
501198,198179,2026-03-10,02:33:00,3193.13,ATM Withdrawal,ONLINE,POS Terminal,No,Jaipur,Jaipur,14.9,167,2,0
505139,108039,2026-07-28,04:26:00,5730.69,Fuel,ATM,Mobile App,No,Pune,Pune,10.3,1560,2,0
500264,192511,2026-08-18,15:26:00,3957.14,ATM Withdrawal,ONLINE,ATM Machine,Yes,Jaipur,Jaipur,14.1,3277,1,0
501730,110461,2026-04-15,12:36:00,1400.38,Utility Bill,ONLINE,Mobile App,No,Jaipur,Jaipur,1.3,2675,3,0
505329,118319,2026-03-06,20:56:00,1579.75,Dining,UPI,POS Terminal,Yes,Mumbai,Mumbai,2.8,88,0,0
500908,117312,2026-03-09,06:51:00,5901.76,Grocery,ONLINE,POS Terminal,No,Mumbai,Mumbai,7.8,680,3,0
501336,199873,2026-03-26,11:08:00,4395.83,Jewellery,ONLINE,USSD,Yes,Delhi,Delhi,13.4,1949,3,0
501394,174231,2026-08-17,08:06:00,26730.48,ATM Withdrawal,UPI,Web Browser,Yes,Bengaluru,Bengaluru,6.0,731,1,0
500961,115344,2026-07-25,16:10:00,1123.07,Utility Bill,ATM,Mobile App,Yes,Bengaluru,Bengaluru,2.6,2121,1,0
500240,162730,2026-05-23,00:13:00,6414.95,Utility Bill,UPI,Web Browser,Yes,Bengaluru,Bengaluru,6.1,1037,2,0
500200,196188,2026-06-17,03:09:00,408.44,ATM Withdrawal,ONLINE,Web Browser,Yes,Delhi,Delhi,7.6,2648,2,0
502418,126018,2026-06-04,04:34:00,728.63,E-commerce,POS,Mobile App,No,Kolkata,Kolkata,9.0,3036,1,0
505470,127204,2026-02-20,18:38:00,734.69,Grocery,ONLINE,USSD,No,Delhi,Delhi,1.9,3044,3,0
504311,151940,2026-07-01,07:46:00,1368.45,Utility Bill,ATM,POS Terminal,No,Chennai,Chennai,1.2,3235,3,0
504715,102802,2026-03-17,19:03:00,1650.78,Pharmacy,POS,POS Terminal,Yes,Chennai,Chennai,9.1,2204,1,0
505791,173312,2026-05-20,12:33:00,6207.26,Utility Bill,POS,POS Terminal,No,Hyderabad,Hyderabad,11.6,3071,2,0
500326,123021,2026-08-05,08:33:00,1426.4,Grocery,POS,USSD,Yes,Delhi,Delhi,2.7,3128,1,0
502678,187813,2026-08-13,03:24:00,3128.35,E-commerce,ONLINE,Mobile App,No,Pune,Pune,1.3,1279,0,0
505824,114918,2026-08-15,12:35:00,4820.45,Jewellery,UPI,ATM Machine,Yes,Delhi,Delhi,6.2,3592,4,0
504419,171287,2026-06-06,06:55:00,11984.8,ATM Withdrawal,POS,POS Terminal,No,Ahmedabad,Ahmedabad,2.9,2822,0,0
500102,119990,2026-03-31,10:04:00,2124.07,Jewellery,ATM,POS Terminal,Yes,Rajpura,Rajpura,13.2,1965,3,0
501738,109986,2026-04-11,15:24:00,9135.74,Fuel,POS,USSD,Yes,Hyderabad,Hyderabad,3.3,2981,2,0
505262,108242,2026-08-26,12:24:00,923.16,Jewellery,ONLINE,Mobile App,No,Kolkata,Kolkata,1.5,3702,2,0
500878,174518,2026-06-21,20:24:00,2669.17,Jewellery,ONLINE,USSD,Yes,Mumbai,Mumbai,11.3,58,5,0
505893,112535,2026-03-18,22:15:00,880.18,Fuel,UPI,Web Browser,Yes,Delhi,Delhi,8.1,1701,1,0
500409,193436,2026-08-27,06:59:00,3824.42,Electronics,UPI,ATM Machine,Yes,Pune,Pune,6.7,2820,1,0
503746,198561,2026-08-18,06:19:00,8731.59,Jewellery,POS,ATM Machine,Yes,Hyderabad,Hyderabad,6.2,2118,5,0
501245,187499,2026-07-12,05:38:00,3605.31,Travel,UPI,Web Browser,No,Ahmedabad,Ahmedabad,2.5,93,2,0
502288,182122,2026-01-12,02:18:00,4026.08,Electronics,ONLINE,POS Terminal,Yes,Chennai,Chennai,14.1,3314,0,0
501355,121948,2026-02-10,23:08:00,1988.86,Jewellery,UPI,ATM Machine,Yes,Jaipur,Jaipur,13.6,3792,2,0
502858,177986,2026-04-01,14:21:00,5296.59,Dining,ONLINE,Mobile App,Yes,Bengaluru,Bengaluru,8.2,995,3,0
500894,198019,2026-07-24,16:50:00,4201.8,Travel,NEFT,ATM Machine,Yes,Hyderabad,Hyderabad,10.4,832,2,0
501182,192745,2026-06-10,06:28:00,754.77,Fuel,POS,Mobile App,Yes,Rajpura,Rajpura,7.9,261,2,0
504656,119811,2026-04-21,13:12:00,1609.61,Electronics,UPI,POS Terminal,No,Jaipur,Jaipur,14.3,1099,1,0
505323,168964,2026-05-25,03:14:00,61666.86,Grocery,POS,Web Browser,No,Pune,Hyderabad,706.3,16,8,1
503699,128958,2026-06-01,01:14:00,5738.77,ATM Withdrawal,ONLINE,Mobile App,No,Ahmedabad,Ahmedabad,0.7,2824,1,0
504467,179909,2026-01-17,07:24:00,1761.05,Travel,POS,Web Browser,Yes,Chennai,Chennai,6.2,2947,1,0
504326,139273,2026-05-13,05:34:00,1225.74,ATM Withdrawal,ONLINE,USSD,Yes,Delhi,Delhi,11.1,3893,1,0
500731,172880,2026-01-08,21:44:00,4198.04,Pharmacy,NEFT,POS Terminal,Yes,Hyderabad,Hyderabad,6.6,3897,4,0
501033,173077,2026-02-22,15:41:00,5451.8,E-commerce,ATM,ATM Machine,Yes,Jaipur,Jaipur,11.5,245,1,0
503067,182926,2026-03-13,16:07:00,2895.84,Grocery,NEFT,ATM Machine,No,Rajpura,Rajpura,13.1,1216,1,0
505659,152206,2026-06-25,17:52:00,7493.43,E-commerce,NEFT,POS Terminal,Yes,Pune,Pune,11.1,1816,0,0
504897,185049,2026-04-25,07:42:00,5699.12,Fuel,ATM,USSD,No,Ahmedabad,Ahmedabad,5.2,3164,0,0
500978,157245,2026-03-29,00:45:00,899.58,Electronics,ONLINE,Web Browser,No,Bengaluru,Bengaluru,2.5,3633,3,0
504970,181572,2026-03-21,00:04:00,82992.25,Dining,ONLINE,USSD,No,Rajpura,Jaipur,512.2,21,2,1
502623,110392,2026-04-09,13:09:00,1409.6,Fuel,ATM,Mobile App,Yes,Rajpura,Rajpura,7.7,2806,2,0
501226,196980,2026-01-14,12:29:00,6886.57,Grocery,UPI,ATM Machine,Yes,Hyderabad,Hyderabad,10.4,2798,1,0
501210,196320,2026-05-07,17:25:00,4267.78,Dining,POS,ATM Machine,No,Jaipur,Jaipur,5.4,1645,1,0
505481,198982,2026-03-07,09:43:00,1247.07,Pharmacy,ONLINE,Mobile App,Yes,Bengaluru,Bengaluru,0.2,1049,0,0
500587,168937,2026-02-03,22:22:00,949.55,Electronics,ONLINE,Mobile App,No,Pune,Pune,0.9,3353,1,0
505455,130783,2026-07-15,16:30:00,1818.08,Fuel,ATM,ATM Machine,Yes,Jaipur,Jaipur,11.3,2797,1,0
502821,154078,2026-03-03,19:50:00,3926.63,E-commerce,UPI,USSD,No,Kolkata,Kolkata,7.2,3709,3,0
505756,140130,2026-06-22,16:43:00,3959.8,E-commerce,POS,POS Terminal,Yes,Delhi,Delhi,12.3,55,0,0
502719,157973,2026-02-20,07:36:00,7063.32,Grocery,ATM,USSD,Yes,Hyderabad,Hyderabad,7.0,2846,0,0
505625,120788,2026-07-21,08:33:00,4347.61,Pharmacy,ONLINE,ATM Machine,No,Hyderabad,Hyderabad,2.9,3859,0,0
501761,138467,2026-02-11,23:48:00,5669.56,Travel,POS,Web Browser,Yes,Chennai,Chennai,11.0,2230,1,0
503050,170815,2026-08-09,04:50:00,4370.39,Fuel,POS,POS Terminal,Yes,Ahmedabad,Ahmedabad,7.0,163,0,0
501870,177234,2026-07-03,15:13:00,1122.63,Pharmacy,ONLINE,USSD,Yes,Kolkata,Kolkata,9.1,479,0,0
501545,123071,2026-07-01,21:28:00,2028.29,Fuel,ONLINE,Mobile App,No,Kolkata,Kolkata,14.2,3128,2,0
500473,143207,2026-02-14,14:28:00,4207.47,E-commerce,POS,Mobile App,Yes,Kolkata,Kolkata,11.2,76,2,0
505240,190214,2026-06-21,17:17:00,7530.64,Dining,POS,POS Terminal,No,Mumbai,Mumbai,8.9,2422,2,0
501159,138421,2026-06-01,00:16:00,1604.68,Electronics,ONLINE,Mobile App,Yes,Delhi,Delhi,2.9,3739,1,0
500133,109056,2026-01-17,07:31:00,10430.51,Grocery,ONLINE,Web Browser,No,Jaipur,Jaipur,6.3,700,2,0
501537,115355,2026-03-31,11:33:00,2363.08,Utility Bill,UPI,Mobile App,No,Bengaluru,Bengaluru,13.7,3575,2,0
502489,152515,2026-01-23,00:29:00,4463.61,Dining,UPI,Mobile App,Yes,Pune,Pune,10.5,243,2,0
501633,109110,2026-02-26,18:08:00,311.86,Utility Bill,UPI,USSD,Yes,Jaipur,Jaipur,5.0,3298,1,0
501322,127482,2026-08-18,07:07:00,391.9,Jewellery,UPI,Mobile App,No,Bengaluru,Bengaluru,6.0,1423,1,0
505428,113949,2026-05-30,17:19:00,7555.06,Fuel,ONLINE,ATM Machine,Yes,Hyderabad,Hyderabad,12.9,421,1,0
501189,156651,2026-04-30,23:53:00,1589.63,Grocery,ONLINE,ATM Machine,No,Bengaluru,Bengaluru,4.8,2561,1,0
504379,116601,2026-05-27,09:55:00,1600.01,Dining,UPI,ATM Machine,No,Chennai,Chennai,7.3,1603,0,0
503972,192666,2026-08-15,04:13:00,354.31,ATM Withdrawal,ONLINE,POS Terminal,No,Chennai,Chennai,4.8,2534,2,0
504817,187264,2026-01-15,20:13:00,6518.01,Travel,UPI,Mobile App,No,Ahmedabad,Ahmedabad,1.3,3722,2,0
500682,113740,2026-03-12,20:28:00,2320.18,Travel,POS,ATM Machine,No,Chennai,Chennai,10.0,2165,0,0
501778,116286,2026-07-13,14:12:00,4817.14,Pharmacy,ONLINE,ATM Machine,Yes,Jaipur,Jaipur,5.3,992,2,0
504406,189471,2026-02-13,06:21:00,2458.84,E-commerce,UPI,ATM Machine,No,Delhi,Delhi,6.4,563,3,0
504601,198813,2026-07-11,23:25:00,4801.69,ATM Withdrawal,POS,ATM Machine,Yes,Ahmedabad,Ahmedabad,12.3,3205,0,0
504563,102052,2026-05-31,01:57:00,5159.36,ATM Withdrawal,UPI,ATM Machine,Yes,Chennai,Chennai,12.1,2869,0,0
502903,186300,2026-01-13,15:31:00,3801.9,Utility Bill,UPI,Mobile App,Yes,Pune,Pune,2.2,1345,3,0
505687,175863,2026-05-20,21:54:00,4149.77,E-commerce,ONLINE,Web Browser,Yes,Hyderabad,Hyderabad,2.1,1552,0,0
503552,152211,2026-01-13,10:23:00,9755.93,Travel,ONLINE,ATM Machine,Yes,Mumbai,Mumbai,8.7,240,1,0
505643,167491,2026-04-12,02:27:00,2419.45,Jewellery,ONLINE,Mobile App,No,Chennai,Chennai,5.2,2969,3,0
501375,188738,2026-01-13,19:43:00,2379.37,Pharmacy,POS,USSD,No,Chennai,Chennai,3.9,227,1,0
501946,111895,2026-07-18,05:31:00,1612.45,ATM Withdrawal,ONLINE,Mobile App,No,Pune,Pune,2.9,3878,1,0
500169,133428,2026-08-06,22:50:00,2974.4,E-commerce,UPI,ATM Machine,No,Rajpura,Rajpura,8.2,1062,0,0
504072,178281,2026-03-26,20:50:00,953.97,ATM Withdrawal,UPI,ATM Machine,No,Delhi,Delhi,6.9,1751,1,0
504748,125085,2026-03-06,09:09:00,5577.13,Pharmacy,ONLINE,POS Terminal,Yes,Pune,Pune,12.7,1711,2,0
500502,165192,2026-01-11,23:42:00,24513.29,Jewellery,ATM,Web Browser,No,Jaipur,Pune,779.8,7,4,1
501804,125943,2026-07-15,12:05:00,563.36,Grocery,ONLINE,ATM Machine,Yes,Rajpura,Rajpura,10.2,1736,2,0
500882,185112,2026-03-13,11:17:00,756.31,Jewellery,UPI,Web Browser,No,Bengaluru,Bengaluru,12.3,528,2,0
500707,100785,2026-05-14,09:35:00,3440.92,Pharmacy,UPI,Mobile App,Yes,Mumbai,Mumbai,1.5,779,3,0
503367,162094,2026-06-20,12:12:00,3221.88,Dining,ATM,Mobile App,No,Chennai,Chennai,13.8,962,2,0
502324,165225,2026-03-06,10:59:00,7931.0,ATM Withdrawal,POS,Mobile App,No,Bengaluru,Bengaluru,2.6,1170,1,0
502894,191243,2026-03-19,15:18:00,1207.27,Pharmacy,ONLINE,POS Terminal,No,Chennai,Chennai,5.4,37,5,0
503817,145187,2026-06-25,00:18:00,850.35,Electronics,ONLINE,Web Browser,Yes,Bengaluru,Bengaluru,14.0,2455,1,0
502560,158932,2026-05-16,17:03:00,7844.08,Grocery,UPI,Mobile App,No,Ahmedabad,Ahmedabad,13.3,1660,2,0
500231,146320,2026-03-13,01:06:00,970.44,Grocery,POS,USSD,No,Kolkata,Kolkata,6.3,1359,3,0
505092,137527,2026-02-03,23:15:00,23051.34,E-commerce,ATM,USSD,No,Bengaluru,Hyderabad,1770.1,23,12,1
501555,145781,2026-05-15,01:05:00,2192.56,Utility Bill,POS,USSD,No,Hyderabad,Hyderabad,13.5,2313,3,0
504240,124024,2026-06-02,17:57:00,2716.97,Fuel,POS,ATM Machine,Yes,Pune,Pune,4.4,3742,1,0
505095,144429,2026-01-24,21:35:00,5500.39,Pharmacy,POS,Mobile App,Yes,Ahmedabad,Ahmedabad,6.9,3409,0,0
504787,156117,2026-06-07,01:23:00,4480.58,Jewellery,ONLINE,Web Browser,No,Mumbai,Mumbai,0.2,553,0,0
503602,161032,2026-08-14,23:55:00,40253.18,Dining,ONLINE,USSD,No,Kolkata,Pune,1451.1,58,13,1
505218,166604,2026-04-01,06:02:00,11073.86,Dining,POS,Web Browser,Yes,Kolkata,Kolkata,1.6,1296,1,0
505076,137727,2026-01-28,22:44:00,7307.63,Fuel,UPI,ATM Machine,Yes,Hyderabad,Hyderabad,11.5,3451,4,0
500018,112811,2026-06-20,18:15:00,5190.19,Fuel,ONLINE,USSD,Yes,Mumbai,Mumbai,4.0,3516,1,0
505176,116599,2026-06-15,10:45:00,1076.61,E-commerce,POS,Mobile App,Yes,Bengaluru,Bengaluru,5.6,2922,1,0
502869,186034,2026-01-28,21:01:00,1416.26,Utility Bill,UPI,Mobile App,No,Ahmedabad,Ahmedabad,7.8,1555,1,0
501655,115625,2026-05-08,15:37:00,2318.52,ATM Withdrawal,POS,ATM Machine,No,Delhi,Delhi,6.8,232,1,0
501130,164914,2026-05-13,10:14:00,6274.6,E-commerce,ONLINE,Web Browser,Yes,Jaipur,Jaipur,7.8,3223,2,0
502330,114686,2026-03-26,22:47:00,2520.92,ATM Withdrawal,ONLINE,POS Terminal,No,Hyderabad,Hyderabad,13.1,1050,2,0
501091,150289,2026-08-03,01:54:00,1299.21,Pharmacy,UPI,USSD,No,Hyderabad,Hyderabad,4.0,1087,2,0
505604,149245,2026-02-01,06:03:00,2066.42,Pharmacy,ONLINE,Mobile App,Yes,Hyderabad,Hyderabad,5.9,3841,1,0
504459,111649,2026-07-21,10:11:00,4465.67,Electronics,ONLINE,USSD,No,Mumbai,Mumbai,12.9,2097,2,0
501499,146722,2026-07-04,02:17:00,1172.46,Grocery,POS,ATM Machine,Yes,Pune,Pune,14.0,1553,2,0
503034,111072,2026-07-12,20:13:00,2103.27,Utility Bill,ONLINE,Web Browser,Yes,Kolkata,Kolkata,14.4,3866,0,0
501882,126453,2026-04-09,16:54:00,4126.82,Utility Bill,NEFT,Web Browser,Yes,Mumbai,Mumbai,7.9,2565,0,0
502663,114975,2026-03-07,01:45:00,4043.07,E-commerce,UPI,Mobile App,Yes,Hyderabad,Hyderabad,11.8,742,0,0
505114,102503,2026-03-27,16:45:00,2135.01,Utility Bill,UPI,USSD,Yes,Chennai,Chennai,6.7,2581,2,0
503414,109380,2026-07-30,04:13:00,3806.94,Grocery,NEFT,USSD,Yes,Mumbai,Mumbai,5.4,434,1,0
500697,172184,2026-04-01,12:29:00,1413.42,Electronics,ONLINE,POS Terminal,No,Rajpura,Rajpura,0.7,2651,0,0
504424,145534,2026-05-03,23:32:00,5766.51,Fuel,ONLINE,Mobile App,No,Bengaluru,Bengaluru,8.5,2659,1,0
503485,140762,2026-08-21,14:43:00,1854.76,Pharmacy,POS,Mobile App,Yes,Kolkata,Kolkata,13.2,2438,2,0
500536,115361,2026-04-10,02:48:00,71785.26,Grocery,ONLINE,Web Browser,No,Ahmedabad,Delhi,779.8,57,6,1
502628,100461,2026-01-04,14:43:00,3937.54,ATM Withdrawal,POS,Web Browser,Yes,Rajpura,Rajpura,1.6,1076,2,0
503164,131434,2026-08-24,20:56:00,1492.92,Dining,ATM,Web Browser,Yes,Ahmedabad,Ahmedabad,2.0,2680,1,0
503493,137157,2026-04-19,00:25:00,962.87,Electronics,ONLINE,POS Terminal,No,Pune,Pune,11.0,1975,1,0
503654,151568,2026-04-23,18:11:00,995.83,E-commerce,ONLINE,Mobile App,Yes,Delhi,Delhi,12.5,516,3,0
502595,130568,2026-01-02,00:04:00,5201.88,Jewellery,UPI,ATM Machine,No,Delhi,Delhi,11.6,3681,2,0
505718,174778,2026-01-24,06:43:00,1630.52,Travel,ONLINE,ATM Machine,Yes,Pune,Pune,10.4,606,2,0
505511,140575,2026-01-19,21:14:00,1914.25,Fuel,ONLINE,POS Terminal,Yes,Chennai,Chennai,11.1,3472,3,0
501048,160083,2026-06-17,05:35:00,3050.21,Electronics,POS,POS Terminal,Yes,Chennai,Chennai,1.4,1393,1,0
505685,154389,2026-08-23,08:05:00,1472.35,Pharmacy,ATM,POS Terminal,Yes,Hyderabad,Hyderabad,5.2,71,4,0
505019,178060,2026-01-08,12:18:00,2860.56,Grocery,ATM,Web Browser,No,Delhi,Delhi,10.5,1675,0,0
500015,171747,2026-01-26,23:16:00,2667.05,Travel,POS,Mobile App,No,Pune,Pune,6.2,3699,3,0
503743,193866,2026-01-26,23:36:00,4351.41,Fuel,UPI,Web Browser,No,Pune,Pune,3.9,3788,1,0
504308,179921,2026-05-13,21:10:00,1695.82,Utility Bill,UPI,POS Terminal,Yes,Bengaluru,Bengaluru,9.3,2364,0,0
505874,132158,2026-03-01,05:08:00,2565.72,E-commerce,ATM,Web Browser,No,Bengaluru,Bengaluru,1.8,3331,1,0
502348,175232,2026-04-08,01:20:00,79787.9,ATM Withdrawal,ONLINE,Web Browser,No,Bengaluru,Rajpura,238.7,46,7,1
505691,137059,2026-05-21,00:40:00,3406.44,E-commerce,ATM,Mobile App,No,Delhi,Delhi,13.1,1234,0,0
501565,155692,2026-04-07,13:04:00,2097.69,Grocery,UPI,POS Terminal,Yes,Bengaluru,Bengaluru,10.7,3280,1,0
505620,116575,2026-05-30,21:33:00,5086.42,Pharmacy,ONLINE,Mobile App,No,Ahmedabad,Ahmedabad,4.2,1417,2,0
501865,183519,2026-04-15,22:27:00,4160.6,Fuel,ATM,POS Terminal,Yes,Bengaluru,Bengaluru,9.5,1952,0,0
503095,190988,2026-03-22,06:05:00,3256.07,Utility Bill,POS,Web Browser,Yes,Bengaluru,Bengaluru,10.2,713,2,0
500066,132582,2026-05-22,02:05:00,4712.14,Travel,POS,Mobile App,No,Bengaluru,Bengaluru,14.5,2624,0,0
503404,198417,2026-05-09,12:40:00,3089.87,Travel,POS,POS Terminal,Yes,Kolkata,Kolkata,7.5,1555,2,0
505410,170955,2026-07-05,11:37:00,6297.35,Pharmacy,UPI,Mobile App,Yes,Pune,Pune,9.0,2171,1,0
505855,141175,2026-01-17,17:59:00,4075.89,Electronics,UPI,POS Terminal,No,Ahmedabad,Ahmedabad,14.9,445,2,0
502411,153051,2026-05-17,23:38:00,2106.19,Jewellery,ONLINE,ATM Machine,No,Jaipur,Jaipur,2.5,2718,0,0
505770,154839,2026-04-06,11:57:00,1179.21,Jewellery,UPI,ATM Machine,Yes,Kolkata,Kolkata,13.8,762,1,0
502842,170483,2026-07-10,02:16:00,6188.43,ATM Withdrawal,UPI,Mobile App,No,Chennai,Chennai,6.9,2637,2,0
502009,178762,2026-01-17,03:04:00,66894.69,Dining,ATM,Web Browser,No,Chennai,Mumbai,1134.4,55,5,1
501273,193155,2026-05-26,11:18:00,10003.31,E-commerce,ONLINE,USSD,Yes,Pune,Pune,7.9,3561,1,0
504946,172331,2026-02-25,09:00:00,7359.12,Fuel,POS,POS Terminal,Yes,Jaipur,Jaipur,12.3,3209,4,0
501895,113409,2026-08-09,22:53:00,1525.23,Dining,ONLINE,Mobile App,No,Ahmedabad,Ahmedabad,2.2,433,2,0
504318,141417,2026-06-15,05:50:00,2486.33,ATM Withdrawal,NEFT,ATM Machine,No,Kolkata,Kolkata,9.0,117,0,0
501972,192065,2026-05-24,15:50:00,1892.49,Fuel,POS,Mobile App,Yes,Mumbai,Mumbai,8.5,2180,2,0
504096,154698,2026-08-13,23:35:00,1511.73,Pharmacy,NEFT,Mobile App,No,Rajpura,Rajpura,12.2,2116,0,0
500089,176783,2026-02-14,18:04:00,2336.19,Pharmacy,ONLINE,POS Terminal,No,Chennai,Chennai,10.9,3279,1,0
503091,134335,2026-02-06,02:32:00,64332.22,Electronics,POS,USSD,No,Pune,Ahmedabad,347.7,47,9,1
504884,116038,2026-07-12,07:59:00,5079.01,E-commerce,POS,Web Browser,Yes,Rajpura,Rajpura,8.1,3018,2,0
501500,184119,2026-04-05,16:54:00,2412.52,Grocery,NEFT,Web Browser,Yes,Bengaluru,Bengaluru,11.6,2321,2,0
502900,120186,2026-01-22,11:34:00,668.4,E-commerce,POS,Mobile App,No,Mumbai,Mumbai,1.1,558,2,0
501408,187430,2026-07-18,02:26:00,3790.32,ATM Withdrawal,UPI,ATM Machine,Yes,Hyderabad,Hyderabad,14.5,2063,5,0
503460,139643,2026-04-09,03:19:00,5407.97,Grocery,NEFT,Web Browser,Yes,Kolkata,Kolkata,13.7,2630,4,0
503671,114404,2026-01-20,10:39:00,1834.18,Jewellery,POS,Mobile App,Yes,Hyderabad,Hyderabad,7.3,1817,0,0
504699,130082,2026-03-21,00:18:00,1042.56,Grocery,UPI,Web Browser,Yes,Ahmedabad,Ahmedabad,0.3,1240,0,0
505778,110830,2026-03-10,18:08:00,3144.55,Dining,POS,POS Terminal,Yes,Rajpura,Rajpura,7.0,2956,1,0
504504,177185,2026-02-04,03:10:00,2186.2,Dining,ONLINE,USSD,Yes,Mumbai,Mumbai,7.9,3785,3,0
500764,193613,2026-05-25,20:58:00,2494.81,Travel,ONLINE,POS Terminal,Yes,Rajpura,Rajpura,6.5,2147,0,0
501663,118524,2026-08-14,13:41:00,2021.59,Jewellery,NEFT,Web Browser,Yes,Kolkata,Kolkata,10.4,852,2,0
500421,192749,2026-01-01,12:26:00,1928.62,Utility Bill,UPI,ATM Machine,No,Hyderabad,Hyderabad,6.0,1207,2,0
503015,148984,2026-01-23,16:08:00,3620.11,Fuel,ONLINE,USSD,No,Rajpura,Rajpura,0.4,1352,1,0
502585,135042,2026-03-06,03:48:00,1227.38,Jewellery,ONLINE,Web Browser,Yes,Delhi,Delhi,6.8,1780,2,0
500374,137365,2026-04-13,17:57:00,2095.77,Dining,POS,POS Terminal,No,Ahmedabad,Ahmedabad,8.8,2198,0,0
505032,183663,2026-03-08,02:31:00,75057.83,Travel,ONLINE,Web Browser,No,Jaipur,Pune,1021.7,21,1,1
504535,102981,2026-03-10,23:04:00,523.01,Electronics,POS,Mobile App,No,Rajpura,Rajpura,6.3,3525,2,0
502374,139850,2026-07-05,06:48:00,1905.19,Electronics,ATM,Web Browser,No,Delhi,Delhi,2.3,1741,2,0
502768,199353,2026-08-02,01:47:00,1932.04,ATM Withdrawal,ATM,ATM Machine,Yes,Kolkata,Kolkata,5.0,3688,2,0
503362,174476,2026-03-27,23:03:00,3745.55,Travel,ATM,Web Browser,No,Jaipur,Jaipur,1.8,179,2,0
501833,158859,2026-06-27,22:17:00,6845.08,Utility Bill,UPI,ATM Machine,Yes,Kolkata,Kolkata,2.2,2673,0,0
501621,126498,2026-04-27,18:06:00,4354.47,Electronics,POS,Mobile App,Yes,Jaipur,Jaipur,7.5,3667,2,0
503276,192333,2026-04-17,22:06:00,2920.19,Electronics,UPI,Mobile App,Yes,Hyderabad,Hyderabad,5.0,2024,1,0
500539,154027,2026-02-28,04:20:00,686.53,Utility Bill,UPI,POS Terminal,No,Chennai,Chennai,3.1,3078,1,0
503551,143999,2026-05-10,21:23:00,7207.36,Jewellery,POS,USSD,Yes,Ahmedabad,Ahmedabad,0.8,1198,0,0
500756,143789,2026-01-23,21:39:00,7002.26,Utility Bill,ONLINE,Mobile App,Yes,Jaipur,Jaipur,2.2,2721,1,0
503607,132743,2026-05-20,16:54:00,1213.42,Electronics,ATM,POS Terminal,Yes,Chennai,Chennai,6.1,3386,1,0
500535,157740,2026-08-24,03:54:00,355.51,Travel,ONLINE,USSD,Yes,Jaipur,Jaipur,13.8,2807,2,0
501449,173924,2026-04-03,07:49:00,3041.46,ATM Withdrawal,POS,ATM Machine,No,Ahmedabad,Ahmedabad,2.5,336,2,0
500916,145855,2026-08-21,17:09:00,3664.48,Travel,ONLINE,ATM Machine,No,Jaipur,Jaipur,5.3,3714,1,0
503128,190859,2026-03-05,10:23:00,1424.32,Grocery,UPI,Web Browser,Yes,Rajpura,Rajpura,3.3,2738,1,0
504940,133858,2026-01-27,08:58:00,800.1,Fuel,UPI,Web Browser,Yes,Mumbai,Mumbai,6.6,2627,0,0
505418,117038,2026-08-09,00:27:00,3621.2,Utility Bill,ONLINE,USSD,No,Mumbai,Mumbai,8.2,3318,0,0
500182,115231,2026-04-13,01:50:00,4143.34,Jewellery,NEFT,USSD,Yes,Rajpura,Rajpura,10.8,791,3,0
501770,119674,2026-07-14,22:32:00,4288.03,Pharmacy,POS,Web Browser,Yes,Jaipur,Jaipur,2.6,1253,0,0
504610,143613,2026-02-16,18:01:00,618.11,Grocery,UPI,USSD,No,Mumbai,Mumbai,5.0,3744,1,0
502830,112693,2026-05-08,15:28:00,8794.85,Jewellery,POS,Web Browser,No,Bengaluru,Bengaluru,9.3,1697,2,0
503314,122468,2026-08-01,19:27:00,868.74,Electronics,POS,Web Browser,Yes,Rajpura,Rajpura,14.5,1427,1,0
505458,139345,2026-06-06,03:15:00,3633.92,E-commerce,ATM,ATM Machine,No,Jaipur,Jaipur,6.5,1629,2,0
501193,117028,2026-07-11,18:21:00,2938.42,Dining,POS,Web Browser,Yes,Pune,Pune,11.7,1271,1,0
504082,128480,2026-06-22,04:55:00,4007.33,E-commerce,ATM,ATM Machine,Yes,Bengaluru,Bengaluru,5.4,2229,0,0
502128,162547,2026-08-26,01:17:00,1556.21,Grocery,UPI,POS Terminal,Yes,Pune,Pune,11.4,3914,0,0
505396,103214,2026-03-02,08:05:00,6270.31,Grocery,POS,USSD,Yes,Jaipur,Jaipur,10.1,1897,3,0
500477,184697,2026-04-20,02:37:00,9170.0,Grocery,ONLINE,POS Terminal,Yes,Bengaluru,Bengaluru,7.9,3621,1,0
504921,197643,2026-04-05,00:52:00,1663.86,Fuel,POS,ATM Machine,No,Hyderabad,Hyderabad,12.6,3206,3,0
501324,188654,2026-03-27,21:48:00,1556.95,Travel,UPI,Web Browser,No,Jaipur,Jaipur,5.6,1571,2,0
500260,158763,2026-06-16,00:30:00,80435.98,Dining,ONLINE,Web Browser,No,Jaipur,Bengaluru,1280.3,26,6,1
500280,108272,2026-03-13,10:43:00,2021.77,ATM Withdrawal,ATM,ATM Machine,Yes,Chennai,Chennai,3.7,756,1,0
500562,104347,2026-04-28,18:33:00,707.55,Travel,UPI,Mobile App,Yes,Hyderabad,Hyderabad,10.6,3045,1,0
504285,112183,2026-02-20,08:07:00,4185.66,ATM Withdrawal,UPI,POS Terminal,No,Pune,Pune,9.7,3007,1,0
500199,133894,2026-03-31,09:11:00,5582.19,E-commerce,POS,POS Terminal,No,Delhi,Delhi,11.8,1572,4,0
503930,173976,2026-02-06,03:27:00,2955.22,Grocery,NEFT,Mobile App,No,Bengaluru,Bengaluru,7.0,2397,0,0
504378,126344,2026-01-20,14:49:00,2608.44,Grocery,ATM,Mobile App,Yes,Rajpura,Rajpura,10.1,3740,0,0
502276,142477,2026-06-24,05:33:00,3502.57,Travel,NEFT,Web Browser,Yes,Rajpura,Rajpura,1.8,2744,4,0
501741,143102,2026-01-18,12:54:00,9719.58,Pharmacy,POS,ATM Machine,Yes,Delhi,Delhi,4.7,864,3,0
501892,124525,2026-06-02,18:57:00,1166.23,ATM Withdrawal,ATM,POS Terminal,No,Rajpura,Rajpura,14.4,3171,0,0
501860,173512,2026-03-27,23:25:00,1974.77,Grocery,POS,ATM Machine,Yes,Jaipur,Jaipur,2.8,3148,1,0
504615,156018,2026-08-13,23:00:00,70764.3,Travel,POS,USSD,No,Pune,Ahmedabad,1900.4,9,1,1
505904,177668,2026-02-08,12:23:00,3563.07,Travel,UPI,USSD,No,Kolkata,Kolkata,6.8,2706,1,0
503027,111339,2026-02-06,16:41:00,5084.97,Travel,UPI,POS Terminal,Yes,Jaipur,Jaipur,0.0,2628,6,0
501384,189698,2026-06-11,01:42:00,5181.31,Electronics,UPI,Web Browser,No,Hyderabad,Hyderabad,5.3,523,1,0
502092,132654,2026-04-24,23:25:00,4738.71,Electronics,POS,ATM Machine,Yes,Bengaluru,Bengaluru,1.8,1263,2,0
503077,110900,2026-06-30,02:43:00,3982.86,Travel,POS,POS Terminal,Yes,Ahmedabad,Ahmedabad,3.7,508,2,0
504334,189373,2026-08-15,16:34:00,3096.93,Jewellery,POS,ATM Machine,No,Chennai,Chennai,15.0,3511,3,0
503199,197911,2026-05-04,09:20:00,1456.29,E-commerce,ATM,USSD,Yes,Mumbai,Mumbai,9.7,2466,1,0
501600,170808,2026-06-14,03:16:00,782.29,Jewellery,ATM,POS Terminal,Yes,Bengaluru,Bengaluru,6.4,3217,1,0
502575,177293,2026-02-11,22:29:00,2393.17,ATM Withdrawal,POS,Web Browser,No,Jaipur,Jaipur,2.8,3935,0,0
501727,194974,2026-02-01,02:14:00,3107.15,E-commerce,ONLINE,Mobile App,No,Mumbai,Mumbai,8.1,1415,0,0
503238,199406,2026-07-16,17:41:00,3031.97,Dining,ATM,POS Terminal,No,Kolkata,Kolkata,9.0,3439,2,0
505247,158426,2026-04-09,15:25:00,3638.27,Electronics,UPI,USSD,No,Delhi,Delhi,13.8,187,1,0
505694,123255,2026-08-04,19:01:00,4374.05,Jewellery,POS,USSD,Yes,Jaipur,Jaipur,9.9,647,3,0
504667,130702,2026-02-03,16:02:00,863.73,Dining,ONLINE,Web Browser,No,Kolkata,Kolkata,8.3,2555,2,0
504793,197113,2026-04-12,15:10:00,11173.31,Jewellery,NEFT,POS Terminal,Yes,Chennai,Chennai,6.5,2156,0,0
501224,165409,2026-03-15,06:51:00,4067.92,E-commerce,ATM,POS Terminal,Yes,Chennai,Chennai,4.2,785,2,0
501298,167728,2026-05-11,21:23:00,6318.59,Electronics,POS,USSD,Yes,Bengaluru,Bengaluru,8.0,750,2,0
502776,130176,2026-06-14,03:36:00,3760.63,Dining,ONLINE,USSD,No,Delhi,Delhi,3.4,2420,2,0
500016,178605,2026-08-19,20:45:00,5145.01,Dining,POS,USSD,Yes,Delhi,Delhi,8.0,1593,4,0
505426,124966,2026-05-18,18:15:00,2603.57,Electronics,ONLINE,ATM Machine,No,Jaipur,Jaipur,4.8,3841,2,0
500352,104491,2026-02-10,01:17:00,45568.62,Pharmacy,UPI,USSD,No,Mumbai,Rajpura,1836.6,38,6,1
505405,102477,2026-01-11,02:58:00,76559.44,Pharmacy,ONLINE,Web Browser,No,Rajpura,Bengaluru,1705.1,16,5,1
501363,135086,2026-05-11,03:21:00,2055.55,Jewellery,POS,ATM Machine,Yes,Mumbai,Mumbai,11.4,2174,0,0
502171,102090,2026-02-17,17:52:00,1838.75,Utility Bill,UPI,Web Browser,No,Rajpura,Rajpura,12.5,2082,4,0
502032,117723,2026-06-15,23:34:00,8320.52,E-commerce,UPI,POS Terminal,No,Pune,Pune,13.2,474,2,0
503814,144284,2026-06-03,14:14:00,2613.56,ATM Withdrawal,ATM,Web Browser,No,Rajpura,Rajpura,7.2,3321,0,0
501023,186851,2026-01-11,00:16:00,929.39,E-commerce,UPI,Mobile App,No,Hyderabad,Hyderabad,14.5,3038,5,0
500372,166165,2026-02-20,17:22:00,5971.35,Electronics,ONLINE,ATM Machine,No,Mumbai,Mumbai,0.9,385,2,0
502245,171086,2026-01-24,07:36:00,1841.42,ATM Withdrawal,NEFT,USSD,No,Pune,Pune,1.0,1426,1,0
502314,105280,2026-08-13,01:57:00,70867.26,Grocery,ONLINE,USSD,No,Jaipur,Bengaluru,1641.2,7,10,1
505861,151438,2026-07-21,20:52:00,3278.99,Travel,NEFT,USSD,Yes,Delhi,Delhi,8.5,3478,3,0
503797,168723,2026-07-12,18:44:00,11465.37,Grocery,ONLINE,POS Terminal,No,Hyderabad,Hyderabad,14.0,3009,2,0
503800,105493,2026-08-25,07:52:00,2224.19,Jewellery,UPI,POS Terminal,Yes,Ahmedabad,Ahmedabad,7.6,2216,0,0
505805,130726,2026-08-12,04:24:00,10979.73,Utility Bill,ONLINE,Web Browser,No,Ahmedabad,Ahmedabad,5.9,2387,1,0
500743,163449,2026-04-24,06:31:00,4553.45,Dining,POS,POS Terminal,Yes,Pune,Pune,5.7,3080,0,0
501269,195314,2026-06-01,05:56:00,3288.14,Grocery,UPI,POS Terminal,No,Kolkata,Kolkata,10.3,267,1,0
502601,186324,2026-06-18,05:47:00,3054.05,Utility Bill,UPI,POS Terminal,Yes,Rajpura,Rajpura,10.4,1395,2,0
501618,150728,2026-06-12,10:57:00,4585.55,Grocery,ONLINE,ATM Machine,Yes,Jaipur,Jaipur,14.5,570,2,0
500806,178128,2026-01-05,00:52:00,4661.93,Travel,POS,Mobile App,No,Pune,Pune,13.8,2521,2,0
504797,150394,2026-02-25,20:45:00,3859.98,E-commerce,POS,Web Browser,No,Chennai,Chennai,12.5,500,2,0
500684,195887,2026-02-07,21:37:00,1588.09,Travel,ATM,Mobile App,No,Rajpura,Rajpura,10.9,788,0,0
504984,140213,2026-05-27,22:27:00,10813.9,Fuel,UPI,POS Terminal,No,Hyderabad,Hyderabad,0.9,1123,2,0
503560,146764,2026-08-02,16:03:00,2088.3,Grocery,POS,Mobile App,Yes,Hyderabad,Hyderabad,10.3,3220,1,0
503853,110481,2026-05-14,06:10:00,4776.16,E-commerce,POS,Mobile App,No,Rajpura,Rajpura,2.5,2754,2,0
503806,184878,2026-06-18,22:49:00,3046.59,Fuel,POS,USSD,Yes,Delhi,Delhi,9.1,196,5,0
505564,110332,2026-07-12,03:13:00,4839.76,Utility Bill,POS,Mobile App,No,Jaipur,Jaipur,1.7,3851,1,0
504707,147032,2026-08-09,17:29:00,6165.86,Jewellery,ATM,Mobile App,No,Hyderabad,Hyderabad,14.5,1901,0,0
504370,152645,2026-02-05,09:07:00,2204.97,Jewellery,ATM,Mobile App,No,Mumbai,Mumbai,7.4,914,2,0
505013,159888,2026-01-19,06:09:00,1468.24,Jewellery,POS,POS Terminal,Yes,Mumbai,Mumbai,5.7,2412,0,0
503857,135904,2026-06-08,05:53:00,9765.57,Jewellery,ATM,ATM Machine,No,Chennai,Chennai,2.7,3271,0,0
503860,143917,2026-07-24,16:57:00,3310.5,E-commerce,UPI,USSD,Yes,Bengaluru,Bengaluru,8.0,2808,3,0
500009,120146,2026-01-11,12:11:00,1623.79,Utility Bill,POS,Web Browser,No,Mumbai,Mumbai,8.0,3028,0,0
501863,184789,2026-08-04,09:17:00,3889.03,Pharmacy,UPI,POS Terminal,No,Ahmedabad,Ahmedabad,8.1,547,3,0
502820,170783,2026-03-11,05:03:00,7730.97,Dining,ONLINE,ATM Machine,No,Delhi,Delhi,10.9,3549,0,0
501352,139236,2026-07-18,03:05:00,9690.2,Travel,UPI,USSD,Yes,Rajpura,Rajpura,9.8,2056,1,0
500577,192580,2026-03-30,06:52:00,3066.81,ATM Withdrawal,UPI,Mobile App,No,Mumbai,Mumbai,0.7,3151,2,0
500627,133823,2026-04-12,23:33:00,26985.19,Utility Bill,ONLINE,USSD,No,Ahmedabad,Pune,1326.9,48,6,1
503619,143517,2026-01-21,23:35:00,7313.36,Fuel,UPI,POS Terminal,Yes,Kolkata,Kolkata,0.3,477,2,0
505532,194479,2026-08-16,10:51:00,2645.09,Jewellery,POS,POS Terminal,No,Kolkata,Kolkata,8.4,108,3,0
500427,186430,2026-05-20,15:24:00,3662.16,Dining,ONLINE,Web Browser,Yes,Jaipur,Jaipur,4.9,3146,2,0
500034,155457,2026-04-08,03:43:00,1095.09,Electronics,UPI,USSD,Yes,Jaipur,Jaipur,3.3,1951,0,0
501047,123941,2026-03-29,21:26:00,5622.99,Dining,ONLINE,USSD,No,Pune,Pune,7.0,2947,1,0
500045,106791,2026-01-14,17:10:00,2091.36,Utility Bill,ATM,POS Terminal,Yes,Pune,Pune,9.1,2419,1,0
503340,186741,2026-03-17,12:31:00,4402.28,Electronics,ATM,Mobile App,No,Bengaluru,Bengaluru,7.7,1175,4,0
501045,170916,2026-03-13,08:28:00,2486.68,Pharmacy,UPI,Web Browser,Yes,Rajpura,Rajpura,7.6,3526,0,0
501102,146932,2026-04-03,20:50:00,5950.4,Fuel,POS,POS Terminal,No,Rajpura,Rajpura,10.6,2940,1,0
501050,111967,2026-04-02,08:38:00,3222.57,Electronics,UPI,ATM Machine,Yes,Pune,Pune,9.6,3506,2,0
501884,184647,2026-01-31,11:29:00,4106.73,Fuel,ONLINE,POS Terminal,Yes,Delhi,Delhi,13.1,3295,1,0
504472,187625,2026-03-08,02:36:00,891.12,Jewellery,ATM,Mobile App,No,Hyderabad,Hyderabad,10.1,3910,0,0
504634,117453,2026-05-30,22:55:00,7531.85,Electronics,UPI,POS Terminal,No,Mumbai,Mumbai,13.8,2359,1,0
501744,102313,2026-04-20,13:55:00,568.02,Pharmacy,ATM,ATM Machine,Yes,Bengaluru,Bengaluru,9.1,296,0,0
502578,145104,2026-02-02,13:28:00,2257.34,Jewellery,ONLINE,Web Browser,Yes,Jaipur,Jaipur,12.9,246,2,0
500064,196750,2026-06-02,10:18:00,4481.27,Travel,ONLINE,ATM Machine,Yes,Mumbai,Mumbai,7.5,1962,3,0
504354,141340,2026-04-17,15:24:00,6214.44,Travel,POS,Web Browser,No,Delhi,Delhi,14.0,3764,0,0
503071,142280,2026-03-06,17:30:00,2202.76,Dining,POS,POS Terminal,No,Delhi,Delhi,7.7,2754,2,0
505330,149160,2026-06-07,01:28:00,3396.82,Dining,ATM,POS Terminal,Yes,Bengaluru,Bengaluru,11.5,1437,1,0
502618,105257,2026-07-18,03:42:00,3079.76,Jewellery,POS,POS Terminal,Yes,Jaipur,Jaipur,7.2,1197,0,0
501120,149328,2026-07-26,23:42:00,75372.12,Grocery,POS,Web Browser,No,Pune,Chennai,450.7,33,4,1
502500,192965,2026-06-05,14:08:00,6465.14,Travel,UPI,USSD,Yes,Rajpura,Rajpura,3.8,2472,5,0
503393,179674,2026-06-09,07:47:00,2727.7,Jewellery,POS,Mobile App,No,Kolkata,Kolkata,10.2,1507,0,0
500706,156494,2026-04-15,18:34:00,485.69,Travel,UPI,Web Browser,Yes,Mumbai,Mumbai,3.5,3061,1,0
504987,196639,2026-04-21,00:09:00,5513.19,E-commerce,ATM,Mobile App,No,Rajpura,Rajpura,6.6,3688,0,0
504963,198568,2026-04-17,19:01:00,8247.79,Travel,POS,Mobile App,Yes,Mumbai,Mumbai,13.4,827,2,0
503269,113426,2026-03-08,08:58:00,1437.98,Grocery,UPI,Web Browser,Yes,Ahmedabad,Ahmedabad,7.2,3255,1,0
504011,135301,2026-05-19,00:55:00,5117.69,E-commerce,ONLINE,Web Browser,Yes,Hyderabad,Hyderabad,11.9,576,3,0
501613,167021,2026-01-10,18:19:00,5161.14,Grocery,ONLINE,USSD,No,Kolkata,Kolkata,10.2,1258,1,0
504223,182539,2026-08-19,03:02:00,73515.76,Pharmacy,ONLINE,USSD,No,Kolkata,Rajpura,466.8,17,2,1
501974,134138,2026-03-18,14:37:00,1365.24,ATM Withdrawal,POS,ATM Machine,Yes,Bengaluru,Bengaluru,13.0,3624,0,0
504816,129740,2026-04-16,17:24:00,1330.94,E-commerce,UPI,POS Terminal,Yes,Delhi,Delhi,6.2,2460,1,0
505560,113522,2026-06-07,05:50:00,3757.26,ATM Withdrawal,ONLINE,Web Browser,No,Mumbai,Mumbai,14.0,379,0,0
503933,170287,2026-08-17,00:43:00,74512.84,Dining,ATM,USSD,No,Mumbai,Ahmedabad,1179.1,55,6,1
501316,129894,2026-02-06,23:02:00,4390.94,Travel,ONLINE,ATM Machine,Yes,Kolkata,Kolkata,9.2,2626,0,0
505688,124535,2026-05-31,14:20:00,6081.91,Grocery,UPI,USSD,No,Pune,Pune,9.7,2480,3,0
505695,158738,2026-03-05,05:09:00,2076.78,Dining,POS,POS Terminal,Yes,Rajpura,Rajpura,0.1,1530,1,0
502799,170788,2026-03-14,04:56:00,3773.9,Grocery,ONLINE,Mobile App,No,Rajpura,Rajpura,4.5,558,3,0
505783,188365,2026-08-12,01:29:00,3910.18,E-commerce,ATM,Web Browser,No,Rajpura,Rajpura,12.6,2443,1,0
503837,119647,2026-08-19,19:27:00,1538.85,Dining,POS,USSD,Yes,Pune,Pune,7.7,3228,1,0
504763,109783,2026-01-14,03:52:00,1652.72,ATM Withdrawal,ONLINE,Web Browser,Yes,Rajpura,Rajpura,4.0,1277,0,0
500748,131443,2026-02-15,16:48:00,4866.94,Pharmacy,ATM,Web Browser,No,Delhi,Delhi,6.9,3978,1,0
504242,127390,2026-01-14,09:15:00,3143.18,Dining,ATM,Mobile App,No,Hyderabad,Hyderabad,14.9,1009,1,0
500474,146737,2026-01-27,02:34:00,94000.51,Electronics,ATM,Web Browser,No,Jaipur,Hyderabad,392.2,47,3,1
503444,122015,2026-07-17,20:23:00,3837.96,Utility Bill,UPI,Mobile App,Yes,Pune,Pune,11.5,102,1,0
505674,164982,2026-02-28,15:52:00,1989.35,Dining,UPI,POS Terminal,No,Rajpura,Rajpura,7.2,3755,0,0
500298,143890,2026-07-22,22:13:00,3365.31,Utility Bill,POS,POS Terminal,Yes,Rajpura,Rajpura,8.8,2646,1,0
500304,189615,2026-05-17,17:11:00,681.98,ATM Withdrawal,UPI,USSD,No,Pune,Pune,4.9,1221,2,0
502477,152143,2026-05-15,19:40:00,4349.73,Dining,ATM,USSD,No,Kolkata,Kolkata,11.3,582,2,0
502378,113720,2026-05-14,03:18:00,3406.91,Grocery,POS,USSD,No,Mumbai,Mumbai,3.7,580,1,0
503535,108769,2026-01-11,02:11:00,2771.21,Utility Bill,ONLINE,Web Browser,No,Mumbai,Mumbai,7.3,1305,2,0
503310,194378,2026-08-24,05:22:00,8924.89,Jewellery,UPI,POS Terminal,Yes,Kolkata,Kolkata,3.4,3445,0,0
503870,171169,2026-06-08,14:48:00,8921.79,ATM Withdrawal,UPI,USSD,Yes,Hyderabad,Hyderabad,7.9,794,2,0
504129,154778,2026-07-19,10:37:00,2109.58,Utility Bill,UPI,ATM Machine,No,Bengaluru,Bengaluru,8.2,1996,1,0
503617,105145,2026-01-01,07:28:00,1554.3,Travel,ATM,POS Terminal,No,Kolkata,Kolkata,12.9,3835,2,0
502686,148175,2026-04-11,21:46:00,7018.16,Travel,ONLINE,ATM Machine,No,Pune,Pune,4.6,2973,1,0
500241,114022,2026-06-14,05:56:00,1320.33,Pharmacy,UPI,Web Browser,Yes,Hyderabad,Hyderabad,13.8,3491,2,0
505738,193070,2026-04-18,09:44:00,3882.47,Utility Bill,ONLINE,ATM Machine,No,Delhi,Delhi,13.9,3761,1,0
502293,123522,2026-06-12,03:57:00,2280.65,E-commerce,ONLINE,USSD,Yes,Mumbai,Mumbai,7.4,1627,4,0
501672,156693,2026-03-29,03:52:00,1641.49,Electronics,UPI,USSD,No,Kolkata,Kolkata,4.0,827,2,0
502100,124667,2026-02-03,07:03:00,3534.96,ATM Withdrawal,UPI,USSD,Yes,Ahmedabad,Ahmedabad,8.4,3936,0,0
505061,153823,2026-01-14,14:31:00,10954.35,Fuel,UPI,Mobile App,No,Ahmedabad,Ahmedabad,10.8,502,2,0
501176,133885,2026-01-08,23:35:00,1386.27,E-commerce,UPI,USSD,No,Kolkata,Kolkata,14.0,1003,2,0
503934,172977,2026-07-24,12:42:00,4355.29,ATM Withdrawal,ONLINE,USSD,Yes,Chennai,Chennai,3.3,3452,0,0
504384,156385,2026-06-19,20:34:00,3547.14,Grocery,UPI,Mobile App,No,Hyderabad,Hyderabad,4.5,2650,2,0
503083,127684,2026-06-06,02:06:00,71714.5,Pharmacy,ONLINE,USSD,No,Delhi,Jaipur,853.0,56,4,1
502863,183515,2026-02-19,13:09:00,1915.42,Electronics,ONLINE,Web Browser,Yes,Rajpura,Rajpura,3.2,2622,3,0
505592,157965,2026-05-27,14:00:00,1001.05,E-commerce,POS,Web Browser,Yes,Hyderabad,Hyderabad,9.0,2237,2,0
505711,127366,2026-06-02,00:03:00,87051.47,E-commerce,UPI,Web Browser,No,Hyderabad,Pune,893.3,27,2,1
505177,120015,2026-02-14,14:22:00,3200.03,ATM Withdrawal,UPI,POS Terminal,No,Pune,Pune,14.3,788,4,0
501648,166361,2026-06-04,00:46:00,3458.84,Jewellery,POS,ATM Machine,Yes,Mumbai,Mumbai,11.7,747,1,0
503415,159737,2026-04-12,15:40:00,5672.77,Jewellery,ONLINE,USSD,No,Pune,Pune,9.6,755,1,0
500334,182978,2026-04-29,14:57:00,9670.17,Grocery,ATM,POS Terminal,Yes,Mumbai,Mumbai,3.0,3529,2,0
502603,178048,2026-04-09,18:59:00,2843.99,Fuel,UPI,POS Terminal,No,Bengaluru,Bengaluru,6.0,2433,2,0
505868,188189,2026-08-28,23:05:00,1996.57,ATM Withdrawal,ATM,POS Terminal,No,Bengaluru,Bengaluru,8.1,880,2,0
502158,163219,2026-06-06,02:49:00,5321.91,Jewellery,UPI,USSD,Yes,Delhi,Delhi,14.1,210,3,0
501162,149881,2026-01-29,19:11:00,8820.53,E-commerce,ONLINE,POS Terminal,No,Ahmedabad,Ahmedabad,11.7,2995,0,0
503575,195289,2026-04-08,02:06:00,51138.51,Fuel,ONLINE,Web Browser,No,Ahmedabad,Bengaluru,1803.9,14,4,1
504477,193869,2026-01-06,13:16:00,1749.26,ATM Withdrawal,ATM,POS Terminal,No,Ahmedabad,Ahmedabad,9.2,2910,1,0
504582,197206,2026-02-23,17:39:00,4784.75,ATM Withdrawal,POS,POS Terminal,Yes,Chennai,Chennai,9.9,1567,1,0
504951,133037,2026-06-16,03:10:00,27394.96,E-commerce,ATM,USSD,No,Mumbai,Delhi,1422.3,33,4,1
503003,192992,2026-06-10,13:56:00,2725.89,Travel,UPI,Web Browser,No,Hyderabad,Hyderabad,3.6,2605,1,0
500248,141580,2026-07-17,08:31:00,628.58,Fuel,POS,POS Terminal,Yes,Kolkata,Kolkata,5.3,2811,3,0
504877,141264,2026-08-18,09:21:00,2680.29,Fuel,ATM,Mobile App,Yes,Mumbai,Mumbai,14.6,2647,3,0
503530,112010,2026-08-06,15:49:00,1325.5,E-commerce,ATM,POS Terminal,No,Kolkata,Kolkata,13.5,2762,2,0
500801,101209,2026-01-22,21:19:00,1969.45,E-commerce,POS,USSD,Yes,Rajpura,Rajpura,14.8,945,1,0
501685,135842,2026-08-04,02:15:00,1017.74,E-commerce,ONLINE,ATM Machine,Yes,Pune,Pune,10.5,1620,0,0
504682,117031,2026-06-04,03:29:00,7399.55,Jewellery,POS,USSD,No,Chennai,Chennai,4.4,588,1,0
504197,155343,2026-01-22,08:18:00,1932.42,Jewellery,ATM,ATM Machine,No,Hyderabad,Hyderabad,4.6,1500,2,0
501922,153656,2026-03-12,08:37:00,1104.75,Dining,POS,Mobile App,No,Chennai,Chennai,11.6,2816,3,0
502210,113832,2026-08-15,06:03:00,951.79,Dining,UPI,Web Browser,Yes,Jaipur,Jaipur,1.6,2287,1,0
501222,155309,2026-07-30,02:03:00,74259.82,Electronics,UPI,USSD,No,Hyderabad,Mumbai,1750.7,54,10,1
504004,144638,2026-06-01,21:04:00,740.41,Dining,UPI,Mobile App,No,Hyderabad,Hyderabad,1.6,776,0,0
501514,133073,2026-05-07,19:06:00,293.26,Electronics,ATM,USSD,Yes,Bengaluru,Bengaluru,2.1,3341,0,0
504352,156578,2026-02-07,21:56:00,4319.11,Electronics,UPI,Web Browser,No,Mumbai,Mumbai,12.8,3051,2,0
501254,179367,2026-01-06,00:37:00,20889.83,Grocery,POS,USSD,No,Rajpura,Delhi,1045.7,38,5,1
505331,156301,2026-06-14,11:49:00,3850.1,Dining,ONLINE,Web Browser,Yes,Jaipur,Jaipur,7.6,3875,1,0
505170,100389,2026-07-13,20:23:00,1122.13,Travel,UPI,Mobile App,No,Ahmedabad,Ahmedabad,1.9,2227,0,0
500599,162781,2026-01-25,10:20:00,764.5,Pharmacy,ATM,POS Terminal,No,Delhi,Delhi,3.3,2879,0,0
501610,112602,2026-04-07,02:34:00,78166.77,E-commerce,ONLINE,USSD,No,Mumbai,Delhi,1600.3,35,9,1
500316,165941,2026-04-17,01:42:00,931.51,Travel,POS,USSD,No,Mumbai,Mumbai,13.5,3472,1,0
505243,190936,2026-01-19,04:29:00,6091.54,E-commerce,POS,ATM Machine,No,Bengaluru,Bengaluru,3.1,1441,2,0
502277,120997,2026-08-06,06:20:00,11742.31,Pharmacy,POS,USSD,No,Ahmedabad,Ahmedabad,10.6,1191,2,0
500150,105830,2026-07-04,19:07:00,1028.49,Grocery,POS,Web Browser,Yes,Rajpura,Rajpura,8.8,1021,3,0
504734,126331,2026-05-15,02:09:00,3404.51,Electronics,NEFT,USSD,Yes,Kolkata,Kolkata,5.7,3179,0,0
501845,174295,2026-08-14,14:10:00,3440.23,Travel,POS,Web Browser,No,Delhi,Delhi,9.4,3386,2,0
500291,180758,2026-05-26,16:50:00,4487.59,ATM Withdrawal,ONLINE,ATM Machine,No,Kolkata,Kolkata,4.3,777,1,0
500454,102485,2026-01-30,11:32:00,5462.66,Dining,ONLINE,Mobile App,No,Hyderabad,Hyderabad,9.4,1040,1,0
505962,161359,2026-04-11,12:01:00,1130.6,E-commerce,UPI,USSD,Yes,Pune,Pune,12.1,3379,4,0
504809,138985,2026-02-08,16:26:00,2506.74,Grocery,POS,Mobile App,Yes,Delhi,Delhi,3.0,2420,2,0
503397,145378,2026-08-13,05:03:00,1311.45,Dining,POS,Mobile App,Yes,Bengaluru,Bengaluru,13.1,1436,2,0
500692,179510,2026-04-16,15:22:00,3028.86,Fuel,ATM,Web Browser,No,Hyderabad,Hyderabad,14.7,823,0,0
501145,133110,2026-07-15,21:08:00,2717.48,Electronics,UPI,Mobile App,No,Bengaluru,Bengaluru,2.8,2533,1,0
501635,141504,2026-04-12,14:49:00,3508.22,Electronics,ONLINE,USSD,Yes,Mumbai,Mumbai,2.2,2274,2,0
504193,174122,2026-03-29,10:59:00,6035.98,Grocery,ATM,Mobile App,Yes,Mumbai,Mumbai,10.3,1674,2,0
501781,104676,2026-03-31,06:54:00,5134.27,Electronics,ATM,POS Terminal,Yes,Pune,Pune,2.8,3265,1,0
504971,185540,2026-07-28,16:37:00,3257.56,Grocery,POS,Mobile App,Yes,Bengaluru,Bengaluru,14.7,466,2,0
503652,107184,2026-03-30,04:03:00,2136.61,Electronics,ONLINE,Mobile App,No,Kolkata,Kolkata,4.0,1253,1,0
500656,153271,2026-03-27,13:52:00,2052.78,Electronics,UPI,Mobile App,Yes,Rajpura,Rajpura,2.0,1101,0,0
503136,101580,2026-01-09,15:26:00,2886.36,Utility Bill,ATM,POS Terminal,Yes,Mumbai,Mumbai,13.8,1465,1,0
501903,171993,2026-06-13,17:44:00,2846.17,Grocery,POS,POS Terminal,No,Chennai,Chennai,14.7,2959,1,0
504428,148237,2026-03-31,14:11:00,955.49,Utility Bill,POS,POS Terminal,Yes,Jaipur,Jaipur,4.8,3614,2,0
501040,182716,2026-03-07,07:02:00,572.42,Fuel,ONLINE,Web Browser,Yes,Ahmedabad,Ahmedabad,6.9,2845,1,0
504630,135211,2026-07-29,02:33:00,64488.78,ATM Withdrawal,ATM,USSD,No,Chennai,Kolkata,1078.5,3,3,1
501412,156148,2026-04-17,11:58:00,6965.03,Jewellery,UPI,ATM Machine,Yes,Delhi,Delhi,11.2,871,1,0
505748,124954,2026-03-28,18:43:00,6422.27,E-commerce,ATM,POS Terminal,No,Delhi,Delhi,7.1,842,0,0
501673,126767,2026-08-25,06:11:00,2057.87,Electronics,ONLINE,ATM Machine,Yes,Ahmedabad,Ahmedabad,8.7,1252,3,0
505096,117292,2026-08-17,13:15:00,4102.71,Dining,POS,USSD,Yes,Hyderabad,Hyderabad,9.0,3279,1,0
501371,188071,2026-01-19,07:02:00,4539.17,Utility Bill,ATM,Web Browser,Yes,Ahmedabad,Ahmedabad,14.0,2827,2,0
505083,100000,2026-01-06,13:16:00,5436.88,Pharmacy,POS,POS Terminal,Yes,Hyderabad,Hyderabad,4.6,3738,2,0
503134,108115,2026-04-19,00:11:00,1696.62,E-commerce,ATM,Mobile App,Yes,Ahmedabad,Ahmedabad,1.5,3914,0,0
502381,117956,2026-06-09,08:34:00,2090.34,Jewellery,ATM,POS Terminal,Yes,Bengaluru,Bengaluru,6.9,2967,3,0
503721,163879,2026-07-23,18:02:00,2311.31,Dining,ONLINE,ATM Machine,No,Rajpura,Rajpura,10.5,3350,0,0
504092,104234,2026-03-28,05:51:00,1612.63,Utility Bill,ONLINE,ATM Machine,Yes,Jaipur,Jaipur,0.3,3152,4,0
505007,149735,2026-08-09,21:30:00,8442.51,Utility Bill,ONLINE,ATM Machine,Yes,Kolkata,Kolkata,1.2,2338,2,0
501624,101657,2026-05-27,06:21:00,8730.86,Fuel,POS,POS Terminal,Yes,Delhi,Delhi,0.5,1806,1,0
503670,121691,2026-06-15,14:01:00,4402.01,Utility Bill,ATM,USSD,No,Chennai,Chennai,2.4,1588,1,0
500382,193680,2026-02-17,20:42:00,2489.31,Utility Bill,ONLINE,USSD,Yes,Delhi,Delhi,3.2,3246,0,0
503115,136495,2026-05-13,13:58:00,4878.31,Utility Bill,POS,Mobile App,Yes,Pune,Pune,6.3,255,1,0
501821,131268,2026-07-20,10:52:00,3432.11,Utility Bill,POS,USSD,No,Delhi,Delhi,14.0,39,1,0
503631,146385,2026-05-14,13:57:00,6258.95,Electronics,ONLINE,ATM Machine,Yes,Mumbai,Mumbai,8.8,1705,0,0
500423,176618,2026-08-05,11:21:00,1115.15,Dining,POS,Web Browser,No,Delhi,Delhi,0.6,1098,2,0
500809,139092,2026-08-16,03:32:00,1598.9,Grocery,ATM,Mobile App,No,Mumbai,Mumbai,8.2,3290,2,0
501380,154085,2026-05-30,11:52:00,5501.42,Jewellery,POS,USSD,Yes,Chennai,Chennai,11.6,1884,0,0
501670,172576,2026-05-03,09:36:00,263.15,Jewellery,POS,ATM Machine,Yes,Bengaluru,Bengaluru,8.3,2977,1,0
502099,175123,2026-07-03,11:26:00,5031.65,Jewellery,ONLINE,Mobile App,Yes,Mumbai,Mumbai,6.0,885,0,0
505526,110052,2026-03-15,06:34:00,1285.31,Jewellery,POS,Web Browser,Yes,Ahmedabad,Ahmedabad,3.5,1177,2,0
500125,185507,2026-05-05,06:03:00,4552.79,Travel,ONLINE,Mobile App,Yes,Delhi,Delhi,14.7,2442,0,0
500103,180489,2026-01-28,03:20:00,3066.79,Dining,ONLINE,ATM Machine,No,Kolkata,Kolkata,2.9,1313,2,0
504059,120527,2026-06-16,20:02:00,1507.02,ATM Withdrawal,ONLINE,POS Terminal,Yes,Pune,Pune,7.6,2747,3,0
501733,169948,2026-04-07,06:48:00,7086.3,Utility Bill,POS,ATM Machine,No,Bengaluru,Bengaluru,9.3,1900,2,0
503036,195603,2026-02-09,16:39:00,3837.39,Travel,ATM,Web Browser,Yes,Bengaluru,Bengaluru,0.2,1780,1,0
502916,143783,2026-08-23,19:46:00,7599.88,Pharmacy,POS,POS Terminal,No,Pune,Pune,6.7,365,4,0
500487,133424,2026-08-12,04:58:00,4741.5,Fuel,UPI,ATM Machine,No,Ahmedabad,Ahmedabad,14.0,2961,1,0
501129,155616,2026-06-14,14:34:00,1325.46,Travel,POS,ATM Machine,Yes,Bengaluru,Bengaluru,8.6,3074,0,0
503618,140903,2026-02-27,22:38:00,6565.12,Fuel,ATM,USSD,Yes,Kolkata,Kolkata,13.1,771,0,0
501515,124686,2026-02-19,07:30:00,2822.22,Pharmacy,ONLINE,POS Terminal,No,Bengaluru,Bengaluru,9.4,1970,2,0
500136,130394,2026-02-18,05:27:00,4159.96,ATM Withdrawal,ATM,USSD,Yes,Delhi,Delhi,7.8,1314,2,0
502599,196847,2026-06-27,09:04:00,5881.0,ATM Withdrawal,UPI,USSD,Yes,Bengaluru,Bengaluru,8.0,2688,3,0
502003,139751,2026-07-28,02:57:00,4084.05,Utility Bill,NEFT,Mobile App,Yes,Bengaluru,Bengaluru,11.6,3817,1,0
502834,154567,2026-08-05,04:29:00,12891.36,Travel,POS,Web Browser,Yes,Pune,Pune,2.7,3558,1,0
501818,125243,2026-06-18,23:56:00,4325.14,Travel,UPI,ATM Machine,Yes,Pune,Pune,9.3,2912,0,0
500753,108625,2026-03-18,08:18:00,2690.36,E-commerce,UPI,Mobile App,No,Hyderabad,Hyderabad,8.6,2239,0,0
504002,184272,2026-08-20,13:49:00,5610.31,Dining,ONLINE,POS Terminal,No,Bengaluru,Bengaluru,7.5,282,1,0
505028,109675,2026-06-25,23:06:00,8605.28,E-commerce,NEFT,Mobile App,No,Chennai,Chennai,8.1,1205,2,0
501104,115067,2026-06-07,05:45:00,2683.75,E-commerce,ONLINE,POS Terminal,Yes,Pune,Pune,6.5,744,1,0
505371,178364,2026-02-06,17:54:00,4233.12,E-commerce,POS,POS Terminal,Yes,Rajpura,Rajpura,14.0,2652,4,0
502317,108682,2026-03-04,10:07:00,3555.15,Dining,UPI,Web Browser,Yes,Hyderabad,Hyderabad,9.9,2232,1,0
501919,145155,2026-06-26,05:07:00,2355.72,Dining,UPI,POS Terminal,Yes,Mumbai,Mumbai,8.3,2715,1,0
501544,156920,2026-06-03,13:18:00,1479.54,E-commerce,UPI,POS Terminal,Yes,Jaipur,Jaipur,5.5,1626,2,0
503668,118088,2026-07-31,16:18:00,3591.25,Travel,POS,USSD,Yes,Ahmedabad,Ahmedabad,14.6,1404,1,0
504442,135516,2026-04-13,07:36:00,1814.82,Travel,UPI,POS Terminal,Yes,Delhi,Delhi,3.1,1167,1,0
503707,115639,2026-06-12,00:54:00,94731.45,Grocery,UPI,Web Browser,No,Chennai,Rajpura,1579.5,29,7,1
501177,131646,2026-07-16,20:05:00,711.92,Grocery,POS,Mobile App,Yes,Ahmedabad,Ahmedabad,14.7,3191,0,0
501560,185548,2026-07-06,17:32:00,2734.77,Grocery,ONLINE,Web Browser,No,Jaipur,Jaipur,5.4,1397,0,0
505664,145121,2026-03-25,13:18:00,999.92,Fuel,UPI,USSD,Yes,Bengaluru,Bengaluru,1.3,3586,1,0
500145,199265,2026-06-22,10:09:00,1641.56,E-commerce,ONLINE,Mobile App,Yes,Mumbai,Mumbai,3.1,982,2,0
500381,100530,2026-04-21,01:12:00,3062.78,Pharmacy,POS,POS Terminal,No,Bengaluru,Bengaluru,11.8,620,0,0
501434,156216,2026-02-14,17:57:00,2398.88,Travel,POS,ATM Machine,Yes,Ahmedabad,Ahmedabad,7.0,572,0,0
501096,108004,2026-04-24,13:32:00,4901.97,E-commerce,POS,ATM Machine,Yes,Jaipur,Jaipur,10.0,2919,0,0
505414,189247,2026-08-03,03:26:00,2766.95,Grocery,ONLINE,POS Terminal,No,Jaipur,Jaipur,5.9,572,0,0
500122,166839,2026-04-12,15:58:00,5199.57,Electronics,ONLINE,Web Browser,No,Pune,Pune,6.2,2037,2,0
505566,163778,2026-05-14,22:54:00,5642.35,ATM Withdrawal,ATM,Mobile App,Yes,Kolkata,Kolkata,5.2,2611,2,0
500612,146279,2026-02-23,02:12:00,1678.47,Travel,POS,USSD,Yes,Mumbai,Mumbai,12.6,3149,0,0
504825,149940,2026-04-01,08:45:00,5719.4,Grocery,NEFT,Web Browser,No,Hyderabad,Hyderabad,11.4,2345,1,0
501942,125318,2026-05-11,18:53:00,5753.34,Pharmacy,POS,ATM Machine,No,Jaipur,Jaipur,2.3,421,1,0
500419,129653,2026-03-02,03:51:00,4452.96,Travel,UPI,ATM Machine,No,Jaipur,Jaipur,13.1,3507,0,0
502253,124365,2026-04-13,21:33:00,1064.22,Utility Bill,ATM,ATM Machine,No,Mumbai,Mumbai,1.0,1749,0,0
501351,106028,2026-07-01,01:27:00,4016.82,Dining,ONLINE,USSD,Yes,Ahmedabad,Ahmedabad,10.5,2592,1,0
502304,187905,2026-08-26,17:57:00,1206.04,Grocery,ATM,Mobile App,Yes,Pune,Pune,1.0,3994,0,0
505434,150317,2026-01-23,04:17:00,1401.84,E-commerce,UPI,USSD,Yes,Rajpura,Rajpura,4.0,3370,1,0
504259,160426,2026-02-19,23:14:00,2418.12,Fuel,ATM,POS Terminal,Yes,Pune,Pune,1.4,3458,0,0
501979,105709,2026-06-16,13:40:00,1995.45,Fuel,ONLINE,POS Terminal,Yes,Kolkata,Kolkata,4.7,2030,2,0
504480,153716,2026-04-16,08:21:00,1725.85,Fuel,ONLINE,Web Browser,No,Pune,Pune,4.8,1862,3,0
501303,169981,2026-05-09,13:15:00,593.45,Electronics,ONLINE,Web Browser,No,Jaipur,Jaipur,6.9,3125,2,0
503056,147840,2026-08-21,18:56:00,652.79,Travel,ONLINE,POS Terminal,No,Hyderabad,Hyderabad,8.8,3646,1,0
500249,178687,2026-03-16,23:59:00,3937.73,E-commerce,POS,Mobile App,Yes,Mumbai,Mumbai,13.6,3586,3,0
501398,165343,2026-06-15,17:43:00,957.05,Travel,UPI,Web Browser,No,Mumbai,Mumbai,3.3,2565,2,0
504029,169001,2026-06-12,05:15:00,6526.31,Utility Bill,POS,Web Browser,Yes,Ahmedabad,Ahmedabad,3.0,1795,0,0
500448,195561,2026-04-05,03:06:00,9079.13,Dining,ATM,Mobile App,No,Hyderabad,Hyderabad,12.7,1189,2,0
501426,181463,2026-07-16,07:40:00,1815.94,Jewellery,ATM,Web Browser,No,Jaipur,Jaipur,1.6,1447,2,0
504687,194836,2026-05-17,22:11:00,1426.45,Fuel,POS,ATM Machine,Yes,Ahmedabad,Ahmedabad,3.1,2980,0,0
501200,162035,2026-08-17,09:46:00,5198.78,Electronics,UPI,Web Browser,Yes,Kolkata,Kolkata,8.2,1964,1,0
501422,199469,2026-06-19,03:47:00,4327.14,Electronics,ONLINE,ATM Machine,Yes,Rajpura,Rajpura,6.7,2778,1,0
504558,186033,2026-08-27,22:09:00,10422.86,Grocery,ATM,Mobile App,Yes,Delhi,Delhi,12.8,3303,1,0
503765,141255,2026-08-19,02:00:00,4522.26,Utility Bill,ONLINE,Web Browser,Yes,Ahmedabad,Ahmedabad,7.9,2914,0,0
503917,106670,2026-03-04,10:13:00,2290.15,Fuel,ONLINE,POS Terminal,No,Mumbai,Mumbai,3.8,3328,2,0
504474,113646,2026-02-10,22:10:00,309.84,Jewellery,POS,Web Browser,No,Delhi,Delhi,2.1,1996,1,0
504665,131257,2026-01-03,23:51:00,951.89,Jewellery,UPI,ATM Machine,Yes,Bengaluru,Bengaluru,9.3,1565,0,0
504728,188632,2026-08-13,08:00:00,1042.63,Jewellery,ATM,Mobile App,No,Jaipur,Jaipur,1.8,2017,0,0
504114,197803,2026-04-28,13:14:00,2272.57,E-commerce,ONLINE,POS Terminal,No,Pune,Pune,9.9,1570,0,0
503510,134956,2026-01-11,10:55:00,3283.0,ATM Withdrawal,ONLINE,Web Browser,No,Jaipur,Jaipur,4.5,3185,5,0
502886,115360,2026-01-18,17:15:00,6106.61,Travel,ONLINE,POS Terminal,Yes,Rajpura,Rajpura,2.2,241,2,0
501536,103128,2026-04-14,11:38:00,5573.58,Pharmacy,UPI,POS Terminal,Yes,Chennai,Chennai,12.4,45,0,0
500415,101796,2026-08-10,01:48:00,8915.61,Fuel,UPI,Web Browser,No,Bengaluru,Bengaluru,12.2,596,1,0
504586,161051,2026-06-22,11:46:00,1121.37,Dining,UPI,Web Browser,Yes,Rajpura,Rajpura,5.0,1865,2,0
501721,108877,2026-08-15,07:48:00,1599.32,E-commerce,POS,USSD,No,Mumbai,Mumbai,9.4,2038,2,0
500655,155303,2026-01-14,17:46:00,1676.39,Jewellery,POS,POS Terminal,Yes,Mumbai,Mumbai,13.6,3256,0,0
503561,106822,2026-05-22,01:04:00,4741.19,E-commerce,ONLINE,Mobile App,No,Pune,Pune,5.2,1534,3,0
501003,155831,2026-04-21,01:18:00,11381.4,Pharmacy,POS,Mobile App,Yes,Jaipur,Jaipur,5.7,2785,2,0
504455,161241,2026-06-21,03:21:00,2357.51,Travel,ATM,POS Terminal,No,Mumbai,Mumbai,14.3,3571,0,0
503373,130867,2026-07-19,17:13:00,7134.24,Pharmacy,ATM,Web Browser,Yes,Mumbai,Mumbai,10.6,1237,2,0
503974,125789,2026-03-08,22:58:00,743.54,Pharmacy,ONLINE,USSD,Yes,Hyderabad,Hyderabad,8.2,1386,2,0
505913,168848,2026-02-24,05:36:00,3215.17,Travel,POS,Mobile App,No,Rajpura,Rajpura,5.5,2696,1,0
501488,100123,2026-04-04,00:41:00,7093.77,E-commerce,ONLINE,Mobile App,Yes,Pune,Pune,3.2,1735,1,0
500590,184356,2026-07-14,03:18:00,5302.06,Travel,POS,Web Browser,Yes,Kolkata,Kolkata,5.1,3530,1,0
502087,173305,2026-06-28,10:18:00,3188.53,Utility Bill,NEFT,USSD,No,Hyderabad,Hyderabad,5.8,1891,0,0
503609,161739,2026-06-07,02:42:00,3028.44,Electronics,NEFT,USSD,No,Kolkata,Kolkata,7.2,815,1,0
504517,135162,2026-06-02,15:24:00,1928.73,Pharmacy,POS,POS Terminal,Yes,Rajpura,Rajpura,11.1,3821,2,0
501601,130149,2026-03-06,11:49:00,1808.32,Electronics,ONLINE,Web Browser,Yes,Delhi,Delhi,7.7,3677,2,0
505290,129104,2026-01-10,07:33:00,4805.82,Fuel,ATM,Mobile App,No,Hyderabad,Hyderabad,14.0,185,1,0
502837,196536,2026-01-21,16:39:00,6006.94,Electronics,UPI,Mobile App,Yes,Bengaluru,Bengaluru,6.1,1723,2,0
502358,121918,2026-07-19,22:59:00,4472.77,Dining,UPI,USSD,No,Hyderabad,Hyderabad,6.0,121,0,0
500995,152965,2026-05-21,06:21:00,1368.49,Travel,POS,USSD,Yes,Ahmedabad,Ahmedabad,8.1,2418,1,0
502198,186056,2026-01-19,05:09:00,2241.64,Travel,ONLINE,Mobile App,No,Hyderabad,Hyderabad,12.0,1080,1,0
501880,110039,2026-07-19,06:11:00,3228.17,Jewellery,UPI,USSD,No,Mumbai,Mumbai,2.2,323,0,0
504565,189698,2026-06-04,10:53:00,1710.88,Fuel,POS,Web Browser,Yes,Jaipur,Jaipur,5.7,3502,1,0
501372,134328,2026-05-11,08:38:00,4487.53,Dining,POS,ATM Machine,No,Mumbai,Mumbai,2.6,2475,1,0
501874,194152,2026-06-18,21:55:00,6487.87,ATM Withdrawal,ONLINE,POS Terminal,Yes,Chennai,Chennai,8.5,2773,2,0
500209,126352,2026-07-31,17:24:00,2134.19,Travel,NEFT,USSD,Yes,Bengaluru,Bengaluru,0.1,1963,2,0
504813,152673,2026-02-01,07:57:00,5691.4,Travel,UPI,ATM Machine,No,Pune,Pune,4.6,413,3,0
504241,133562,2026-04-07,08:32:00,2169.86,Pharmacy,POS,USSD,No,Hyderabad,Hyderabad,12.1,3815,2,0
500426,119977,2026-07-16,09:10:00,8605.15,E-commerce,UPI,USSD,Yes,Ahmedabad,Ahmedabad,10.2,2664,0,0
505787,164545,2026-06-01,05:50:00,6951.25,Jewellery,ONLINE,Mobile App,No,Pune,Pune,11.0,1145,1,0
501407,134701,2026-01-15,01:02:00,3301.95,Grocery,NEFT,USSD,No,Jaipur,Jaipur,6.9,1194,2,0
505649,197413,2026-01-18,23:31:00,2132.23,Electronics,NEFT,Mobile App,No,Kolkata,Kolkata,8.8,3515,2,0
501109,194071,2026-05-01,19:57:00,2109.03,Dining,POS,POS Terminal,Yes,Bengaluru,Bengaluru,0.2,2960,1,0
505273,124155,2026-06-22,15:58:00,4650.62,Jewellery,UPI,Mobile App,No,Pune,Pune,5.3,160,3,0
500111,127711,2026-08-21,08:58:00,2268.14,Grocery,UPI,Mobile App,Yes,Rajpura,Rajpura,4.6,3136,0,0
503075,158157,2026-01-11,08:26:00,1574.62,Dining,UPI,POS Terminal,No,Kolkata,Kolkata,7.3,3524,1,0
505826,153338,2026-04-25,14:35:00,1171.5,Electronics,NEFT,Mobile App,Yes,Pune,Pune,11.5,1669,1,0
502264,151645,2026-05-17,15:41:00,9123.35,ATM Withdrawal,UPI,USSD,No,Hyderabad,Hyderabad,12.6,972,1,0
502549,147016,2026-01-12,20:01:00,1349.14,E-commerce,UPI,Mobile App,Yes,Mumbai,Mumbai,14.4,1476,1,0
502035,198617,2026-05-11,12:17:00,8663.63,Grocery,POS,ATM Machine,Yes,Rajpura,Rajpura,6.6,1302,0,0
501173,139149,2026-08-22,13:53:00,1032.72,E-commerce,UPI,ATM Machine,No,Jaipur,Jaipur,6.3,2176,2,0
503769,180773,2026-03-03,02:11:00,2307.16,Travel,UPI,ATM Machine,Yes,Ahmedabad,Ahmedabad,10.4,1032,0,0
502446,189450,2026-04-14,12:16:00,1646.78,Utility Bill,ONLINE,USSD,No,Chennai,Chennai,10.4,3882,1,0
503183,174671,2026-04-28,14:23:00,3611.08,E-commerce,ONLINE,Mobile App,No,Rajpura,Rajpura,4.1,1192,1,0
502946,110731,2026-07-15,08:19:00,195.77,E-commerce,UPI,USSD,Yes,Hyderabad,Hyderabad,1.4,2852,0,0
504592,103952,2026-02-14,09:04:00,7316.77,ATM Withdrawal,ATM,Mobile App,Yes,Pune,Pune,11.1,2686,2,0
504590,129912,2026-01-04,16:02:00,3419.94,Grocery,POS,Web Browser,No,Ahmedabad,Ahmedabad,1.9,1546,1,0
503612,168258,2026-03-24,16:08:00,1679.49,Dining,ATM,ATM Machine,No,Ahmedabad,Ahmedabad,4.5,3236,2,0
503938,147246,2026-03-08,02:33:00,594.62,Jewellery,ATM,Web Browser,Yes,Mumbai,Mumbai,9.3,270,1,0
502147,117645,2026-03-25,09:50:00,1911.89,Jewellery,UPI,Web Browser,Yes,Jaipur,Jaipur,10.5,3045,3,0
505752,121679,2026-01-18,07:05:00,1168.89,E-commerce,ONLINE,Mobile App,Yes,Kolkata,Kolkata,8.3,3748,1,0
501469,177750,2026-03-29,11:27:00,5293.81,Dining,ONLINE,Mobile App,No,Jaipur,Jaipur,7.9,2268,1,0
500438,192755,2026-05-21,04:42:00,1937.23,Dining,UPI,Mobile App,No,Bengaluru,Bengaluru,11.7,573,1,0
505788,161028,2026-07-23,05:52:00,2561.36,Pharmacy,POS,USSD,Yes,Rajpura,Rajpura,4.0,3572,2,0
501058,177209,2026-08-17,12:25:00,1292.18,Travel,UPI,Mobile App,No,Rajpura,Rajpura,1.6,990,3,0
502796,191573,2026-05-07,07:24:00,2951.67,E-commerce,ATM,Web Browser,No,Ahmedabad,Ahmedabad,9.0,987,4,0
500108,166484,2026-03-08,05:59:00,4320.95,ATM Withdrawal,ONLINE,POS Terminal,Yes,Ahmedabad,Ahmedabad,1.1,1834,4,0
503553,193878,2026-01-25,10:10:00,4154.06,Grocery,ONLINE,POS Terminal,No,Kolkata,Kolkata,8.8,973,4,0
500030,144340,2026-05-23,02:47:00,4053.0,ATM Withdrawal,ONLINE,ATM Machine,No,Bengaluru,Bengaluru,8.1,513,0,0
502233,193843,2026-02-15,14:36:00,2481.47,E-commerce,ONLINE,USSD,No,Rajpura,Rajpura,1.0,3863,1,0
500890,127075,2026-05-06,05:21:00,531.31,E-commerce,NEFT,USSD,Yes,Rajpura,Rajpura,11.3,2394,1,0
503066,155023,2026-04-23,09:05:00,1900.88,Dining,POS,Web Browser,No,Hyderabad,Hyderabad,1.5,3307,4,0
501631,157268,2026-06-20,09:31:00,6494.65,Fuel,POS,USSD,Yes,Chennai,Chennai,0.8,2035,0,0
500752,114778,2026-05-21,04:52:00,819.69,Jewellery,ONLINE,POS Terminal,Yes,Kolkata,Kolkata,11.3,1605,2,0
502359,162540,2026-04-15,14:28:00,3881.04,Travel,UPI,Mobile App,No,Hyderabad,Hyderabad,10.0,2232,2,0
500585,140408,2026-06-28,20:17:00,2758.53,Dining,ONLINE,POS Terminal,Yes,Ahmedabad,Ahmedabad,2.8,461,1,0
501935,114671,2026-05-25,20:55:00,2611.71,Electronics,POS,Web Browser,Yes,Hyderabad,Hyderabad,0.5,3884,1,0
504983,118716,2026-05-01,12:53:00,7009.94,Travel,ATM,POS Terminal,Yes,Jaipur,Jaipur,1.6,3086,0,0
502351,153878,2026-02-21,03:16:00,981.09,Grocery,ONLINE,Web Browser,Yes,Delhi,Delhi,9.2,1356,2,0
505606,106130,2026-05-13,01:30:00,64849.32,Utility Bill,POS,Web Browser,No,Ahmedabad,Rajpura,1683.7,16,3,1
505215,180375,2026-08-17,00:51:00,2489.42,E-commerce,ONLINE,Web Browser,Yes,Kolkata,Kolkata,2.9,2586,1,0
503847,177161,2026-05-13,22:58:00,4651.75,E-commerce,UPI,Web Browser,Yes,Pune,Pune,9.3,926,1,0
505119,187290,2026-03-10,21:07:00,1264.07,Electronics,POS,Web Browser,Yes,Bengaluru,Bengaluru,11.0,2053,2,0
505949,193488,2026-04-05,03:18:00,1232.16,Grocery,POS,USSD,Yes,Delhi,Delhi,7.3,782,1,0
502318,143631,2026-07-11,04:29:00,3685.19,Travel,UPI,Web Browser,Yes,Kolkata,Kolkata,2.0,1936,4,0
501345,118668,2026-01-20,15:08:00,3468.96,Electronics,ATM,POS Terminal,No,Ahmedabad,Ahmedabad,6.3,246,1,0
503442,102445,2026-05-24,04:43:00,3168.54,Fuel,ONLINE,Mobile App,No,Kolkata,Kolkata,11.3,1907,3,0
504636,176406,2026-03-10,20:50:00,8752.69,ATM Withdrawal,UPI,ATM Machine,No,Jaipur,Jaipur,11.7,2004,0,0
505871,178710,2026-07-24,11:35:00,5577.58,Grocery,ONLINE,USSD,Yes,Bengaluru,Bengaluru,14.8,1150,2,0
500970,103605,2026-02-19,23:14:00,884.77,Jewellery,POS,POS Terminal,No,Hyderabad,Hyderabad,11.3,738,3,0
500180,150103,2026-06-23,17:03:00,3663.42,ATM Withdrawal,POS,ATM Machine,No,Jaipur,Jaipur,5.7,2191,2,0
502795,106922,2026-01-25,02:00:00,72184.89,Jewellery,POS,Web Browser,No,Kolkata,Rajpura,379.8,49,8,1
501508,147985,2026-07-03,21:57:00,4156.02,Pharmacy,ATM,Mobile App,No,Ahmedabad,Ahmedabad,7.1,934,3,0
504047,145224,2026-06-29,02:19:00,11383.42,Utility Bill,UPI,ATM Machine,No,Kolkata,Kolkata,6.9,35,0,0
502139,153923,2026-08-05,00:12:00,727.96,Pharmacy,POS,Web Browser,Yes,Rajpura,Rajpura,13.4,419,2,0
505829,111815,2026-01-08,18:07:00,3811.86,E-commerce,UPI,Mobile App,Yes,Hyderabad,Hyderabad,6.8,1390,0,0
503488,195850,2026-02-20,21:21:00,2914.08,Pharmacy,POS,Mobile App,No,Bengaluru,Bengaluru,11.7,904,1,0
504537,108097,2026-01-04,15:10:00,1094.72,Utility Bill,POS,USSD,No,Delhi,Delhi,6.6,3633,1,0
505287,128681,2026-01-07,04:48:00,4310.08,ATM Withdrawal,POS,POS Terminal,No,Mumbai,Mumbai,8.8,2772,3,0
505496,118666,2026-02-20,20:33:00,2418.81,Jewellery,ONLINE,POS Terminal,Yes,Jaipur,Jaipur,0.3,1549,1,0
501868,176000,2026-03-20,16:16:00,5543.7,Utility Bill,ONLINE,ATM Machine,Yes,Mumbai,Mumbai,3.1,1036,0,0
500091,143521,2026-07-28,11:24:00,3864.04,Electronics,ATM,Web Browser,Yes,Bengaluru,Bengaluru,3.3,1276,2,0
502816,109428,2026-06-04,13:00:00,4956.85,Dining,UPI,USSD,Yes,Chennai,Chennai,10.8,1732,1,0
503410,147392,2026-07-10,10:34:00,1443.44,Dining,ONLINE,USSD,No,Delhi,Delhi,13.2,3580,1,0
502406,182853,2026-01-05,00:40:00,5491.18,Jewellery,ONLINE,Mobile App,No,Delhi,Delhi,12.2,2238,2,0
502472,109915,2026-08-20,18:16:00,4193.54,Travel,ONLINE,Web Browser,Yes,Delhi,Delhi,8.3,2632,2,0
500625,160417,2026-06-20,00:55:00,6038.91,Travel,NEFT,Web Browser,No,Pune,Pune,11.4,248,2,0
500070,146955,2026-02-01,23:05:00,1714.88,ATM Withdrawal,ATM,Web Browser,No,Jaipur,Jaipur,1.0,938,1,0
503625,183249,2026-05-02,16:09:00,5339.86,Dining,ATM,USSD,No,Rajpura,Rajpura,2.1,2596,2,0
501506,124248,2026-07-20,18:16:00,2895.57,ATM Withdrawal,POS,POS Terminal,No,Kolkata,Kolkata,9.9,1148,1,0
503492,163555,2026-05-13,13:38:00,2058.6,Grocery,ATM,USSD,No,Mumbai,Mumbai,4.7,621,0,0
505138,165498,2026-07-24,16:33:00,3266.96,Electronics,POS,Mobile App,Yes,Delhi,Delhi,9.3,2029,1,0
504670,142838,2026-01-01,05:01:00,3835.89,Dining,ONLINE,ATM Machine,Yes,Chennai,Chennai,1.1,2223,2,0
500765,136077,2026-05-14,08:26:00,3386.88,Utility Bill,ONLINE,ATM Machine,Yes,Kolkata,Kolkata,13.8,1962,1,0
500294,133156,2026-07-30,18:02:00,1709.38,Pharmacy,UPI,USSD,No,Ahmedabad,Ahmedabad,3.9,2670,2,0
504353,155121,2026-05-30,16:57:00,12454.77,ATM Withdrawal,UPI,USSD,No,Bengaluru,Bengaluru,11.6,1428,0,0
500446,166285,2026-04-11,13:41:00,4073.54,Jewellery,UPI,USSD,No,Ahmedabad,Ahmedabad,14.9,2146,2,0
500469,118146,2026-06-03,10:19:00,6502.73,Dining,ONLINE,POS Terminal,Yes,Pune,Pune,6.1,125,3,0
503436,160635,2026-08-24,19:25:00,2326.72,Electronics,ONLINE,POS Terminal,No,Pune,Pune,7.7,1830,1,0
501220,144008,2026-01-29,00:11:00,1000.09,Grocery,UPI,POS Terminal,No,Bengaluru,Bengaluru,14.3,1019,2,0
500433,182594,2026-03-30,15:17:00,3725.28,Utility Bill,POS,ATM Machine,Yes,Bengaluru,Bengaluru,8.4,3549,0,0
503188,140287,2026-02-09,19:32:00,440.2,Grocery,ONLINE,ATM Machine,Yes,Bengaluru,Bengaluru,2.2,1947,0,0
501489,111109,2026-07-24,23:02:00,620.16,Utility Bill,ATM,POS Terminal,Yes,Mumbai,Mumbai,3.6,1589,5,0
503548,188216,2026-01-20,22:51:00,13700.0,Fuel,ONLINE,ATM Machine,Yes,Kolkata,Kolkata,9.4,3180,3,0
503752,179844,2026-08-15,02:17:00,2801.04,Grocery,POS,Web Browser,No,Pune,Pune,11.8,526,0,0
500578,152374,2026-06-08,08:21:00,4839.77,Electronics,ONLINE,ATM Machine,Yes,Mumbai,Mumbai,3.3,451,3,0
502174,176465,2026-01-31,23:10:00,32036.54,Jewellery,ONLINE,Web Browser,No,Pune,Jaipur,878.5,33,5,1
500246,108444,2026-06-24,16:37:00,3043.25,E-commerce,POS,Web Browser,No,Chennai,Chennai,11.3,1926,1,0
504191,142920,2026-03-27,00:34:00,2590.12,Utility Bill,ATM,USSD,No,Mumbai,Mumbai,0.5,1138,0,0
500368,131592,2026-07-17,15:49:00,4807.84,Fuel,POS,Web Browser,Yes,Delhi,Delhi,8.4,1639,1,0
504569,130941,2026-01-24,13:48:00,2848.94,ATM Withdrawal,POS,USSD,No,Jaipur,Jaipur,2.9,1152,1,0
502901,150745,2026-03-06,12:17:00,4291.9,Grocery,POS,Web Browser,Yes,Delhi,Delhi,0.9,1882,3,0
501612,114371,2026-07-26,01:51:00,33097.49,ATM Withdrawal,ONLINE,USSD,No,Delhi,Kolkata,654.5,23,12,1
502846,145639,2026-05-01,06:46:00,3260.93,Travel,UPI,POS Terminal,Yes,Hyderabad,Hyderabad,6.9,219,1,0
503785,198466,2026-01-25,10:43:00,1454.38,E-commerce,ONLINE,Mobile App,Yes,Kolkata,Kolkata,8.1,1141,1,0
504210,160652,2026-08-01,16:12:00,4001.8,Jewellery,UPI,ATM Machine,Yes,Rajpura,Rajpura,11.7,215,2,0
505501,194594,2026-05-29,12:19:00,3117.27,Grocery,UPI,Web Browser,No,Bengaluru,Bengaluru,9.6,783,0,0
501243,196324,2026-06-16,08:17:00,678.72,ATM Withdrawal,POS,POS Terminal,Yes,Bengaluru,Bengaluru,11.6,2705,1,0
502371,104393,2026-01-30,00:56:00,5707.06,Electronics,UPI,POS Terminal,No,Jaipur,Jaipur,1.6,521,2,0
504270,150421,2026-03-04,06:13:00,865.19,ATM Withdrawal,ONLINE,USSD,No,Rajpura,Rajpura,14.6,2152,1,0
504473,148817,2026-04-15,23:34:00,9288.69,Jewellery,ONLINE,Mobile App,No,Ahmedabad,Ahmedabad,14.5,1765,1,0
504386,172103,2026-05-08,02:38:00,4851.52,Electronics,UPI,ATM Machine,Yes,Delhi,Delhi,5.8,2921,3,0
500556,150452,2026-08-23,15:07:00,2021.24,Electronics,POS,ATM Machine,No,Pune,Pune,14.8,2273,0,0
502164,191266,2026-01-21,20:43:00,790.02,Grocery,UPI,Mobile App,No,Bengaluru,Bengaluru,8.2,3353,2,0
505969,119254,2026-01-06,11:03:00,1815.8,Electronics,ONLINE,USSD,Yes,Hyderabad,Hyderabad,5.5,3551,2,0
505960,187509,2026-08-09,15:52:00,3382.38,Pharmacy,ATM,USSD,No,Hyderabad,Hyderabad,6.9,1930,1,0
504743,142796,2026-01-13,09:06:00,5449.03,Travel,ATM,Mobile App,No,Kolkata,Kolkata,14.8,2990,0,0
505852,158978,2026-05-15,11:25:00,1169.83,Dining,ONLINE,ATM Machine,Yes,Delhi,Delhi,13.0,3417,1,0
504276,177393,2026-08-20,01:17:00,2032.26,Electronics,POS,Web Browser,No,Mumbai,Mumbai,12.6,1747,1,0
501964,181829,2026-07-18,23:07:00,6341.08,Utility Bill,ATM,Web Browser,No,Kolkata,Kolkata,6.6,3946,0,0
504265,159949,2026-01-11,00:33:00,4003.11,Grocery,POS,ATM Machine,Yes,Hyderabad,Hyderabad,9.7,1840,1,0
503290,118537,2026-06-14,16:09:00,5319.44,Travel,UPI,ATM Machine,Yes,Bengaluru,Bengaluru,7.3,2224,2,0
505585,145927,2026-07-30,04:37:00,4048.16,Pharmacy,POS,USSD,No,Chennai,Chennai,3.6,2815,2,0
500152,128138,2026-03-15,12:29:00,1946.4,Utility Bill,ONLINE,ATM Machine,No,Jaipur,Jaipur,8.2,3660,4,0
504675,183245,2026-05-28,08:58:00,4501.36,Jewellery,POS,USSD,Yes,Ahmedabad,Ahmedabad,11.6,747,3,0
504733,176319,2026-03-19,20:04:00,684.96,Jewellery,POS,Mobile App,Yes,Bengaluru,Bengaluru,4.1,1850,0,0
504759,145199,2026-08-22,09:24:00,2766.27,Pharmacy,POS,Web Browser,Yes,Pune,Pune,9.4,1624,2,0
505271,118488,2026-02-12,01:23:00,1291.36,Pharmacy,UPI,POS Terminal,Yes,Kolkata,Kolkata,11.6,896,1,0
504215,168511,2026-07-06,22:48:00,9106.57,ATM Withdrawal,UPI,USSD,Yes,Rajpura,Rajpura,11.7,3034,0,0
503495,192800,2026-08-23,20:52:00,3092.38,Grocery,UPI,Mobile App,Yes,Pune,Pune,1.3,3504,3,0
505831,133024,2026-02-17,23:43:00,1624.77,Travel,ONLINE,USSD,Yes,Pune,Pune,8.4,2460,3,0
503693,119522,2026-04-27,02:49:00,1963.55,Travel,NEFT,Mobile App,No,Pune,Pune,4.1,1778,2,0
504621,161777,2026-06-22,19:52:00,2100.66,Grocery,ATM,USSD,No,Chennai,Chennai,7.6,1274,3,0
503608,169353,2026-02-15,11:09:00,3925.9,Utility Bill,ONLINE,Web Browser,Yes,Kolkata,Kolkata,13.1,237,2,0
501756,131912,2026-06-14,07:12:00,6786.41,Utility Bill,ATM,USSD,Yes,Jaipur,Jaipur,10.7,853,0,0
505274,146439,2026-08-03,06:48:00,309.77,Electronics,ONLINE,POS Terminal,Yes,Bengaluru,Bengaluru,14.6,2809,1,0
504560,164839,2026-03-13,07:43:00,12543.43,ATM Withdrawal,POS,USSD,No,Ahmedabad,Ahmedabad,10.5,2344,1,0
500749,131301,2026-07-11,20:45:00,873.38,Pharmacy,POS,Web Browser,Yes,Chennai,Chennai,13.4,2654,1,0
505781,119363,2026-05-24,07:06:00,6717.21,ATM Withdrawal,POS,POS Terminal,No,Delhi,Delhi,4.7,2973,7,0
501534,118832,2026-07-17,19:24:00,4256.04,Fuel,UPI,Mobile App,Yes,Pune,Pune,13.6,1949,4,0
501043,141520,2026-07-10,05:13:00,11720.16,Jewellery,UPI,USSD,No,Hyderabad,Hyderabad,2.7,3449,1,0
505492,178275,2026-07-27,09:24:00,10304.18,Fuel,ATM,Mobile App,Yes,Mumbai,Mumbai,11.0,3859,3,0
503880,104255,2026-05-05,14:05:00,1347.24,Dining,ATM,Web Browser,No,Delhi,Delhi,11.6,1626,1,0
502664,149658,2026-07-26,21:28:00,2698.11,Grocery,NEFT,Mobile App,No,Jaipur,Jaipur,6.3,3363,2,0
505107,175831,2026-06-12,13:47:00,3575.59,Dining,ATM,Mobile App,Yes,Hyderabad,Hyderabad,4.6,2182,2,0
501558,177292,2026-05-24,08:21:00,3716.07,Fuel,ATM,Mobile App,Yes,Ahmedabad,Ahmedabad,11.6,3026,1,0
500492,186773,2026-07-19,02:43:00,71576.39,Grocery,POS,Web Browser,No,Pune,Ahmedabad,284.1,22,6,1
504374,181821,2026-06-17,08:50:00,6375.01,Grocery,ONLINE,Web Browser,No,Mumbai,Mumbai,12.5,1286,1,0
503383,196099,2026-05-22,01:39:00,4395.43,Dining,ATM,Web Browser,Yes,Ahmedabad,Ahmedabad,15.0,2780,3,0
505528,131576,2026-02-22,15:08:00,3501.18,ATM Withdrawal,UPI,POS Terminal,No,Jaipur,Jaipur,12.8,2076,0,0
500472,180435,2026-05-03,01:49:00,1543.85,E-commerce,ATM,USSD,Yes,Delhi,Delhi,10.8,2785,3,0
505304,142015,2026-01-18,22:59:00,2894.21,Travel,POS,USSD,Yes,Kolkata,Kolkata,3.9,1296,3,0
502313,151002,2026-04-13,09:26:00,3719.07,ATM Withdrawal,UPI,ATM Machine,No,Kolkata,Kolkata,0.7,3668,2,0
505598,167947,2026-07-28,03:59:00,3152.64,Electronics,POS,POS Terminal,No,Hyderabad,Hyderabad,9.4,1415,1,0
500808,111058,2026-03-01,12:38:00,1134.93,E-commerce,ATM,Web Browser,Yes,Jaipur,Jaipur,11.0,3137,0,0
505671,135318,2026-08-21,08:18:00,4288.4,ATM Withdrawal,NEFT,ATM Machine,No,Bengaluru,Bengaluru,11.4,328,0,0
504880,175611,2026-03-14,04:54:00,7222.75,ATM Withdrawal,POS,Web Browser,Yes,Delhi,Delhi,7.3,1299,1,0
500897,150930,2026-04-25,00:17:00,2826.58,E-commerce,ONLINE,Web Browser,No,Bengaluru,Bengaluru,12.3,3314,1,0
505372,173916,2026-05-13,03:34:00,10811.24,Fuel,ATM,Web Browser,No,Mumbai,Mumbai,13.7,3071,1,0
502504,110740,2026-01-26,12:58:00,1814.74,Travel,POS,Mobile App,No,Delhi,Delhi,9.8,1651,0,0
505684,143299,2026-04-19,03:00:00,3505.18,Grocery,ONLINE,ATM Machine,No,Chennai,Chennai,11.5,2175,3,0
504323,146259,2026-07-12,13:17:00,3408.1,Jewellery,POS,POS Terminal,Yes,Kolkata,Kolkata,12.4,984,2,0
500355,196936,2026-06-01,14:11:00,6425.99,Jewellery,ATM,POS Terminal,No,Ahmedabad,Ahmedabad,12.4,519,1,0
500252,149398,2026-08-23,07:03:00,1348.85,Utility Bill,UPI,ATM Machine,Yes,Delhi,Delhi,9.7,2495,2,0
500186,144615,2026-08-23,14:55:00,2419.24,Grocery,UPI,Mobile App,No,Rajpura,Rajpura,14.0,827,3,0
502379,198772,2026-01-10,13:11:00,3469.41,Fuel,ATM,Web Browser,No,Jaipur,Jaipur,0.5,2997,0,0
501184,144820,2026-02-18,16:17:00,7712.85,Travel,ONLINE,Web Browser,No,Chennai,Chennai,2.6,3919,1,0
502111,128110,2026-07-06,01:13:00,5503.28,Fuel,UPI,Web Browser,No,Chennai,Chennai,1.5,1119,2,0
504275,103333,2026-02-11,01:28:00,2282.37,Pharmacy,UPI,POS Terminal,No,Bengaluru,Bengaluru,8.3,61,2,0
500228,157921,2026-08-17,22:25:00,18583.07,Electronics,POS,POS Terminal,No,Hyderabad,Hyderabad,3.4,2154,2,0
502154,154454,2026-03-26,05:01:00,4529.98,Travel,UPI,USSD,No,Hyderabad,Hyderabad,9.0,1040,2,0
505768,132907,2026-04-15,00:35:00,1612.57,ATM Withdrawal,ATM,USSD,Yes,Jaipur,Jaipur,2.6,145,3,0
501296,151462,2026-07-21,00:27:00,2048.4,Utility Bill,POS,Web Browser,Yes,Chennai,Chennai,3.6,1229,1,0
505932,154293,2026-03-22,04:45:00,168.12,Pharmacy,POS,Mobile App,Yes,Bengaluru,Bengaluru,6.7,904,2,0
504852,172569,2026-05-27,13:17:00,645.13,E-commerce,ATM,Web Browser,No,Hyderabad,Hyderabad,14.3,207,3,0
503939,172272,2026-02-11,09:40:00,4913.52,Travel,POS,POS Terminal,Yes,Hyderabad,Hyderabad,3.1,1584,0,0
505461,189881,2026-01-19,02:02:00,3948.14,Fuel,UPI,USSD,Yes,Delhi,Delhi,7.0,3854,1,0
502803,198916,2026-03-17,08:57:00,3302.85,Grocery,ONLINE,Mobile App,Yes,Ahmedabad,Ahmedabad,10.3,3963,0,0
503185,162937,2026-06-23,22:26:00,4753.87,ATM Withdrawal,POS,POS Terminal,Yes,Jaipur,Jaipur,8.6,2332,1,0
501906,124479,2026-06-01,02:50:00,2299.71,Travel,ATM,POS Terminal,No,Jaipur,Jaipur,3.0,1415,1,0
505037,191467,2026-04-07,23:44:00,4203.3,Dining,POS,Web Browser,No,Kolkata,Kolkata,12.6,2174,1,0
502224,142279,2026-03-07,14:46:00,5149.24,ATM Withdrawal,UPI,ATM Machine,Yes,Rajpura,Rajpura,14.6,1767,2,0
503839,195967,2026-08-20,07:50:00,1081.44,Fuel,ONLINE,Web Browser,No,Delhi,Delhi,4.3,820,2,0
503182,119518,2026-07-22,08:26:00,3084.54,Travel,UPI,ATM Machine,Yes,Bengaluru,Bengaluru,4.0,153,2,0
500293,195376,2026-02-05,09:20:00,5049.01,Jewellery,POS,USSD,No,Mumbai,Mumbai,3.6,1854,0,0
502722,166832,2026-03-09,11:21:00,776.68,Grocery,ATM,POS Terminal,Yes,Bengaluru,Bengaluru,0.8,3445,3,0
500550,168070,2026-06-09,00:24:00,2916.4,Travel,POS,ATM Machine,Yes,Ahmedabad,Ahmedabad,10.2,1094,2,0
504255,134168,2026-07-10,18:50:00,2158.45,Utility Bill,UPI,ATM Machine,No,Delhi,Delhi,13.7,2373,0,0
505530,107245,2026-06-02,09:26:00,4415.57,Pharmacy,ATM,ATM Machine,Yes,Kolkata,Kolkata,3.1,3613,4,0
501570,198463,2026-04-10,15:28:00,8257.4,E-commerce,ONLINE,Web Browser,No,Pune,Pune,0.3,3884,1,0
501076,116374,2026-06-14,14:57:00,3213.98,Electronics,ONLINE,USSD,Yes,Pune,Pune,4.9,576,1,0
504441,132621,2026-04-16,22:59:00,1158.3,Fuel,UPI,ATM Machine,Yes,Kolkata,Kolkata,10.1,3016,3,0
502448,164628,2026-06-16,03:33:00,897.63,ATM Withdrawal,UPI,Web Browser,Yes,Delhi,Delhi,6.7,2912,1,0
501323,154965,2026-01-21,17:58:00,10933.13,Travel,UPI,USSD,Yes,Jaipur,Jaipur,11.0,1407,2,0
505060,163127,2026-05-20,06:57:00,2854.04,ATM Withdrawal,ONLINE,Web Browser,Yes,Rajpura,Rajpura,0.7,3810,1,0
502969,171967,2026-02-17,09:12:00,1460.8,Electronics,ATM,Mobile App,Yes,Chennai,Chennai,9.0,1327,0,0
503210,123525,2026-05-18,21:10:00,7799.37,Utility Bill,POS,ATM Machine,Yes,Hyderabad,Hyderabad,8.8,1962,3,0
502671,179186,2026-02-20,22:23:00,5759.62,Fuel,UPI,ATM Machine,No,Hyderabad,Hyderabad,2.7,3745,2,0
502421,125856,2026-07-14,13:18:00,1294.86,Pharmacy,POS,USSD,No,Ahmedabad,Ahmedabad,2.0,2522,2,0
503735,132243,2026-08-02,21:58:00,4106.35,Grocery,ONLINE,USSD,Yes,Chennai,Chennai,7.5,3250,2,0
505110,128521,2026-01-26,19:56:00,379.08,E-commerce,ONLINE,USSD,No,Hyderabad,Hyderabad,8.9,1646,1,0
503054,135767,2026-01-25,18:50:00,2556.04,Jewellery,ONLINE,POS Terminal,Yes,Ahmedabad,Ahmedabad,10.2,1973,0,0
502835,138805,2026-03-12,02:48:00,967.5,Utility Bill,ONLINE,Web Browser,No,Jaipur,Jaipur,12.8,565,0,0
503718,125043,2026-01-28,20:16:00,3478.58,Grocery,ONLINE,ATM Machine,Yes,Mumbai,Mumbai,0.5,2731,0,0
503338,105053,2026-07-08,15:18:00,2848.47,Pharmacy,POS,POS Terminal,No,Rajpura,Rajpura,13.5,343,0,0
503197,122564,2026-01-08,12:41:00,2527.59,Electronics,ONLINE,ATM Machine,Yes,Jaipur,Jaipur,7.9,1664,0,0
504867,146835,2026-08-26,10:49:00,2877.69,Grocery,POS,POS Terminal,Yes,Chennai,Chennai,11.1,627,2,0
503741,122485,2026-05-09,20:50:00,6926.66,Grocery,UPI,ATM Machine,No,Chennai,Chennai,5.7,48,1,0
504887,169108,2026-04-17,11:32:00,1721.48,Dining,UPI,Web Browser,Yes,Mumbai,Mumbai,5.2,263,1,0
505801,112437,2026-08-24,02:50:00,2330.63,Travel,ONLINE,POS Terminal,No,Bengaluru,Bengaluru,8.9,3357,3,0
501143,193138,2026-08-27,00:50:00,6625.69,Electronics,POS,USSD,Yes,Jaipur,Jaipur,1.6,1391,2,0
504644,106697,2026-05-27,13:21:00,2426.47,Utility Bill,UPI,ATM Machine,Yes,Hyderabad,Hyderabad,9.3,3302,1,0
500933,125749,2026-04-24,08:45:00,2506.27,Travel,NEFT,Mobile App,Yes,Mumbai,Mumbai,2.8,1722,1,0
500614,138508,2026-01-26,16:28:00,4521.15,Jewellery,NEFT,POS Terminal,No,Mumbai,Mumbai,9.3,2625,1,0
502228,193289,2026-06-04,12:46:00,2600.53,Utility Bill,POS,ATM Machine,Yes,Pune,Pune,10.1,367,0,0
504739,134983,2026-04-12,07:57:00,5216.91,Utility Bill,ATM,ATM Machine,Yes,Mumbai,Mumbai,0.8,3142,2,0
503241,120883,2026-07-28,13:01:00,7731.22,ATM Withdrawal,POS,USSD,Yes,Bengaluru,Bengaluru,6.1,599,0,0
503470,186660,2026-02-22,19:00:00,844.57,Dining,UPI,USSD,Yes,Jaipur,Jaipur,3.4,630,4,0
505051,143424,2026-07-11,01:16:00,1577.17,Electronics,ATM,Mobile App,No,Rajpura,Rajpura,2.0,3358,0,0
504692,106639,2026-03-07,12:41:00,2106.16,Dining,NEFT,ATM Machine,Yes,Mumbai,Mumbai,0.9,320,0,0
503816,107179,2026-05-31,19:40:00,5461.73,Electronics,UPI,Web Browser,Yes,Delhi,Delhi,2.9,3680,0,0
504102,198763,2026-03-28,09:23:00,1954.32,Grocery,UPI,Mobile App,Yes,Bengaluru,Bengaluru,1.2,1697,2,0
505408,181228,2026-02-11,08:14:00,9388.16,E-commerce,UPI,ATM Machine,No,Ahmedabad,Ahmedabad,11.0,3253,2,0
500506,145389,2026-01-10,10:35:00,3022.41,Electronics,UPI,ATM Machine,No,Bengaluru,Bengaluru,0.4,2752,1,0
501510,168325,2026-06-25,10:14:00,7378.66,Travel,ONLINE,Mobile App,Yes,Kolkata,Kolkata,8.8,3548,2,0
501667,175165,2026-06-24,19:25:00,3338.04,Jewellery,ATM,ATM Machine,Yes,Pune,Pune,12.1,1005,1,0
500273,115149,2026-04-02,06:24:00,2704.99,ATM Withdrawal,NEFT,POS Terminal,No,Pune,Pune,8.4,1403,1,0
502116,120252,2026-06-28,03:15:00,9468.03,Travel,POS,POS Terminal,Yes,Jaipur,Jaipur,11.7,1824,2,0
505165,135498,2026-06-03,07:59:00,3041.62,Jewellery,POS,Web Browser,No,Pune,Pune,7.0,3551,3,0
504506,137886,2026-03-14,17:22:00,8188.24,Electronics,ONLINE,USSD,No,Bengaluru,Bengaluru,8.2,995,0,0
501486,186275,2026-08-11,01:14:00,1107.02,E-commerce,UPI,POS Terminal,Yes,Rajpura,Rajpura,13.4,1720,0,0
504302,165622,2026-01-05,12:50:00,3146.38,Dining,UPI,Web Browser,Yes,Hyderabad,Hyderabad,7.2,1785,3,0
500702,161615,2026-07-11,18:11:00,2686.22,Pharmacy,ATM,POS Terminal,Yes,Mumbai,Mumbai,9.8,2387,2,0
503834,165997,2026-05-19,21:56:00,972.24,Dining,POS,Web Browser,No,Ahmedabad,Ahmedabad,8.7,3035,2,0
503590,190978,2026-06-15,15:12:00,5658.47,E-commerce,POS,Web Browser,No,Chennai,Chennai,2.7,2231,2,0
500107,178035,2026-02-13,18:38:00,3290.34,Travel,ONLINE,POS Terminal,No,Mumbai,Mumbai,12.0,367,0,0
505048,162615,2026-05-08,09:36:00,1825.76,Grocery,ATM,Web Browser,Yes,Hyderabad,Hyderabad,14.1,3912,2,0
505001,119786,2026-06-09,22:21:00,5469.56,Utility Bill,UPI,ATM Machine,Yes,Rajpura,Rajpura,0.4,1274,1,0
505318,110594,2026-03-21,13:41:00,4794.64,Fuel,POS,ATM Machine,No,Delhi,Delhi,9.4,2016,1,0
504768,100861,2026-07-28,07:03:00,2122.98,E-commerce,UPI,Mobile App,Yes,Delhi,Delhi,1.7,1169,1,0
505242,187746,2026-07-23,22:48:00,2386.79,ATM Withdrawal,ATM,Mobile App,Yes,Kolkata,Kolkata,10.9,2684,1,0
503850,122441,2026-03-25,20:14:00,769.78,Pharmacy,ATM,Mobile App,Yes,Kolkata,Kolkata,2.0,2061,4,0
500953,161469,2026-05-09,00:16:00,65119.79,E-commerce,UPI,Web Browser,No,Rajpura,Hyderabad,944.2,22,6,1
502365,175972,2026-04-03,09:23:00,3399.19,Electronics,ATM,Mobile App,Yes,Rajpura,Rajpura,9.1,476,0,0
503896,192956,2026-07-22,09:54:00,2348.43,Travel,POS,Mobile App,Yes,Ahmedabad,Ahmedabad,4.9,1944,1,0
503840,195313,2026-01-07,10:38:00,1980.09,Dining,ATM,POS Terminal,No,Kolkata,Kolkata,11.6,3685,1,0
502651,188057,2026-05-10,13:53:00,2833.43,Fuel,POS,Mobile App,Yes,Rajpura,Rajpura,3.3,2254,3,0
503227,157881,2026-01-23,09:56:00,2349.42,Pharmacy,ONLINE,USSD,Yes,Ahmedabad,Ahmedabad,9.6,1062,4,0
504931,101499,2026-04-27,13:52:00,1006.27,Utility Bill,POS,Web Browser,Yes,Chennai,Chennai,3.4,2273,2,0
502911,111218,2026-01-25,06:53:00,3654.68,Grocery,ONLINE,ATM Machine,No,Bengaluru,Bengaluru,9.9,3700,2,0
501085,120047,2026-03-13,03:20:00,3174.7,Grocery,UPI,USSD,No,Pune,Pune,2.9,1355,2,0
503540,182724,2026-01-11,16:05:00,4959.77,Dining,ATM,USSD,Yes,Ahmedabad,Ahmedabad,11.0,832,0,0
503545,103725,2026-05-20,18:46:00,8513.39,ATM Withdrawal,UPI,Web Browser,No,Hyderabad,Hyderabad,9.5,2705,4,0
504642,103259,2026-08-01,00:20:00,9243.73,ATM Withdrawal,POS,ATM Machine,Yes,Mumbai,Mumbai,8.7,3785,1,0
501421,194992,2026-01-14,03:42:00,10172.97,Electronics,NEFT,POS Terminal,No,Ahmedabad,Ahmedabad,13.8,1348,2,0
502771,166070,2026-03-31,05:55:00,1151.85,Travel,UPI,POS Terminal,No,Pune,Pune,10.3,1550,0,0
501787,119819,2026-01-13,18:17:00,1781.94,Jewellery,ATM,POS Terminal,Yes,Ahmedabad,Ahmedabad,9.4,2115,1,0
504481,146738,2026-05-11,21:29:00,4259.15,ATM Withdrawal,ONLINE,Mobile App,Yes,Bengaluru,Bengaluru,9.5,1824,3,0
501889,106147,2026-04-19,23:47:00,11187.81,ATM Withdrawal,NEFT,Web Browser,No,Rajpura,Rajpura,1.1,2399,1,0
505662,122195,2026-05-29,01:28:00,3436.21,ATM Withdrawal,ONLINE,Mobile App,Yes,Hyderabad,Hyderabad,10.0,3704,1,0
505650,198074,2026-06-03,21:32:00,5557.79,E-commerce,UPI,POS Terminal,Yes,Chennai,Chennai,11.7,1876,1,0
500417,196930,2026-01-01,22:54:00,3042.58,Travel,ATM,USSD,Yes,Bengaluru,Bengaluru,13.5,1452,3,0
501216,111410,2026-08-17,05:39:00,2405.22,Grocery,ONLINE,ATM Machine,No,Bengaluru,Bengaluru,4.8,2551,4,0
504839,185073,2026-06-29,01:15:00,1185.41,Jewellery,ATM,Web Browser,Yes,Mumbai,Mumbai,6.3,2646,3,0
505747,143325,2026-04-12,00:02:00,3848.6,E-commerce,ATM,Mobile App,Yes,Kolkata,Kolkata,0.6,124,2,0
500565,188910,2026-01-03,18:18:00,2945.02,Utility Bill,ONLINE,USSD,Yes,Mumbai,Mumbai,13.3,498,4,0
500479,166355,2026-05-09,11:50:00,75.47,ATM Withdrawal,ATM,POS Terminal,Yes,Ahmedabad,Ahmedabad,14.7,2300,3,0
505838,103447,2026-03-13,02:52:00,90478.36,E-commerce,UPI,Web Browser,No,Rajpura,Delhi,1446.9,51,7,1
500143,127654,2026-08-09,01:06:00,1182.2,ATM Withdrawal,ATM,ATM Machine,No,Pune,Pune,14.7,1508,1,0
501213,146073,2026-03-24,14:04:00,2280.83,Travel,POS,USSD,Yes,Pune,Pune,7.3,2066,2,0
505298,166457,2026-04-24,11:34:00,2588.15,Travel,UPI,Web Browser,No,Kolkata,Kolkata,8.7,2474,2,0
501098,175532,2026-08-27,17:19:00,4896.61,Grocery,ATM,Web Browser,Yes,Delhi,Delhi,4.6,3107,2,0
502143,196243,2026-05-01,02:39:00,37339.67,E-commerce,ONLINE,USSD,No,Kolkata,Chennai,276.3,33,6,1
500606,153606,2026-08-24,12:27:00,3512.83,Travel,UPI,POS Terminal,No,Bengaluru,Bengaluru,6.1,3461,1,0
503787,117684,2026-06-09,01:08:00,21077.07,Pharmacy,ATM,Web Browser,No,Pune,Delhi,502.8,34,2,1
502576,132925,2026-06-04,02:30:00,1911.0,Grocery,UPI,Web Browser,No,Bengaluru,Bengaluru,10.2,3738,1,0
500498,137418,2026-08-06,14:58:00,986.61,Travel,NEFT,POS Terminal,Yes,Rajpura,Rajpura,0.8,2885,0,0
502543,195648,2026-02-20,14:48:00,893.26,Fuel,NEFT,Web Browser,Yes,Kolkata,Kolkata,1.9,2392,1,0
504482,129686,2026-02-07,01:00:00,5375.45,Jewellery,UPI,Web Browser,No,Delhi,Delhi,7.1,1468,1,0
505222,188663,2026-01-07,02:08:00,58508.49,Fuel,POS,USSD,No,Mumbai,Bengaluru,287.8,5,8,1
502464,158576,2026-06-08,05:01:00,9739.42,E-commerce,POS,POS Terminal,No,Mumbai,Mumbai,8.2,3151,1,0
500722,193122,2026-03-25,08:33:00,4897.46,Electronics,ONLINE,ATM Machine,Yes,Chennai,Chennai,3.9,1604,1,0
501087,180162,2026-03-13,17:48:00,2746.51,Jewellery,ATM,ATM Machine,No,Kolkata,Kolkata,14.5,1369,3,0
501026,105556,2026-07-31,04:04:00,3943.47,Jewellery,ONLINE,ATM Machine,Yes,Jaipur,Jaipur,8.2,574,2,0
501358,113436,2026-04-25,00:13:00,4129.85,Electronics,POS,POS Terminal,No,Bengaluru,Bengaluru,6.7,1978,0,0
503257,117280,2026-03-20,22:36:00,1409.95,Grocery,NEFT,Mobile App,Yes,Kolkata,Kolkata,0.4,1536,3,0
502813,119793,2026-03-14,00:50:00,1214.18,E-commerce,ONLINE,ATM Machine,No,Pune,Pune,0.9,3300,1,0
503399,100796,2026-07-04,05:19:00,3175.68,Fuel,ATM,ATM Machine,Yes,Rajpura,Rajpura,14.9,2847,1,0
504812,124726,2026-07-17,19:41:00,931.13,Fuel,POS,ATM Machine,Yes,Ahmedabad,Ahmedabad,3.8,2245,0,0
504833,138972,2026-03-27,15:09:00,1593.29,E-commerce,UPI,ATM Machine,No,Chennai,Chennai,8.6,755,0,0
502893,136434,2026-05-08,18:33:00,781.8,Dining,POS,ATM Machine,No,Hyderabad,Hyderabad,7.1,3410,2,0
503408,163821,2026-06-30,15:27:00,4759.42,E-commerce,POS,Web Browser,No,Chennai,Chennai,6.9,2457,1,0
502958,148627,2026-05-28,10:29:00,1171.05,Dining,ATM,Mobile App,No,Rajpura,Rajpura,10.4,3231,0,0
504752,114993,2026-02-19,13:36:00,1301.87,Pharmacy,ATM,POS Terminal,Yes,Hyderabad,Hyderabad,3.5,3605,5,0
500337,196320,2026-02-08,23:59:00,1226.25,Jewellery,ATM,USSD,Yes,Pune,Pune,13.6,2757,0,0
505258,128855,2026-02-03,09:06:00,1272.4,Dining,ONLINE,Mobile App,Yes,Mumbai,Mumbai,1.5,62,0,0
501965,181690,2026-07-14,13:08:00,10245.59,Utility Bill,ATM,Mobile App,Yes,Mumbai,Mumbai,2.1,3380,3,0
503558,134606,2026-08-20,04:40:00,2853.48,Jewellery,UPI,ATM Machine,No,Bengaluru,Bengaluru,5.8,531,1,0
501562,125426,2026-04-09,09:54:00,4942.82,Fuel,ATM,POS Terminal,Yes,Mumbai,Mumbai,13.0,237,2,0
501739,100324,2026-01-08,16:49:00,4014.46,Dining,ONLINE,POS Terminal,No,Hyderabad,Hyderabad,2.9,1030,0,0
504363,149681,2026-07-23,23:10:00,7230.07,Grocery,POS,ATM Machine,No,Pune,Pune,2.6,2443,1,0
502440,106607,2026-08-07,04:59:00,9702.88,Grocery,ONLINE,POS Terminal,Yes,Hyderabad,Hyderabad,14.2,2388,1,0
502019,171955,2026-04-22,13:12:00,3441.82,Travel,UPI,POS Terminal,Yes,Bengaluru,Bengaluru,1.9,2934,3,0
503097,117468,2026-07-13,06:23:00,3564.27,Fuel,POS,POS Terminal,No,Delhi,Delhi,10.2,1731,0,0
500725,178594,2026-08-10,22:01:00,4024.69,E-commerce,ONLINE,ATM Machine,Yes,Bengaluru,Bengaluru,6.3,1086,2,0
500766,178029,2026-02-09,15:43:00,1687.13,Jewellery,ATM,USSD,No,Jaipur,Jaipur,3.3,678,0,0
500287,116101,2026-01-04,11:33:00,3490.24,Grocery,POS,Mobile App,Yes,Mumbai,Mumbai,2.6,982,0,0
500308,155403,2026-04-15,06:57:00,1272.48,Pharmacy,ONLINE,USSD,Yes,Delhi,Delhi,9.6,2948,0,0
505211,110183,2026-07-26,15:40:00,5350.58,E-commerce,POS,POS Terminal,No,Kolkata,Kolkata,8.9,50,1,0
504669,173599,2026-01-30,04:28:00,4894.97,Dining,NEFT,Mobile App,No,Kolkata,Kolkata,9.1,132,0,0
505436,199086,2026-07-09,01:24:00,7095.21,Dining,NEFT,Mobile App,Yes,Jaipur,Jaipur,3.1,230,2,0
501731,177866,2026-02-11,07:19:00,3286.01,Utility Bill,POS,USSD,No,Pune,Pune,6.5,2086,3,0
504410,132326,2026-04-08,07:52:00,3745.2,Fuel,POS,POS Terminal,No,Delhi,Delhi,7.5,3331,0,0
505086,133971,2026-02-16,07:57:00,4489.5,Travel,UPI,ATM Machine,No,Pune,Pune,2.7,3168,2,0
501472,169818,2026-06-07,23:20:00,636.42,Grocery,NEFT,USSD,Yes,Jaipur,Jaipur,3.1,1790,1,0
500072,118946,2026-08-11,21:35:00,2349.02,ATM Withdrawal,ATM,Mobile App,Yes,Ahmedabad,Ahmedabad,0.7,322,4,0
501567,196825,2026-01-01,07:15:00,5155.29,Grocery,POS,Web Browser,No,Kolkata,Kolkata,6.0,3962,0,0
500712,152262,2026-07-14,11:56:00,3703.35,Jewellery,POS,Mobile App,Yes,Chennai,Chennai,3.8,3249,0,0
503711,135999,2026-02-19,19:48:00,1550.32,Pharmacy,ONLINE,USSD,Yes,Delhi,Delhi,11.9,3883,1,0
501021,105594,2026-07-26,18:38:00,6179.06,Pharmacy,UPI,Web Browser,Yes,Pune,Pune,1.4,2717,4,0
501346,199757,2026-03-08,12:17:00,5363.58,Pharmacy,UPI,ATM Machine,Yes,Bengaluru,Bengaluru,2.1,2484,7,0
504999,167852,2026-03-11,08:56:00,5040.56,Fuel,ONLINE,ATM Machine,No,Pune,Pune,3.8,528,1,0
503159,166793,2026-04-17,19:41:00,2057.22,Jewellery,ONLINE,Web Browser,Yes,Pune,Pune,8.9,379,3,0
500738,133363,2026-06-16,13:03:00,2323.43,Pharmacy,POS,Web Browser,No,Delhi,Delhi,1.4,391,1,0
505401,185148,2026-07-31,10:32:00,3601.82,Utility Bill,POS,Web Browser,No,Chennai,Chennai,0.3,3623,1,0
502433,116248,2026-07-13,21:28:00,6790.73,Fuel,UPI,USSD,Yes,Mumbai,Mumbai,10.4,1839,2,0
505804,193123,2026-02-13,23:08:00,55210.35,Pharmacy,POS,Web Browser,No,Mumbai,Delhi,596.8,31,4,1
505571,176177,2026-07-11,03:05:00,1320.14,ATM Withdrawal,POS,ATM Machine,Yes,Mumbai,Mumbai,9.2,1638,2,0
501236,134648,2026-07-09,20:41:00,5298.55,Pharmacy,ATM,Mobile App,No,Delhi,Delhi,13.6,606,1,0
502260,199203,2026-04-30,07:48:00,4899.3,Travel,ATM,POS Terminal,Yes,Jaipur,Jaipur,3.8,808,1,0
505480,157528,2026-01-01,15:07:00,3168.17,Grocery,ATM,Web Browser,No,Chennai,Chennai,5.3,2966,1,0
504380,192958,2026-01-14,19:56:00,3497.22,Grocery,ATM,ATM Machine,Yes,Pune,Pune,3.1,981,1,0
503951,137699,2026-05-22,16:42:00,9228.68,Grocery,ATM,ATM Machine,No,Kolkata,Kolkata,2.6,82,1,0
505489,186088,2026-07-07,23:27:00,68441.13,Electronics,UPI,USSD,No,Chennai,Rajpura,676.6,20,5,1
500979,135086,2026-07-24,06:48:00,2056.14,Fuel,NEFT,Web Browser,Yes,Hyderabad,Hyderabad,0.9,2853,0,0
504624,107874,2026-01-14,07:01:00,8122.02,Pharmacy,UPI,ATM Machine,Yes,Bengaluru,Bengaluru,5.3,1029,1,0
505109,132577,2026-04-11,05:29:00,1761.09,Grocery,UPI,ATM Machine,Yes,Bengaluru,Bengaluru,14.5,265,1,0
502023,165822,2026-07-11,22:33:00,4089.1,Pharmacy,ONLINE,ATM Machine,Yes,Jaipur,Jaipur,2.9,2433,3,0
503521,182600,2026-07-22,20:44:00,2037.79,Grocery,POS,Mobile App,No,Chennai,Chennai,3.8,589,1,0
505282,171661,2026-03-02,06:19:00,3903.88,Fuel,ONLINE,ATM Machine,No,Chennai,Chennai,2.4,984,0,0
500345,190552,2026-06-12,13:03:00,1328.55,E-commerce,POS,Mobile App,Yes,Delhi,Delhi,2.9,760,1,0
505000,149859,2026-06-23,00:20:00,9820.56,Jewellery,ONLINE,USSD,No,Bengaluru,Bengaluru,15.0,1276,0,0
500912,118353,2026-03-22,17:07:00,2542.37,Utility Bill,POS,ATM Machine,No,Ahmedabad,Ahmedabad,1.4,2813,2,0
502437,163937,2026-05-27,22:36:00,5944.11,Utility Bill,POS,Mobile App,Yes,Delhi,Delhi,0.5,3454,3,0
500048,189311,2026-03-29,21:04:00,8391.73,E-commerce,POS,Web Browser,Yes,Pune,Pune,1.1,3523,0,0
504081,190388,2026-06-24,13:30:00,2606.2,Pharmacy,POS,ATM Machine,Yes,Delhi,Delhi,3.6,3961,0,0
505196,140685,2026-07-27,15:57:00,869.26,Jewellery,POS,Web Browser,No,Kolkata,Kolkata,14.7,591,2,0
500444,148857,2026-08-17,05:52:00,6739.59,E-commerce,UPI,ATM Machine,No,Rajpura,Rajpura,14.8,2065,2,0
503593,198486,2026-06-04,01:40:00,1932.95,Utility Bill,POS,POS Terminal,Yes,Jaipur,Jaipur,12.6,991,2,0
503131,135879,2026-06-26,23:21:00,4693.6,Utility Bill,UPI,Mobile App,Yes,Pune,Pune,6.4,2829,0,0
502487,124429,2026-07-28,16:57:00,4054.05,Travel,UPI,POS Terminal,No,Kolkata,Kolkata,10.2,2576,2,0
505709,153614,2026-05-23,09:15:00,1150.08,Grocery,POS,Mobile App,No,Kolkata,Kolkata,3.0,2501,2,0
501894,171023,2026-06-06,17:57:00,5977.04,Grocery,ONLINE,USSD,Yes,Bengaluru,Bengaluru,14.7,1432,2,0
503018,121549,2026-05-24,14:22:00,2634.18,E-commerce,ONLINE,ATM Machine,Yes,Ahmedabad,Ahmedabad,7.4,2911,0,0
501221,164966,2026-06-13,11:18:00,1536.46,Jewellery,ATM,Mobile App,Yes,Chennai,Chennai,13.5,492,0,0
503831,189736,2026-03-26,18:32:00,790.77,Pharmacy,NEFT,ATM Machine,Yes,Mumbai,Mumbai,10.6,3831,3,0
502269,111823,2026-02-12,00:30:00,972.49,Fuel,UPI,Web Browser,Yes,Delhi,Delhi,14.1,3906,2,0
501056,199545,2026-03-13,00:49:00,5898.4,Fuel,POS,POS Terminal,Yes,Delhi,Delhi,3.6,693,2,0
500849,181997,2026-01-17,06:29:00,1951.34,ATM Withdrawal,NEFT,USSD,Yes,Chennai,Chennai,8.9,3165,1,0
503893,143598,2026-05-16,17:12:00,5772.18,Electronics,ATM,POS Terminal,Yes,Mumbai,Mumbai,6.2,3935,1,0
505847,112079,2026-07-10,01:26:00,706.96,Fuel,UPI,POS Terminal,No,Rajpura,Rajpura,11.5,179,1,0
503878,124556,2026-03-02,05:30:00,2994.69,Travel,NEFT,ATM Machine,No,Hyderabad,Hyderabad,10.9,3804,1,0
502743,151204,2026-08-02,01:06:00,2616.85,Grocery,UPI,POS Terminal,No,Rajpura,Rajpura,9.4,266,1,0
505607,145115,2026-07-02,23:16:00,4251.11,Jewellery,UPI,POS Terminal,No,Ahmedabad,Ahmedabad,7.9,3145,0,0
504281,147892,2026-06-08,03:02:00,2296.45,Travel,ONLINE,Mobile App,Yes,Ahmedabad,Ahmedabad,9.4,1050,2,0
501329,167500,2026-01-29,22:30:00,3089.18,Fuel,NEFT,POS Terminal,Yes,Chennai,Chennai,7.6,2001,1,0
502875,138353,2026-05-19,11:13:00,2287.93,ATM Withdrawal,ATM,POS Terminal,Yes,Chennai,Chennai,14.3,1243,1,0
504631,114787,2026-02-20,12:32:00,9773.11,E-commerce,NEFT,ATM Machine,No,Delhi,Delhi,2.5,2407,0,0
500777,142379,2026-06-26,22:03:00,1470.58,Dining,POS,Web Browser,Yes,Pune,Pune,0.2,1876,2,0
505677,152280,2026-03-16,22:28:00,3879.19,Travel,UPI,POS Terminal,No,Rajpura,Rajpura,4.3,3107,1,0
500184,169631,2026-08-11,02:47:00,8888.68,Jewellery,ONLINE,Web Browser,No,Jaipur,Jaipur,2.2,606,1,0
503130,179144,2026-01-19,07:41:00,5684.02,Grocery,UPI,ATM Machine,Yes,Delhi,Delhi,0.3,1466,0,0
504099,179371,2026-08-12,11:36:00,425.16,Utility Bill,ONLINE,Mobile App,Yes,Hyderabad,Hyderabad,8.8,778,2,0
501194,170302,2026-01-22,05:07:00,2208.23,Electronics,UPI,POS Terminal,Yes,Rajpura,Rajpura,10.6,1698,0,0
503649,199867,2026-04-19,13:33:00,6189.56,ATM Withdrawal,UPI,Web Browser,No,Jaipur,Jaipur,7.5,2092,3,0
500735,120826,2026-07-07,05:35:00,7502.93,Grocery,ONLINE,ATM Machine,No,Chennai,Chennai,6.6,3927,0,0
501836,113779,2026-08-22,15:36:00,2724.35,Fuel,UPI,ATM Machine,Yes,Pune,Pune,7.4,1596,3,0
502273,129697,2026-03-30,13:19:00,1095.55,ATM Withdrawal,POS,Web Browser,No,Delhi,Delhi,2.1,103,2,0
503794,165586,2026-08-13,14:46:00,1508.71,ATM Withdrawal,ONLINE,USSD,No,Bengaluru,Bengaluru,7.6,3259,0,0
500486,123263,2026-03-08,00:03:00,3647.99,Dining,ATM,Mobile App,Yes,Jaipur,Jaipur,13.5,1490,1,0
501164,153140,2026-01-09,14:15:00,4101.86,Electronics,POS,ATM Machine,Yes,Ahmedabad,Ahmedabad,13.1,510,0,0
500453,149915,2026-04-06,20:03:00,2336.79,Fuel,ATM,ATM Machine,Yes,Jaipur,Jaipur,1.2,1722,3,0
502299,122195,2026-05-24,07:37:00,2488.7,ATM Withdrawal,ONLINE,Mobile App,Yes,Mumbai,Mumbai,3.7,1217,4,0
504595,161675,2026-02-25,01:49:00,7946.85,Grocery,ATM,ATM Machine,Yes,Hyderabad,Hyderabad,9.7,995,0,0
500031,145045,2026-05-18,17:05:00,6927.4,Travel,POS,ATM Machine,Yes,Rajpura,Rajpura,1.5,2099,1,0
500790,101230,2026-04-23,14:33:00,3442.45,Dining,UPI,USSD,No,Ahmedabad,Ahmedabad,10.5,676,4,0
505099,193778,2026-01-17,17:51:00,1570.12,Travel,ONLINE,ATM Machine,Yes,Delhi,Delhi,5.6,1081,4,0
501966,174160,2026-01-31,06:40:00,9169.07,Utility Bill,ONLINE,Mobile App,No,Pune,Pune,13.4,853,1,0
501110,104464,2026-02-18,03:32:00,1969.55,E-commerce,UPI,POS Terminal,Yes,Bengaluru,Bengaluru,5.5,823,2,0
500101,183272,2026-07-02,17:31:00,5108.25,Electronics,UPI,Mobile App,Yes,Bengaluru,Bengaluru,5.9,447,0,0
503971,147745,2026-02-04,18:35:00,4821.67,Travel,ONLINE,Web Browser,No,Delhi,Delhi,2.3,3809,1,0
503013,104563,2026-04-22,08:18:00,5335.95,Grocery,POS,Web Browser,Yes,Ahmedabad,Ahmedabad,9.8,1796,0,0
503168,126808,2026-05-28,18:00:00,7302.46,E-commerce,POS,USSD,Yes,Jaipur,Jaipur,0.1,805,1,0
504725,129054,2026-02-11,11:02:00,1557.22,Electronics,POS,POS Terminal,Yes,Rajpura,Rajpura,10.5,970,2,0
501771,133803,2026-01-20,17:47:00,845.86,Pharmacy,POS,POS Terminal,No,Bengaluru,Bengaluru,9.3,585,2,0
501920,152974,2026-02-05,21:54:00,3223.39,Dining,ATM,Web Browser,No,Chennai,Chennai,0.2,3629,2,0
503756,132084,2026-06-15,18:53:00,1082.54,Electronics,UPI,ATM Machine,Yes,Hyderabad,Hyderabad,3.3,3931,0,0
504542,162894,2026-06-17,11:38:00,6280.39,Pharmacy,ATM,USSD,No,Jaipur,Jaipur,8.5,1704,0,0
500862,192778,2026-02-03,02:45:00,65875.3,Travel,UPI,Web Browser,No,Pune,Rajpura,1168.3,54,4,1
501502,126034,2026-08-26,00:27:00,718.6,Fuel,UPI,USSD,Yes,Mumbai,Mumbai,7.6,3410,1,0
500904,188413,2026-03-01,06:44:00,8272.1,ATM Withdrawal,ONLINE,Mobile App,No,Pune,Pune,10.4,469,2,0
505056,190248,2026-02-08,16:42:00,686.74,Pharmacy,ATM,Mobile App,Yes,Delhi,Delhi,14.6,2394,2,0
500110,170515,2026-07-08,00:24:00,8307.84,Jewellery,ATM,POS Terminal,Yes,Hyderabad,Hyderabad,10.3,1141,0,0
505369,166517,2026-08-16,10:53:00,7546.78,Grocery,ONLINE,Mobile App,No,Rajpura,Rajpura,12.2,1295,1,0
505873,173778,2026-07-15,22:12:00,2587.36,E-commerce,ONLINE,USSD,No,Mumbai,Mumbai,5.4,648,3,0
505035,102097,2026-06-14,05:57:00,3649.63,Jewellery,UPI,Web Browser,Yes,Kolkata,Kolkata,1.2,2689,2,0
504398,125855,2026-05-09,10:57:00,4546.66,Jewellery,ONLINE,ATM Machine,No,Ahmedabad,Ahmedabad,7.1,1113,3,0
501927,135971,2026-05-03,10:43:00,3445.58,Utility Bill,UPI,ATM Machine,Yes,Jaipur,Jaipur,7.4,3415,2,0
502134,139967,2026-05-14,17:38:00,1212.65,Jewellery,UPI,Web Browser,No,Bengaluru,Bengaluru,10.9,312,0,0
503526,121177,2026-01-20,06:20:00,3041.84,Electronics,UPI,POS Terminal,No,Jaipur,Jaipur,14.9,3377,2,0
505862,159428,2026-04-28,14:26:00,6206.95,Pharmacy,UPI,ATM Machine,Yes,Jaipur,Jaipur,11.8,3402,3,0
504651,139737,2026-08-05,18:01:00,5260.2,Fuel,ONLINE,ATM Machine,No,Pune,Pune,4.5,3396,1,0
503672,109518,2026-03-09,08:07:00,561.9,E-commerce,ONLINE,POS Terminal,Yes,Rajpura,Rajpura,13.6,3302,1,0
504394,106752,2026-01-16,14:49:00,4106.81,Utility Bill,ONLINE,USSD,No,Kolkata,Kolkata,8.3,3269,1,0
503046,188281,2026-01-17,11:34:00,917.44,Travel,ONLINE,POS Terminal,Yes,Ahmedabad,Ahmedabad,0.4,123,1,0
505547,115418,2026-01-09,11:43:00,3336.67,Travel,ATM,Mobile App,No,Jaipur,Jaipur,5.6,1302,3,0
505161,138082,2026-01-07,10:22:00,5534.14,Dining,POS,USSD,No,Kolkata,Kolkata,9.0,3651,2,0
505639,110850,2026-06-09,17:33:00,6991.72,Travel,UPI,POS Terminal,Yes,Chennai,Chennai,12.1,2585,2,0
503887,108320,2026-04-16,05:49:00,259.01,Grocery,UPI,POS Terminal,Yes,Hyderabad,Hyderabad,7.8,3469,5,0
501095,132858,2026-08-11,01:54:00,10704.34,Electronics,ONLINE,USSD,Yes,Jaipur,Jaipur,14.4,719,1,0
501122,108411,2026-08-04,10:03:00,6493.78,Electronics,UPI,Web Browser,Yes,Ahmedabad,Ahmedabad,8.1,3858,2,0
502517,169198,2026-05-01,21:26:00,4001.58,Pharmacy,UPI,ATM Machine,Yes,Pune,Pune,14.2,3368,2,0
502211,169988,2026-01-21,08:44:00,3554.93,ATM Withdrawal,POS,ATM Machine,No,Hyderabad,Hyderabad,9.6,1312,2,0
500810,199702,2026-04-24,04:58:00,4736.19,Travel,POS,POS Terminal,Yes,Rajpura,Rajpura,11.5,2472,0,0
504253,198020,2026-02-09,09:28:00,1479.63,ATM Withdrawal,UPI,POS Terminal,Yes,Hyderabad,Hyderabad,13.8,2775,0,0
503275,124312,2026-01-01,18:43:00,3325.19,Jewellery,ATM,Mobile App,No,Mumbai,Mumbai,14.2,957,1,0
505908,191337,2026-04-17,23:10:00,2841.31,Grocery,POS,POS Terminal,Yes,Mumbai,Mumbai,11.5,1481,1,0
504344,125736,2026-04-21,16:13:00,1387.82,Utility Bill,ONLINE,POS Terminal,Yes,Hyderabad,Hyderabad,2.1,295,2,0
505846,116104,2026-05-07,00:17:00,7786.19,ATM Withdrawal,NEFT,Web Browser,Yes,Ahmedabad,Ahmedabad,2.4,2627,3,0
505504,172400,2026-01-26,09:08:00,1379.19,Fuel,UPI,Mobile App,Yes,Chennai,Chennai,3.2,1299,1,0
505654,146520,2026-03-11,17:25:00,9536.22,Grocery,ATM,ATM Machine,Yes,Hyderabad,Hyderabad,1.0,3335,0,0
503945,113042,2026-02-20,11:41:00,6631.0,ATM Withdrawal,POS,USSD,Yes,Delhi,Delhi,5.3,102,1,0
505040,121512,2026-07-22,02:14:00,4779.9,Pharmacy,UPI,Web Browser,Yes,Pune,Pune,15.0,281,2,0
502544,138072,2026-03-06,22:00:00,2971.15,Fuel,ONLINE,ATM Machine,No,Kolkata,Kolkata,10.9,1892,2,0
501774,139410,2026-01-23,10:19:00,3500.86,ATM Withdrawal,POS,Web Browser,Yes,Jaipur,Jaipur,12.3,3131,2,0
502847,186254,2026-04-26,16:22:00,2106.22,Grocery,UPI,Web Browser,No,Bengaluru,Bengaluru,9.7,1999,2,0
505800,142007,2026-06-13,04:02:00,1564.65,Pharmacy,ATM,POS Terminal,Yes,Mumbai,Mumbai,4.4,2204,3,0
501766,193537,2026-01-16,09:14:00,7181.66,Electronics,POS,POS Terminal,No,Ahmedabad,Ahmedabad,11.7,2128,4,0
503898,101786,2026-04-17,06:00:00,2019.6,Dining,UPI,USSD,Yes,Hyderabad,Hyderabad,12.2,1006,1,0
505629,144413,2026-06-19,14:21:00,4811.15,Grocery,ONLINE,POS Terminal,Yes,Kolkata,Kolkata,10.2,3039,0,0
501757,134808,2026-07-31,17:50:00,7733.89,Pharmacy,UPI,Mobile App,No,Delhi,Delhi,11.1,559,0,0
502347,132728,2026-08-08,04:43:00,1679.03,Fuel,POS,POS Terminal,No,Bengaluru,Bengaluru,11.1,2309,1,0
502997,130164,2026-02-01,13:36:00,1920.03,Fuel,UPI,Web Browser,Yes,Bengaluru,Bengaluru,2.5,1756,1,0
501596,116548,2026-03-21,04:03:00,1361.69,Grocery,POS,ATM Machine,Yes,Ahmedabad,Ahmedabad,13.7,1451,3,0
505967,171809,2026-06-26,22:15:00,1328.84,Jewellery,POS,POS Terminal,Yes,Hyderabad,Hyderabad,11.0,1442,2,0
503253,115623,2026-07-28,04:26:00,10082.73,Grocery,POS,ATM Machine,No,Bengaluru,Bengaluru,3.7,775,2,0
500830,102899,2026-07-09,12:29:00,3787.02,Travel,ONLINE,POS Terminal,Yes,Bengaluru,Bengaluru,13.6,3383,0,0
505865,191322,2026-06-15,00:29:00,1998.11,Travel,POS,ATM Machine,Yes,Rajpura,Rajpura,2.8,422,2,0
501859,152402,2026-07-11,01:20:00,2460.91,E-commerce,ONLINE,POS Terminal,Yes,Mumbai,Mumbai,0.7,2578,0,0
500439,108086,2026-04-23,12:22:00,5078.28,Dining,POS,USSD,No,Mumbai,Mumbai,5.4,3495,1,0
500628,136750,2026-06-19,03:56:00,3921.39,Electronics,ONLINE,POS Terminal,Yes,Hyderabad,Hyderabad,10.9,3868,0,0
505979,120579,2026-07-07,02:04:00,4765.56,Pharmacy,ONLINE,POS Terminal,No,Jaipur,Jaipur,9.4,845,1,0
502880,197718,2026-02-04,21:13:00,10271.55,Electronics,ONLINE,Mobile App,Yes,Chennai,Chennai,5.9,853,1,0
500926,194601,2026-06-22,17:05:00,3644.0,Pharmacy,UPI,USSD,No,Mumbai,Mumbai,6.4,612,1,0
504122,194540,2026-03-06,15:22:00,1603.91,Dining,POS,USSD,Yes,Delhi,Delhi,1.1,3255,0,0
504875,119054,2026-06-04,09:44:00,4479.21,Dining,ONLINE,ATM Machine,Yes,Kolkata,Kolkata,9.1,2206,3,0
505737,129978,2026-02-05,11:12:00,3281.1,Fuel,UPI,USSD,Yes,Delhi,Delhi,10.3,137,1,0
502866,103517,2026-06-14,17:28:00,510.04,Travel,ONLINE,USSD,Yes,Rajpura,Rajpura,7.7,2457,0,0
505952,181951,2026-08-03,01:03:00,2566.31,Utility Bill,ONLINE,Mobile App,Yes,Bengaluru,Bengaluru,2.4,140,3,0
501174,117750,2026-05-04,00:02:00,11680.32,Grocery,POS,ATM Machine,No,Chennai,Chennai,5.7,2071,0,0
503361,198452,2026-07-27,09:39:00,4805.42,Dining,ONLINE,Web Browser,Yes,Ahmedabad,Ahmedabad,13.1,2837,2,0
503198,181198,2026-01-01,09:53:00,1520.79,Utility Bill,ONLINE,ATM Machine,Yes,Chennai,Chennai,2.6,3246,3,0
500945,112933,2026-05-11,18:30:00,4461.1,Dining,ATM,Mobile App,No,Ahmedabad,Ahmedabad,4.9,1589,2,0
504770,104724,2026-05-16,04:54:00,4126.64,Dining,ONLINE,Web Browser,No,Bengaluru,Bengaluru,8.7,1029,1,0
502289,193647,2026-03-20,19:32:00,6653.18,Pharmacy,ONLINE,Mobile App,No,Pune,Pune,1.3,322,1,0
500013,173574,2026-05-14,14:51:00,9274.47,Jewellery,POS,POS Terminal,No,Hyderabad,Hyderabad,9.9,2193,2,0
501118,158643,2026-06-29,21:58:00,2718.04,Jewellery,POS,POS Terminal,No,Hyderabad,Hyderabad,8.7,1010,1,0
504366,183812,2026-01-04,12:39:00,6966.06,Dining,POS,ATM Machine,Yes,Mumbai,Mumbai,3.6,3205,4,0
503656,148158,2026-02-28,03:45:00,1206.06,Jewellery,UPI,ATM Machine,Yes,Kolkata,Kolkata,10.3,929,2,0
505696,106420,2026-03-12,14:56:00,2449.34,Utility Bill,POS,ATM Machine,No,Bengaluru,Bengaluru,14.1,1808,1,0
500643,185418,2026-03-28,05:06:00,2754.15,Travel,UPI,USSD,Yes,Jaipur,Jaipur,1.2,1340,0,0
502590,134572,2026-08-20,15:38:00,3737.46,Travel,ONLINE,Web Browser,No,Rajpura,Rajpura,11.8,2802,3,0
504708,154826,2026-01-02,04:23:00,2511.85,Dining,POS,USSD,Yes,Hyderabad,Hyderabad,6.1,757,1,0
502679,157960,2026-05-19,16:10:00,2751.62,ATM Withdrawal,POS,POS Terminal,Yes,Pune,Pune,3.0,953,1,0
504293,149281,2026-06-06,22:22:00,9551.74,Fuel,ONLINE,ATM Machine,No,Mumbai,Mumbai,2.4,3607,3,0
505080,150972,2026-03-13,06:36:00,1459.06,Fuel,ONLINE,USSD,Yes,Mumbai,Mumbai,5.8,1125,1,0
505488,176480,2026-03-30,17:59:00,316.2,Electronics,ATM,Web Browser,Yes,Rajpura,Rajpura,4.8,1648,1,0
502923,112365,2026-05-18,04:18:00,8157.22,Grocery,UPI,POS Terminal,No,Hyderabad,Hyderabad,13.2,3180,2,0
502536,197862,2026-03-04,15:28:00,2403.05,E-commerce,ATM,POS Terminal,Yes,Rajpura,Rajpura,0.0,3448,2,0
504766,115059,2026-01-07,02:35:00,5037.58,Jewellery,UPI,USSD,Yes,Ahmedabad,Ahmedabad,0.8,1951,0,0
502265,110596,2026-04-04,22:15:00,1043.3,Jewellery,UPI,Mobile App,No,Mumbai,Mumbai,7.9,655,1,0
500654,180438,2026-04-17,20:47:00,1662.85,E-commerce,ATM,Web Browser,Yes,Kolkata,Kolkata,7.3,3040,4,0
500430,171539,2026-06-22,05:16:00,6951.62,Dining,UPI,Web Browser,Yes,Delhi,Delhi,7.6,552,1,0
503751,158183,2026-05-18,22:25:00,6425.56,E-commerce,ONLINE,Mobile App,No,Bengaluru,Bengaluru,12.8,43,2,0
503316,184666,2026-03-05,18:53:00,4185.78,E-commerce,POS,ATM Machine,Yes,Delhi,Delhi,6.1,1280,1,0
502518,152605,2026-04-13,17:27:00,4072.26,Fuel,ATM,POS Terminal,No,Jaipur,Jaipur,6.8,2701,2,0
504012,188508,2026-04-28,16:17:00,5929.51,Dining,UPI,POS Terminal,Yes,Kolkata,Kolkata,0.5,3654,2,0
503163,116032,2026-05-29,16:34:00,4719.49,Utility Bill,POS,Mobile App,Yes,Hyderabad,Hyderabad,4.8,3135,1,0
503606,113507,2026-03-03,08:38:00,1476.02,Jewellery,UPI,USSD,Yes,Mumbai,Mumbai,4.1,350,4,0
500839,101457,2026-06-11,14:48:00,4145.68,Travel,POS,Mobile App,Yes,Mumbai,Mumbai,1.5,1707,0,0
501088,199031,2026-08-14,12:25:00,1321.03,Fuel,POS,Web Browser,No,Bengaluru,Bengaluru,14.1,3359,2,0
501729,144437,2026-01-09,11:47:00,3898.13,Electronics,ATM,Web Browser,Yes,Bengaluru,Bengaluru,2.3,1864,0,0
505808,199705,2026-01-12,08:24:00,2954.02,Fuel,POS,Mobile App,Yes,Ahmedabad,Ahmedabad,8.4,2413,2,0
501320,139693,2026-06-23,10:44:00,975.58,E-commerce,NEFT,Mobile App,No,Mumbai,Mumbai,7.0,1306,5,0
501331,144984,2026-05-05,17:28:00,3859.9,Fuel,POS,Web Browser,Yes,Bengaluru,Bengaluru,5.7,3399,1,0
504155,122676,2026-06-19,19:47:00,4091.02,Dining,ONLINE,Mobile App,Yes,Kolkata,Kolkata,5.6,2309,4,0
500857,124488,2026-02-09,03:43:00,1948.89,Utility Bill,ONLINE,POS Terminal,Yes,Hyderabad,Hyderabad,11.2,1766,0,0
501420,147625,2026-03-31,03:19:00,3403.21,Dining,ONLINE,Web Browser,No,Ahmedabad,Ahmedabad,4.3,3863,2,0
502516,181980,2026-01-14,21:44:00,1116.3,E-commerce,POS,Web Browser,Yes,Kolkata,Kolkata,6.4,3703,2,0
502300,189302,2026-01-11,14:08:00,1769.46,ATM Withdrawal,POS,Web Browser,Yes,Kolkata,Kolkata,6.0,2768,1,0
503537,103010,2026-01-03,06:14:00,2039.38,Fuel,UPI,Mobile App,Yes,Ahmedabad,Ahmedabad,4.3,1809,3,0
501609,123627,2026-08-25,00:53:00,6274.64,Electronics,ATM,USSD,No,Bengaluru,Bengaluru,0.8,1107,2,0
505199,156846,2026-01-18,01:01:00,8307.66,Travel,NEFT,Web Browser,No,Pune,Pune,13.8,2742,1,0
500694,194601,2026-06-24,22:12:00,4221.23,Pharmacy,POS,ATM Machine,Yes,Ahmedabad,Ahmedabad,12.2,2820,1,0
504141,172602,2026-07-09,00:59:00,12517.32,Jewellery,ATM,ATM Machine,Yes,Chennai,Chennai,9.0,2970,4,0
502667,124070,2026-03-04,06:00:00,1306.21,Electronics,ONLINE,Mobile App,Yes,Rajpura,Rajpura,1.0,510,0,0
500189,123876,2026-01-13,04:44:00,5746.85,Electronics,POS,Web Browser,No,Delhi,Delhi,7.5,2270,0,0
500288,157172,2026-05-27,15:14:00,4071.17,Jewellery,UPI,Mobile App,Yes,Mumbai,Mumbai,3.5,1941,2,0
503411,107103,2026-07-31,18:07:00,5701.82,ATM Withdrawal,POS,USSD,No,Rajpura,Rajpura,0.7,3806,4,0
505537,105547,2026-01-30,02:03:00,1464.99,Dining,POS,Mobile App,No,Hyderabad,Hyderabad,14.6,1403,2,0
504206,180693,2026-04-06,17:26:00,4179.12,Jewellery,POS,Web Browser,No,Mumbai,Mumbai,8.8,921,3,0
503967,178529,2026-07-05,09:59:00,3948.72,Travel,UPI,Web Browser,Yes,Ahmedabad,Ahmedabad,5.9,694,2,0
503772,133067,2026-02-12,08:05:00,2880.85,Travel,POS,ATM Machine,No,Rajpura,Rajpura,0.4,1424,1,0
503216,126459,2026-04-05,01:35:00,1613.32,Pharmacy,POS,Web Browser,No,Bengaluru,Bengaluru,3.3,268,3,0
502334,182311,2026-05-15,17:11:00,2616.25,Fuel,POS,USSD,No,Mumbai,Mumbai,1.3,104,2,0
505982,179085,2026-03-14,21:36:00,4499.88,ATM Withdrawal,POS,USSD,Yes,Delhi,Delhi,6.8,841,1,0
504095,195983,2026-04-25,05:03:00,2706.03,Utility Bill,UPI,Mobile App,Yes,Rajpura,Rajpura,1.2,3050,1,0
502145,136255,2026-02-04,14:00:00,7446.33,ATM Withdrawal,UPI,Mobile App,No,Hyderabad,Hyderabad,1.7,1982,3,0
502981,171718,2026-04-11,04:00:00,1602.23,E-commerce,UPI,Web Browser,Yes,Jaipur,Jaipur,1.2,2249,3,0
500211,126113,2026-04-28,21:55:00,6799.87,Utility Bill,POS,USSD,Yes,Mumbai,Mumbai,8.4,2086,1,0
505608,159585,2026-07-23,05:01:00,1261.91,Pharmacy,UPI,Mobile App,Yes,Pune,Pune,3.7,271,1,0
504997,174670,2026-07-05,01:31:00,3508.76,Dining,UPI,ATM Machine,Yes,Bengaluru,Bengaluru,3.0,3943,2,0
503107,186044,2026-08-06,15:06:00,3371.08,ATM Withdrawal,POS,POS Terminal,Yes,Kolkata,Kolkata,10.9,1772,3,0
500074,112992,2026-03-04,21:26:00,7413.36,E-commerce,ATM,Web Browser,No,Hyderabad,Hyderabad,12.0,3863,1,0
505766,154966,2026-07-19,15:30:00,3802.64,Grocery,ONLINE,POS Terminal,No,Ahmedabad,Ahmedabad,13.5,3885,1,0
502829,162635,2026-05-30,14:51:00,8348.98,Pharmacy,POS,Web Browser,Yes,Hyderabad,Hyderabad,9.5,2853,3,0
504783,134324,2026-08-23,02:41:00,5592.37,Grocery,ATM,POS Terminal,Yes,Kolkata,Kolkata,8.2,1475,2,0
505945,125361,2026-03-03,23:08:00,11859.0,Jewellery,ATM,ATM Machine,Yes,Ahmedabad,Ahmedabad,13.5,1864,0,0
504247,127295,2026-02-07,21:26:00,5401.1,Pharmacy,POS,Web Browser,Yes,Bengaluru,Bengaluru,0.1,3874,5,0
502822,183001,2026-04-20,18:52:00,5682.58,Dining,NEFT,Mobile App,Yes,Chennai,Chennai,14.2,841,1,0
503306,125472,2026-05-03,12:37:00,2920.77,Fuel,ATM,Web Browser,No,Delhi,Delhi,10.9,1091,0,0
505595,185025,2026-04-18,14:37:00,2959.92,Travel,UPI,POS Terminal,No,Hyderabad,Hyderabad,6.6,3940,2,0
502146,144393,2026-04-03,07:05:00,2102.86,Utility Bill,UPI,ATM Machine,No,Kolkata,Kolkata,0.2,3308,2,0
501232,173374,2026-06-22,03:35:00,2179.75,Utility Bill,NEFT,POS Terminal,Yes,Hyderabad,Hyderabad,13.7,1700,3,0
505353,112154,2026-02-08,00:29:00,3030.76,Utility Bill,ONLINE,Web Browser,Yes,Pune,Pune,6.5,2474,3,0
503341,154146,2026-03-18,12:48:00,6760.64,E-commerce,UPI,ATM Machine,No,Hyderabad,Hyderabad,11.4,1777,1,0
505867,171805,2026-05-25,12:59:00,6241.29,Utility Bill,UPI,USSD,Yes,Pune,Pune,4.6,2438,0,0
504392,181589,2026-05-30,12:00:00,2647.43,ATM Withdrawal,UPI,USSD,Yes,Jaipur,Jaipur,12.6,2019,1,0
500114,145891,2026-03-06,03:44:00,1815.09,Fuel,UPI,POS Terminal,Yes,Hyderabad,Hyderabad,9.7,2091,3,0
505087,183037,2026-03-06,23:17:00,714.16,Jewellery,POS,Web Browser,No,Kolkata,Kolkata,9.8,1370,3,0
504260,102520,2026-02-08,10:29:00,908.38,ATM Withdrawal,ATM,USSD,No,Jaipur,Jaipur,10.7,2687,1,0
505442,151228,2026-08-12,19:40:00,5029.57,Dining,POS,ATM Machine,No,Ahmedabad,Ahmedabad,1.2,2574,3,0
503196,117546,2026-04-23,16:59:00,625.69,Pharmacy,ONLINE,Mobile App,No,Delhi,Delhi,0.5,2691,1,0
502457,184046,2026-04-16,01:45:00,41724.1,Pharmacy,POS,USSD,No,Jaipur,Mumbai,1682.3,20,13,1
502949,153107,2026-03-19,00:41:00,37350.92,Utility Bill,ONLINE,Web Browser,No,Jaipur,Ahmedabad,505.8,57,5,1
501840,155289,2026-01-19,14:26:00,2558.97,Jewellery,ONLINE,Mobile App,No,Kolkata,Kolkata,2.4,1815,7,0
501963,114255,2026-07-27,01:00:00,2436.05,Electronics,ONLINE,ATM Machine,Yes,Pune,Pune,12.4,2006,2,0
501893,187898,2026-04-27,20:39:00,318.18,Jewellery,POS,Web Browser,Yes,Chennai,Chennai,13.8,1844,1,0
501826,190163,2026-02-07,15:02:00,4782.48,Jewellery,UPI,USSD,No,Rajpura,Rajpura,5.3,1500,1,0
504340,150250,2026-05-05,09:44:00,2025.54,Electronics,POS,Mobile App,Yes,Chennai,Chennai,9.2,3292,2,0
504447,130772,2026-03-30,02:16:00,1510.22,Grocery,ATM,Web Browser,No,Kolkata,Kolkata,2.3,1655,1,0
503459,184121,2026-04-10,08:23:00,4497.31,E-commerce,POS,Mobile App,No,Ahmedabad,Ahmedabad,10.6,3442,3,0
503536,107405,2026-02-20,09:45:00,4807.27,Jewellery,ATM,ATM Machine,Yes,Pune,Pune,1.5,281,1,0
500253,118822,2026-01-20,12:31:00,2899.2,Travel,POS,POS Terminal,Yes,Bengaluru,Bengaluru,8.9,3528,1,0
500351,153315,2026-03-20,05:31:00,1615.18,Fuel,ATM,POS Terminal,Yes,Chennai,Chennai,9.4,2690,1,0
502759,135981,2026-06-13,09:13:00,4102.69,Fuel,NEFT,Web Browser,Yes,Bengaluru,Bengaluru,2.0,2139,0,0
504553,109903,2026-04-23,20:35:00,5554.03,E-commerce,POS,ATM Machine,No,Jaipur,Jaipur,7.1,1111,3,0
500458,163396,2026-06-06,10:15:00,3172.51,Jewellery,POS,ATM Machine,Yes,Hyderabad,Hyderabad,13.9,3593,1,0
505845,187362,2026-03-15,06:31:00,2235.74,Electronics,UPI,POS Terminal,No,Delhi,Delhi,5.0,3668,0,0
500480,110914,2026-03-29,13:06:00,6409.2,Grocery,UPI,USSD,Yes,Chennai,Chennai,5.4,3206,2,0
501115,119438,2026-05-12,16:06:00,3055.73,Electronics,UPI,ATM Machine,Yes,Pune,Pune,10.9,2854,1,0
500799,131538,2026-03-31,12:59:00,7238.6,Jewellery,UPI,USSD,Yes,Kolkata,Kolkata,14.8,2322,2,0
504222,151916,2026-03-03,07:20:00,2645.9,ATM Withdrawal,ONLINE,USSD,Yes,Delhi,Delhi,5.4,825,3,0
502674,118760,2026-03-15,15:36:00,2334.09,Dining,UPI,Web Browser,Yes,Mumbai,Mumbai,10.7,1603,2,0
503096,175177,2026-04-10,01:34:00,4387.54,E-commerce,UPI,ATM Machine,Yes,Bengaluru,Bengaluru,0.2,2299,0,0
500027,140241,2026-02-14,04:21:00,1902.01,Pharmacy,UPI,ATM Machine,No,Kolkata,Kolkata,14.9,2237,0,0
503076,174798,2026-08-06,19:59:00,721.76,ATM Withdrawal,ONLINE,USSD,Yes,Rajpura,Rajpura,13.1,1550,1,0
502751,124516,2026-01-13,15:53:00,2789.54,ATM Withdrawal,POS,ATM Machine,No,Bengaluru,Bengaluru,7.8,2205,0,0
503271,116480,2026-07-01,17:26:00,2082.09,Jewellery,ONLINE,ATM Machine,Yes,Jaipur,Jaipur,10.0,686,2,0
501748,137714,2026-04-10,08:58:00,8540.71,E-commerce,UPI,Web Browser,Yes,Delhi,Delhi,14.9,1218,0,0
501288,123453,2026-06-13,08:17:00,4378.45,Grocery,NEFT,POS Terminal,Yes,Delhi,Delhi,14.8,780,2,0
501282,173942,2026-04-30,00:07:00,1046.92,Fuel,ONLINE,Web Browser,Yes,Bengaluru,Bengaluru,0.1,601,1,0
504935,137999,2026-03-04,01:54:00,3461.65,Dining,POS,USSD,No,Kolkata,Kolkata,5.7,3015,3,0
502620,194551,2026-01-03,09:22:00,5003.85,Travel,UPI,USSD,Yes,Hyderabad,Hyderabad,10.1,549,3,0
502064,171977,2026-01-18,05:59:00,4587.05,Fuel,POS,ATM Machine,No,Chennai,Chennai,7.8,2347,2,0
502192,140997,2026-01-14,06:03:00,959.55,Travel,ONLINE,Mobile App,No,Chennai,Chennai,10.8,1974,4,0
504650,126272,2026-03-15,20:42:00,253.53,Fuel,ATM,POS Terminal,No,Delhi,Delhi,8.4,3435,0,0
505155,180104,2026-04-08,15:13:00,3382.8,ATM Withdrawal,POS,Mobile App,Yes,Pune,Pune,11.5,3872,1,0
504718,198908,2026-01-02,21:58:00,2025.67,Utility Bill,UPI,ATM Machine,No,Chennai,Chennai,4.3,1363,2,0
501952,160812,2026-05-28,00:02:00,13995.1,Dining,UPI,Web Browser,Yes,Bengaluru,Bengaluru,13.0,2263,0,0
504579,127509,2026-04-27,17:34:00,1058.88,Grocery,POS,POS Terminal,Yes,Pune,Pune,7.9,3216,1,0
502918,194568,2026-06-18,02:31:00,1343.7,Fuel,UPI,Mobile App,Yes,Mumbai,Mumbai,13.8,3180,1,0
504936,159345,2026-01-17,12:27:00,4287.45,Electronics,ONLINE,Mobile App,No,Delhi,Delhi,11.7,653,1,0
500608,151421,2026-02-15,03:53:00,2517.48,Fuel,NEFT,Mobile App,No,Jaipur,Jaipur,10.6,3763,1,0
504094,144493,2026-08-09,23:24:00,80188.76,E-commerce,POS,USSD,No,Bengaluru,Ahmedabad,1419.2,44,3,1
504804,179226,2026-01-12,04:46:00,1009.0,Electronics,POS,USSD,Yes,Bengaluru,Bengaluru,8.3,1583,0,0
503405,139227,2026-01-07,23:23:00,2022.34,Dining,UPI,POS Terminal,No,Ahmedabad,Ahmedabad,6.5,1374,0,0
505857,147495,2026-08-06,19:56:00,2366.07,Fuel,ONLINE,USSD,Yes,Hyderabad,Hyderabad,13.0,1872,0,0
503942,131221,2026-06-18,15:11:00,2235.74,Pharmacy,POS,POS Terminal,No,Hyderabad,Hyderabad,9.0,2704,2,0
504853,110603,2026-04-16,12:10:00,2585.17,Jewellery,UPI,ATM Machine,Yes,Jaipur,Jaipur,12.3,3416,1,0
505894,132440,2026-08-02,01:52:00,3423.15,Electronics,POS,POS Terminal,No,Mumbai,Mumbai,11.1,2315,0,0
504507,128984,2026-05-30,23:46:00,91219.37,Electronics,ATM,Web Browser,No,Mumbai,Rajpura,1019.2,13,5,1
500204,169970,2026-07-29,04:52:00,1201.65,Pharmacy,UPI,ATM Machine,No,Delhi,Delhi,12.1,1790,3,0
500340,195288,2026-04-04,16:26:00,2235.01,Pharmacy,ATM,POS Terminal,No,Hyderabad,Hyderabad,9.4,3507,2,0
500838,119820,2026-01-03,21:31:00,7556.18,Electronics,POS,POS Terminal,Yes,Mumbai,Mumbai,10.9,3630,0,0
504360,196976,2026-04-02,09:07:00,9722.87,Utility Bill,ONLINE,Web Browser,No,Pune,Pune,6.5,3585,0,0
500388,183110,2026-08-07,11:34:00,8246.6,E-commerce,ONLINE,USSD,No,Hyderabad,Hyderabad,11.9,2541,1,0
504153,191186,2026-04-07,18:39:00,11597.31,Electronics,POS,Web Browser,No,Chennai,Chennai,1.0,2339,1,0
504823,190861,2026-08-12,03:33:00,1823.38,Fuel,UPI,POS Terminal,No,Delhi,Delhi,8.1,367,1,0
502577,127092,2026-07-26,07:42:00,8525.84,Travel,POS,POS Terminal,No,Pune,Pune,7.3,1444,1,0
503784,175933,2026-04-07,21:15:00,8887.55,Travel,POS,Mobile App,Yes,Bengaluru,Bengaluru,12.1,1098,1,0
503024,119858,2026-03-08,13:31:00,778.6,Jewellery,ONLINE,ATM Machine,Yes,Pune,Pune,4.6,3894,0,0
503427,148004,2026-03-25,06:07:00,1561.13,E-commerce,ONLINE,Web Browser,Yes,Kolkata,Kolkata,14.8,2640,3,0
503384,191314,2026-04-09,10:26:00,2335.68,Grocery,POS,Web Browser,Yes,Bengaluru,Bengaluru,2.0,3965,1,0
504666,182675,2026-03-13,01:27:00,7978.79,ATM Withdrawal,UPI,Web Browser,Yes,Bengaluru,Bengaluru,7.9,638,2,0
502234,113799,2026-07-19,09:50:00,6690.89,Utility Bill,POS,Web Browser,Yes,Pune,Pune,14.9,2624,2,0
501651,118976,2026-03-02,08:14:00,10930.3,Electronics,POS,Web Browser,No,Chennai,Chennai,9.1,1059,0,0
503248,108904,2026-04-29,03:50:00,2942.36,Jewellery,POS,Mobile App,Yes,Rajpura,Rajpura,11.6,3215,1,0
504907,128546,2026-06-20,06:07:00,11028.22,Grocery,UPI,POS Terminal,Yes,Rajpura,Rajpura,3.7,2990,3,0
500678,108449,2026-06-20,03:41:00,1671.78,Travel,POS,Mobile App,Yes,Bengaluru,Bengaluru,4.3,3803,1,0
503862,164400,2026-02-18,07:01:00,3726.5,E-commerce,NEFT,Web Browser,No,Ahmedabad,Ahmedabad,7.5,268,0,0
501540,162014,2026-08-26,09:17:00,3606.73,Jewellery,UPI,USSD,Yes,Hyderabad,Hyderabad,8.5,2125,2,0
501917,128221,2026-06-18,03:21:00,1181.86,Dining,POS,POS Terminal,Yes,Hyderabad,Hyderabad,0.2,2873,0,0
500062,174475,2026-05-14,08:34:00,4410.03,Pharmacy,UPI,USSD,No,Ahmedabad,Ahmedabad,7.5,349,0,0
503660,149350,2026-07-14,04:05:00,862.56,Travel,UPI,Mobile App,Yes,Jaipur,Jaipur,12.8,2697,3,0
504138,125883,2026-05-13,03:28:00,1692.73,Dining,ONLINE,Mobile App,No,Bengaluru,Bengaluru,11.0,2414,1,0
504358,125671,2026-04-26,12:35:00,5841.12,Pharmacy,UPI,USSD,Yes,Pune,Pune,12.3,3669,2,0
501481,115148,2026-07-28,06:09:00,831.88,Utility Bill,POS,USSD,Yes,Hyderabad,Hyderabad,9.1,700,2,0
500791,109567,2026-04-26,01:45:00,5702.93,E-commerce,UPI,Mobile App,Yes,Rajpura,Rajpura,14.4,356,1,0
501671,176310,2026-02-05,21:45:00,2201.63,Electronics,ATM,USSD,No,Mumbai,Mumbai,1.2,1996,1,0
503209,142026,2026-03-21,10:50:00,4559.14,Utility Bill,UPI,POS Terminal,Yes,Chennai,Chennai,0.9,787,3,0
505435,152594,2026-08-27,14:36:00,2506.73,Electronics,POS,POS Terminal,Yes,Bengaluru,Bengaluru,14.6,460,3,0
503117,162843,2026-03-24,14:15:00,3287.56,ATM Withdrawal,ONLINE,POS Terminal,No,Chennai,Chennai,11.6,880,1,0
504948,151974,2026-05-08,00:25:00,8037.98,Grocery,NEFT,POS Terminal,Yes,Bengaluru,Bengaluru,11.7,1330,2,0
504236,103955,2026-04-01,08:29:00,3778.09,Electronics,ONLINE,POS Terminal,Yes,Ahmedabad,Ahmedabad,0.9,1352,4,0
505342,161427,2026-07-04,01:32:00,686.06,Grocery,POS,ATM Machine,Yes,Hyderabad,Hyderabad,11.1,2486,1,0
503750,190609,2026-07-30,13:14:00,935.62,Pharmacy,UPI,ATM Machine,Yes,Pune,Pune,14.8,3602,0,0
504400,166291,2026-05-05,04:09:00,2433.11,Travel,ONLINE,Mobile App,Yes,Pune,Pune,2.0,1113,1,0
502597,150064,2026-07-07,01:54:00,91593.61,Utility Bill,UPI,USSD,No,Jaipur,Kolkata,1515.0,34,10,1
504005,180095,2026-03-17,22:07:00,4890.58,Pharmacy,ATM,Mobile App,No,Bengaluru,Bengaluru,7.8,1466,1,0
502094,119780,2026-05-13,09:07:00,2603.04,E-commerce,POS,ATM Machine,No,Bengaluru,Bengaluru,9.1,352,2,0
500734,177431,2026-08-25,10:26:00,6520.31,ATM Withdrawal,UPI,Mobile App,Yes,Hyderabad,Hyderabad,10.4,1596,1,0
503691,140170,2026-08-24,00:42:00,948.6,Fuel,ATM,USSD,No,Mumbai,Mumbai,13.1,1917,1,0
504550,186904,2026-06-08,06:52:00,1433.94,E-commerce,ONLINE,POS Terminal,Yes,Chennai,Chennai,6.0,2830,1,0
503957,152104,2026-03-10,09:05:00,4859.81,Dining,ATM,Web Browser,Yes,Ahmedabad,Ahmedabad,13.6,497,1,0
505090,152753,2026-08-04,08:45:00,2745.22,Jewellery,UPI,USSD,Yes,Pune,Pune,4.0,3051,2,0
501841,142515,2026-06-16,14:01:00,972.31,ATM Withdrawal,ATM,Mobile App,Yes,Kolkata,Kolkata,5.8,2624,3,0
502852,139150,2026-03-20,04:23:00,1747.75,Dining,POS,USSD,Yes,Chennai,Chennai,9.8,3710,1,0
500528,114387,2026-04-05,16:09:00,4411.55,ATM Withdrawal,POS,USSD,Yes,Kolkata,Kolkata,8.2,3047,3,0
503304,127413,2026-06-21,05:20:00,5529.07,Utility Bill,POS,Web Browser,No,Rajpura,Rajpura,9.5,2844,3,0
505660,173634,2026-08-26,22:01:00,8085.51,Travel,POS,Web Browser,No,Ahmedabad,Ahmedabad,13.6,1531,3,0
502510,112196,2026-08-15,12:14:00,8023.19,Jewellery,ONLINE,Mobile App,No,Rajpura,Rajpura,12.3,1996,3,0
502229,128963,2026-06-12,18:38:00,836.45,ATM Withdrawal,UPI,USSD,No,Chennai,Chennai,4.7,75,1,0
502095,116240,2026-06-13,07:14:00,5293.85,Grocery,NEFT,Mobile App,No,Chennai,Chennai,4.3,566,1,0
504336,142596,2026-04-05,23:12:00,6672.98,Jewellery,UPI,ATM Machine,Yes,Ahmedabad,Ahmedabad,12.6,202,2,0
500804,191843,2026-01-29,04:45:00,566.93,ATM Withdrawal,ONLINE,ATM Machine,Yes,Rajpura,Rajpura,10.3,263,1,0
500858,105723,2026-07-14,11:15:00,3289.15,ATM Withdrawal,POS,ATM Machine,Yes,Jaipur,Jaipur,14.5,1886,3,0
503471,122328,2026-04-14,12:11:00,2319.49,Grocery,UPI,POS Terminal,Yes,Chennai,Chennai,5.6,2555,0,0
502419,128839,2026-03-17,08:35:00,7535.58,Travel,NEFT,Web Browser,Yes,Ahmedabad,Ahmedabad,8.5,3030,0,0
502755,199073,2026-07-13,23:50:00,1835.28,Fuel,POS,USSD,No,Ahmedabad,Ahmedabad,11.7,1255,4,0
504680,106913,2026-02-21,17:05:00,1534.24,Electronics,ATM,USSD,Yes,Bengaluru,Bengaluru,5.3,1535,3,0
501644,159456,2026-04-03,22:17:00,7580.36,Grocery,UPI,POS Terminal,No,Hyderabad,Hyderabad,11.7,608,3,0
500220,190259,2026-03-13,14:30:00,3339.34,ATM Withdrawal,UPI,Web Browser,No,Jaipur,Jaipur,4.2,1426,1,0
505175,120460,2026-07-09,05:52:00,5218.71,E-commerce,POS,USSD,Yes,Mumbai,Mumbai,4.6,2612,0,0
501289,110189,2026-03-17,17:14:00,4222.47,Dining,ONLINE,Web Browser,Yes,Kolkata,Kolkata,8.0,866,2,0
501116,149019,2026-01-31,03:09:00,3835.47,Electronics,NEFT,USSD,No,Jaipur,Jaipur,5.9,2045,1,0
500583,110674,2026-08-19,21:24:00,2675.8,ATM Withdrawal,POS,USSD,Yes,Hyderabad,Hyderabad,8.6,2216,2,0
503162,188989,2026-01-25,06:57:00,3391.78,Electronics,ONLINE,POS Terminal,Yes,Hyderabad,Hyderabad,9.7,3050,0,0
500044,135452,2026-08-09,21:46:00,3700.28,Jewellery,ATM,Mobile App,No,Ahmedabad,Ahmedabad,8.3,3715,0,0
505772,122182,2026-01-29,03:16:00,1511.13,Utility Bill,ONLINE,Web Browser,Yes,Mumbai,Mumbai,8.0,2694,2,0
502452,189025,2026-01-27,02:41:00,4924.67,Travel,POS,ATM Machine,Yes,Rajpura,Rajpura,0.4,2089,1,0
505950,150571,2026-08-14,07:46:00,2834.9,Travel,UPI,USSD,No,Jaipur,Jaipur,12.3,535,3,0
501521,186395,2026-08-28,23:35:00,5832.04,Travel,ATM,USSD,Yes,Delhi,Delhi,2.6,1114,1,0
503129,150427,2026-06-15,02:04:00,5570.92,Travel,ATM,ATM Machine,No,Mumbai,Mumbai,14.0,1032,1,0
502132,197611,2026-02-08,19:50:00,1851.19,Utility Bill,UPI,Mobile App,No,Ahmedabad,Ahmedabad,1.7,2155,1,0
501745,121034,2026-01-07,07:29:00,5689.82,Travel,ONLINE,Mobile App,No,Delhi,Delhi,3.7,469,0,0
505790,198668,2026-06-22,09:13:00,2826.81,Fuel,POS,ATM Machine,Yes,Mumbai,Mumbai,11.0,2264,2,0
501225,141683,2026-07-13,10:25:00,2370.98,Grocery,POS,ATM Machine,No,Pune,Pune,2.2,2633,1,0
502800,139722,2026-05-20,18:50:00,2761.32,Utility Bill,POS,Web Browser,Yes,Ahmedabad,Ahmedabad,6.4,71,3,0
501072,120905,2026-01-19,04:48:00,2533.75,Travel,POS,ATM Machine,No,Ahmedabad,Ahmedabad,4.6,1322,2,0
500719,123570,2026-03-28,20:20:00,2932.28,ATM Withdrawal,UPI,ATM Machine,Yes,Delhi,Delhi,12.8,2096,1,0
504357,196504,2026-01-24,17:49:00,8292.8,Fuel,ONLINE,ATM Machine,Yes,Mumbai,Mumbai,12.6,3134,2,0
501962,198859,2026-06-23,23:12:00,3009.35,Dining,ONLINE,Web Browser,Yes,Mumbai,Mumbai,4.0,740,1,0
500671,195250,2026-01-25,20:36:00,14173.77,Dining,ONLINE,Web Browser,No,Delhi,Delhi,1.7,742,0,0
503894,120134,2026-04-13,22:10:00,1944.36,E-commerce,UPI,Mobile App,Yes,Pune,Pune,0.5,3565,2,0
503103,101443,2026-06-15,13:03:00,1577.86,Travel,ONLINE,ATM Machine,Yes,Kolkata,Kolkata,6.9,2996,1,0
502046,199179,2026-06-22,08:02:00,2370.9,Fuel,ONLINE,Web Browser,Yes,Chennai,Chennai,0.5,2861,1,0
504798,112392,2026-01-12,23:11:00,5011.74,Grocery,ATM,ATM Machine,No,Hyderabad,Hyderabad,10.5,3116,3,0
505954,165389,2026-01-07,00:40:00,6563.22,E-commerce,ONLINE,ATM Machine,Yes,Ahmedabad,Ahmedabad,8.1,2216,1,0
500898,105449,2026-07-24,16:33:00,5927.11,Electronics,POS,ATM Machine,Yes,Chennai,Chennai,6.0,1805,3,0
501259,154040,2026-08-20,09:45:00,9326.36,ATM Withdrawal,ATM,ATM Machine,No,Delhi,Delhi,3.9,1023,1,0
502856,107743,2026-07-06,03:15:00,4405.62,Fuel,NEFT,POS Terminal,No,Delhi,Delhi,9.5,2481,2,0
500096,128832,2026-03-01,02:32:00,4254.46,Dining,ONLINE,Mobile App,Yes,Hyderabad,Hyderabad,7.8,1120,2,0
503022,113115,2026-04-17,14:46:00,1854.55,Grocery,UPI,POS Terminal,Yes,Pune,Pune,9.4,1861,3,0
503277,107152,2026-04-04,13:55:00,7031.13,Pharmacy,UPI,POS Terminal,Yes,Delhi,Delhi,1.8,3611,1,0
500843,190942,2026-04-11,14:01:00,11118.04,Electronics,POS,USSD,Yes,Kolkata,Kolkata,3.3,3721,1,0
504035,142571,2026-03-31,04:23:00,1898.14,Travel,ONLINE,POS Terminal,Yes,Ahmedabad,Ahmedabad,13.8,1873,2,0
502706,128439,2026-02-07,22:56:00,4479.72,ATM Withdrawal,ONLINE,Web Browser,Yes,Hyderabad,Hyderabad,14.4,3125,0,0
504976,180269,2026-04-18,01:41:00,1691.93,Pharmacy,UPI,ATM Machine,No,Delhi,Delhi,11.7,846,1,0
502619,165656,2026-01-23,04:37:00,3282.95,Travel,ATM,Mobile App,Yes,Mumbai,Mumbai,0.3,2785,1,0
503419,109732,2026-03-21,08:59:00,3998.91,Grocery,ATM,USSD,No,Mumbai,Mumbai,11.6,1029,2,0
504632,128747,2026-06-09,13:47:00,8057.64,E-commerce,UPI,Mobile App,Yes,Chennai,Chennai,9.0,1188,2,0
505152,161990,2026-06-28,12:21:00,7807.27,Dining,NEFT,ATM Machine,Yes,Delhi,Delhi,13.8,2506,2,0
500323,161463,2026-02-05,00:34:00,951.95,Fuel,UPI,USSD,No,Delhi,Delhi,12.5,3784,1,0
504356,182390,2026-07-25,13:05:00,5514.0,Utility Bill,POS,Web Browser,No,Mumbai,Mumbai,8.7,1707,3,0
502133,151949,2026-03-03,21:04:00,1875.95,Fuel,ATM,POS Terminal,Yes,Hyderabad,Hyderabad,14.6,3012,3,0
503728,152676,2026-08-16,11:26:00,153.69,Pharmacy,POS,Mobile App,No,Ahmedabad,Ahmedabad,10.8,368,1,0
500335,146002,2026-04-05,17:58:00,825.18,Grocery,ATM,ATM Machine,No,Mumbai,Mumbai,14.2,67,0,0
502645,145216,2026-03-09,11:18:00,548.17,Travel,ATM,Mobile App,No,Mumbai,Mumbai,11.0,3616,0,0
500333,130995,2026-06-01,15:32:00,9183.29,ATM Withdrawal,POS,USSD,Yes,Bengaluru,Bengaluru,4.7,2674,1,0
500834,114302,2026-02-23,10:37:00,3739.63,Pharmacy,POS,Mobile App,Yes,Hyderabad,Hyderabad,1.9,1884,1,0
502535,180133,2026-08-11,07:41:00,5560.06,ATM Withdrawal,NEFT,Web Browser,No,Kolkata,Kolkata,6.9,2910,3,0
502168,184331,2026-07-03,04:31:00,5953.99,Utility Bill,ONLINE,Web Browser,No,Chennai,Chennai,4.7,1163,1,0
502252,155217,2026-06-18,23:29:00,4660.09,Grocery,POS,POS Terminal,No,Delhi,Delhi,14.1,1960,0,0
501887,165068,2026-02-24,06:22:00,6588.17,Grocery,ONLINE,Mobile App,Yes,Chennai,Chennai,10.4,2712,0,0
502167,131604,2026-05-08,21:16:00,5022.47,Pharmacy,POS,POS Terminal,Yes,Delhi,Delhi,0.9,717,1,0
500732,141860,2026-04-13,08:56:00,4773.98,Grocery,ONLINE,ATM Machine,Yes,Chennai,Chennai,11.4,1582,2,0
501696,168257,2026-04-25,10:41:00,733.74,Fuel,POS,Web Browser,No,Ahmedabad,Ahmedabad,8.5,2350,0,0
500292,126697,2026-08-15,15:54:00,3309.75,Travel,ONLINE,ATM Machine,No,Hyderabad,Hyderabad,2.0,2946,0,0
500185,149562,2026-05-24,01:31:00,7121.69,Grocery,POS,POS Terminal,Yes,Delhi,Delhi,2.9,3201,3,0
504727,109825,2026-04-03,10:04:00,7363.48,Pharmacy,UPI,Mobile App,No,Ahmedabad,Ahmedabad,9.5,190,3,0
504764,123753,2026-06-28,13:45:00,3250.41,Fuel,NEFT,ATM Machine,Yes,Hyderabad,Hyderabad,1.0,2849,1,0
503212,127620,2026-05-22,23:35:00,3606.85,ATM Withdrawal,UPI,POS Terminal,No,Chennai,Chennai,0.9,3758,1,0
500534,128471,2026-06-19,01:51:00,514.85,Travel,ONLINE,ATM Machine,Yes,Delhi,Delhi,0.9,3237,0,0
502836,154349,2026-07-04,21:49:00,626.59,Fuel,ONLINE,ATM Machine,Yes,Mumbai,Mumbai,8.5,3552,2,0
502716,146367,2026-08-24,03:17:00,806.75,Pharmacy,NEFT,Mobile App,Yes,Chennai,Chennai,1.1,2504,2,0
503899,130362,2026-01-27,10:58:00,2042.44,Utility Bill,ONLINE,POS Terminal,Yes,Hyderabad,Hyderabad,12.0,2656,1,0
503169,182218,2026-07-16,09:17:00,2020.82,Dining,NEFT,POS Terminal,Yes,Hyderabad,Hyderabad,3.6,302,3,0
500658,163291,2026-03-29,09:50:00,2275.99,Fuel,POS,USSD,Yes,Pune,Pune,8.8,1722,3,0
501256,108481,2026-07-31,13:17:00,682.3,Utility Bill,ONLINE,ATM Machine,No,Hyderabad,Hyderabad,10.3,3914,2,0
502723,111359,2026-07-04,17:30:00,4047.16,Dining,ONLINE,ATM Machine,No,Ahmedabad,Ahmedabad,5.4,1285,1,0
502733,193147,2026-01-02,22:13:00,949.72,Dining,ONLINE,POS Terminal,No,Chennai,Chennai,1.5,2626,4,0
502482,186027,2026-03-11,13:21:00,1705.49,Travel,NEFT,POS Terminal,Yes,Ahmedabad,Ahmedabad,6.7,75,2,0
505088,124982,2026-02-21,23:01:00,1361.37,Electronics,UPI,POS Terminal,Yes,Pune,Pune,14.8,3474,0,0
500899,107020,2026-07-19,08:02:00,4151.64,Utility Bill,UPI,Mobile App,Yes,Jaipur,Jaipur,5.3,1168,1,0
500429,102510,2026-04-27,21:31:00,5485.22,ATM Withdrawal,ATM,Web Browser,Yes,Hyderabad,Hyderabad,11.9,1921,1,0
505449,142839,2026-05-10,16:52:00,2032.63,Travel,POS,POS Terminal,Yes,Jaipur,Jaipur,9.0,1489,3,0
501993,128719,2026-08-04,20:47:00,4178.65,E-commerce,POS,POS Terminal,No,Hyderabad,Hyderabad,11.3,817,1,0
502005,179787,2026-04-25,12:41:00,1943.16,Utility Bill,POS,Mobile App,Yes,Jaipur,Jaipur,5.5,3576,1,0
501437,142714,2026-04-27,12:02:00,2495.36,Grocery,UPI,POS Terminal,Yes,Rajpura,Rajpura,11.7,1287,1,0
505430,186055,2026-02-16,03:09:00,91592.05,Jewellery,POS,Web Browser,No,Delhi,Jaipur,786.9,23,4,1
501223,196151,2026-05-05,09:30:00,6516.69,Electronics,ATM,POS Terminal,Yes,Chennai,Chennai,10.7,339,2,0
502888,106332,2026-01-02,03:32:00,3657.52,Dining,UPI,POS Terminal,Yes,Jaipur,Jaipur,8.6,2402,2,0
502338,181919,2026-03-01,12:12:00,3875.67,ATM Withdrawal,UPI,Mobile App,Yes,Pune,Pune,9.3,1897,2,0
503516,197233,2026-05-30,00:04:00,6894.25,E-commerce,ONLINE,Web Browser,Yes,Jaipur,Jaipur,4.7,3945,2,0
504520,142909,2026-03-08,13:31:00,3916.87,Fuel,ONLINE,USSD,No,Delhi,Delhi,7.9,171,3,0
505911,119644,2026-05-01,17:56:00,7237.86,Electronics,ONLINE,ATM Machine,No,Bengaluru,Bengaluru,2.4,181,4,0
504714,148889,2026-07-15,16:20:00,4225.89,Travel,ATM,Mobile App,Yes,Pune,Pune,7.0,2656,1,0
502848,138633,2026-06-23,11:30:00,4234.83,Fuel,POS,Web Browser,Yes,Bengaluru,Bengaluru,12.2,2236,1,0
504337,175696,2026-08-14,21:21:00,1200.14,Fuel,ONLINE,POS Terminal,No,Bengaluru,Bengaluru,11.3,2022,0,0
503387,177428,2026-07-19,22:05:00,1708.31,Pharmacy,ATM,POS Terminal,No,Ahmedabad,Ahmedabad,4.0,3713,2,0
501722,174170,2026-05-07,05:37:00,1442.9,Electronics,UPI,Web Browser,Yes,Kolkata,Kolkata,3.0,3828,2,0
502405,138395,2026-07-21,21:29:00,3528.15,Electronics,ONLINE,ATM Machine,No,Rajpura,Rajpura,4.2,1272,1,0
501819,113541,2026-01-13,15:20:00,4941.61,Fuel,ONLINE,ATM Machine,No,Hyderabad,Hyderabad,9.4,3763,2,0
505419,155841,2026-08-01,04:42:00,6472.49,Fuel,NEFT,POS Terminal,No,Hyderabad,Hyderabad,14.9,2011,0,0
502677,196214,2026-03-28,00:12:00,4395.0,E-commerce,ATM,Mobile App,No,Ahmedabad,Ahmedabad,10.0,1908,1,0
504956,119302,2026-01-10,10:53:00,3726.82,Grocery,ONLINE,Web Browser,No,Kolkata,Kolkata,12.1,2801,2,0
503613,160938,2026-06-02,12:10:00,5517.36,Travel,UPI,Web Browser,No,Mumbai,Mumbai,0.6,2321,1,0
503729,134088,2026-06-20,02:18:00,2062.31,Jewellery,POS,USSD,Yes,Rajpura,Rajpura,6.9,2473,3,0
502906,186412,2026-01-14,10:54:00,7744.13,Grocery,ONLINE,ATM Machine,Yes,Hyderabad,Hyderabad,6.1,3040,3,0
501411,106062,2026-02-13,21:07:00,2841.92,Fuel,POS,ATM Machine,Yes,Mumbai,Mumbai,5.0,183,1,0
504343,146772,2026-06-04,16:12:00,4542.03,Fuel,ONLINE,ATM Machine,No,Rajpura,Rajpura,5.3,1359,1,0
504003,103528,2026-03-03,03:41:00,68985.49,Dining,ONLINE,USSD,No,Pune,Kolkata,1056.8,4,6,1
505714,166086,2026-06-25,21:56:00,3488.99,Utility Bill,UPI,Web Browser,No,Pune,Pune,8.9,2526,0,0
502165,195444,2026-07-20,09:25:00,3353.37,Travel,ATM,USSD,No,Bengaluru,Bengaluru,2.0,1000,1,0
501832,195298,2026-08-12,21:02:00,4921.78,Electronics,ONLINE,Web Browser,No,Chennai,Chennai,8.3,436,0,0
501127,185411,2026-01-07,12:20:00,3812.13,Pharmacy,ATM,ATM Machine,Yes,Rajpura,Rajpura,12.4,2844,1,0
504372,116997,2026-03-12,22:47:00,4767.75,Dining,ATM,USSD,No,Rajpura,Rajpura,13.7,3132,2,0
505638,143459,2026-06-15,18:28:00,4724.56,Utility Bill,UPI,ATM Machine,Yes,Chennai,Chennai,9.3,393,1,0
505923,165591,2026-07-26,23:49:00,2536.65,Utility Bill,POS,Mobile App,Yes,Mumbai,Mumbai,12.8,3260,2,0
503781,105632,2026-06-16,01:04:00,1660.73,Fuel,ATM,USSD,Yes,Chennai,Chennai,0.9,2925,0,0
500305,154282,2026-06-03,04:23:00,714.36,Electronics,ATM,Web Browser,Yes,Chennai,Chennai,6.4,1032,1,0
501898,187456,2026-05-31,17:59:00,5315.86,Pharmacy,ATM,USSD,No,Rajpura,Rajpura,11.3,694,2,0
501293,144374,2026-05-10,00:14:00,844.23,Electronics,ONLINE,POS Terminal,No,Bengaluru,Bengaluru,3.6,321,1,0
500071,179567,2026-08-22,08:19:00,813.96,Utility Bill,ATM,USSD,No,Delhi,Delhi,5.4,1561,1,0
504145,112889,2026-08-12,23:38:00,1883.04,Pharmacy,ONLINE,POS Terminal,No,Bengaluru,Bengaluru,7.8,2310,3,0
501306,167160,2026-01-17,01:06:00,18232.98,E-commerce,UPI,USSD,No,Chennai,Delhi,315.0,19,5,1
502781,131095,2026-07-04,21:30:00,4425.43,Fuel,POS,ATM Machine,No,Pune,Pune,7.6,1336,0,0
505252,142249,2026-01-14,01:55:00,4862.05,Electronics,ONLINE,ATM Machine,Yes,Hyderabad,Hyderabad,0.7,950,3,0
504225,178191,2026-08-10,21:52:00,1484.04,Electronics,UPI,Mobile App,Yes,Ahmedabad,Ahmedabad,8.5,640,0,0
501666,139616,2026-01-01,06:55:00,384.77,ATM Withdrawal,ATM,Mobile App,No,Kolkata,Kolkata,5.7,1234,1,0
501341,153416,2026-05-18,00:54:00,4211.07,E-commerce,UPI,Mobile App,No,Rajpura,Rajpura,5.6,959,0,0
500832,124082,2026-04-22,01:09:00,17513.73,ATM Withdrawal,ATM,Web Browser,No,Bengaluru,Delhi,1671.7,38,6,1
502572,193277,2026-08-18,21:11:00,2655.53,Jewellery,POS,Mobile App,Yes,Delhi,Delhi,4.7,1912,3,0
501457,198459,2026-05-06,03:30:00,3218.5,Grocery,POS,ATM Machine,Yes,Pune,Pune,7.7,3163,1,0
503208,181446,2026-04-04,13:11:00,2585.74,Pharmacy,NEFT,ATM Machine,No,Hyderabad,Hyderabad,5.2,541,1,0
503247,176761,2026-02-09,16:35:00,2284.26,Pharmacy,ONLINE,POS Terminal,No,Jaipur,Jaipur,0.9,731,5,0
500239,130866,2026-05-15,11:20:00,4171.9,E-commerce,ONLINE,Mobile App,No,Jaipur,Jaipur,6.5,2773,0,0
500093,184168,2026-03-12,19:40:00,1129.7,Grocery,UPI,USSD,No,Delhi,Delhi,12.4,1472,0,0
505710,175802,2026-04-10,02:59:00,90266.21,Travel,POS,USSD,No,Mumbai,Hyderabad,590.7,51,8,1
502945,182215,2026-06-24,08:39:00,3087.12,Utility Bill,UPI,Mobile App,No,Mumbai,Mumbai,9.3,2215,2,0
502520,199666,2026-05-02,01:01:00,4716.52,Dining,UPI,Web Browser,Yes,Bengaluru,Bengaluru,3.2,2192,1,0
502772,104039,2026-04-19,18:52:00,11119.8,Jewellery,NEFT,Web Browser,No,Jaipur,Jaipur,2.0,1092,2,0
502604,156266,2026-06-07,15:07:00,1740.04,E-commerce,POS,Web Browser,No,Ahmedabad,Ahmedabad,8.7,1280,3,0
505307,139349,2026-05-04,09:17:00,7014.66,Grocery,POS,POS Terminal,Yes,Delhi,Delhi,0.8,2024,2,0
503440,182958,2026-08-21,10:32:00,1738.43,Jewellery,ONLINE,Web Browser,No,Delhi,Delhi,3.5,2856,2,0
501002,173669,2026-08-25,21:31:00,1933.48,Electronics,ONLINE,POS Terminal,Yes,Kolkata,Kolkata,6.4,1328,1,0
502043,174639,2026-02-03,12:47:00,1944.44,Fuel,POS,Web Browser,No,Jaipur,Jaipur,6.5,3751,2,0
505179,108716,2026-06-14,23:02:00,726.51,Travel,ONLINE,ATM Machine,Yes,Jaipur,Jaipur,7.6,1982,0,0
503429,177994,2026-07-19,05:59:00,306.51,E-commerce,UPI,USSD,Yes,Kolkata,Kolkata,13.8,2637,1,0
502616,166894,2026-04-13,18:52:00,3987.38,E-commerce,UPI,Web Browser,Yes,Chennai,Chennai,3.9,2444,2,0
501505,159745,2026-02-17,00:03:00,15596.66,Pharmacy,ONLINE,ATM Machine,No,Ahmedabad,Ahmedabad,1.9,1525,0,0
500958,163462,2026-06-05,23:57:00,25099.95,Jewellery,ATM,Web Browser,No,Jaipur,Hyderabad,1748.6,20,9,1
503802,158172,2026-05-09,08:40:00,3469.76,ATM Withdrawal,POS,ATM Machine,Yes,Kolkata,Kolkata,10.8,3911,1,0
505313,120869,2026-01-01,03:34:00,1496.52,Fuel,UPI,Web Browser,Yes,Ahmedabad,Ahmedabad,1.0,3834,3,0
504762,184765,2026-08-07,11:02:00,1594.43,Grocery,ONLINE,POS Terminal,Yes,Bengaluru,Bengaluru,6.7,2481,0,0
501533,193288,2026-02-04,00:01:00,3661.77,Grocery,NEFT,Mobile App,Yes,Rajpura,Rajpura,14.0,1763,1,0
502303,156985,2026-06-02,01:15:00,2828.67,ATM Withdrawal,ATM,USSD,Yes,Kolkata,Kolkata,0.2,2273,1,0
500412,122965,2026-06-27,16:21:00,5789.56,Pharmacy,ONLINE,Web Browser,Yes,Kolkata,Kolkata,2.9,187,2,0
501406,115544,2026-02-18,23:17:00,1299.33,Jewellery,POS,Web Browser,No,Pune,Pune,2.3,670,1,0
503348,112829,2026-01-03,09:58:00,3406.65,Dining,ATM,USSD,No,Bengaluru,Bengaluru,7.6,3050,1,0
505759,153706,2026-01-30,08:33:00,7208.85,E-commerce,ONLINE,POS Terminal,No,Jaipur,Jaipur,10.8,3969,2,0
501789,147287,2026-07-28,05:26:00,4671.12,Travel,ATM,Web Browser,Yes,Rajpura,Rajpura,13.9,317,1,0
502882,123635,2026-01-09,21:16:00,3590.85,Travel,UPI,Mobile App,Yes,Mumbai,Mumbai,2.2,2650,1,0
503051,183623,2026-07-29,02:58:00,9392.33,Jewellery,POS,USSD,Yes,Mumbai,Mumbai,13.6,2929,1,0
502088,166290,2026-04-10,05:59:00,2287.45,Utility Bill,UPI,Web Browser,Yes,Jaipur,Jaipur,7.6,1187,1,0
501035,106654,2026-01-17,21:44:00,8427.94,Utility Bill,ATM,Mobile App,No,Rajpura,Rajpura,6.5,2706,1,0
505264,149655,2026-01-10,12:36:00,4191.0,Fuel,ONLINE,Web Browser,Yes,Delhi,Delhi,9.3,553,4,0
505886,181486,2026-01-14,01:08:00,1804.92,Fuel,NEFT,Web Browser,No,Delhi,Delhi,14.2,3632,1,0
505221,130265,2026-03-15,06:30:00,6374.05,Fuel,NEFT,ATM Machine,No,Hyderabad,Hyderabad,7.7,1190,0,0
500932,169976,2026-07-31,20:19:00,953.42,E-commerce,UPI,ATM Machine,No,Ahmedabad,Ahmedabad,2.9,3555,1,0
505472,146003,2026-03-10,06:21:00,3064.41,Jewellery,POS,ATM Machine,No,Jaipur,Jaipur,2.8,2544,0,0
503329,139272,2026-08-28,11:16:00,1954.1,Travel,ONLINE,USSD,Yes,Kolkata,Kolkata,5.6,2961,1,0
500634,137946,2026-06-20,12:39:00,3377.81,Jewellery,POS,Mobile App,Yes,Ahmedabad,Ahmedabad,5.8,3905,0,0
501742,174359,2026-07-16,16:40:00,5288.29,Dining,UPI,Web Browser,No,Chennai,Chennai,11.7,3312,1,0
500499,192646,2026-04-24,05:17:00,888.18,ATM Withdrawal,ATM,USSD,No,Chennai,Chennai,3.8,3843,5,0
500938,114843,2026-06-15,22:21:00,3065.33,ATM Withdrawal,UPI,Mobile App,Yes,Chennai,Chennai,13.0,409,0,0
500416,167765,2026-03-10,06:28:00,3056.66,Grocery,NEFT,USSD,No,Mumbai,Mumbai,12.9,1426,2,0
502329,102634,2026-06-10,00:03:00,3356.03,Electronics,NEFT,POS Terminal,Yes,Delhi,Delhi,2.4,2280,1,0
503280,172980,2026-05-20,08:46:00,6095.74,Electronics,ONLINE,Web Browser,Yes,Bengaluru,Bengaluru,1.4,3006,1,0
503587,145241,2026-02-18,19:01:00,1897.24,Electronics,ONLINE,Web Browser,No,Jaipur,Jaipur,14.1,1500,2,0
504368,114210,2026-02-13,00:38:00,3954.68,Fuel,UPI,Web Browser,Yes,Hyderabad,Hyderabad,11.3,2670,1,0
504913,102513,2026-08-07,07:13:00,2496.46,Dining,ONLINE,POS Terminal,No,Delhi,Delhi,10.4,3714,0,0
500758,138331,2026-04-06,06:16:00,2968.64,Pharmacy,ATM,Mobile App,Yes,Kolkata,Kolkata,3.4,3890,0,0
501617,179435,2026-08-08,16:34:00,3686.58,Fuel,ATM,Web Browser,Yes,Hyderabad,Hyderabad,6.0,2622,3,0
501042,185653,2026-06-02,23:27:00,2816.4,Pharmacy,ONLINE,Web Browser,Yes,Pune,Pune,4.6,3474,1,0
503632,154579,2026-07-03,07:51:00,1363.85,Fuel,UPI,USSD,No,Mumbai,Mumbai,9.5,1559,2,0
504654,120895,2026-04-02,16:45:00,2789.22,Fuel,ONLINE,ATM Machine,No,Hyderabad,Hyderabad,4.5,1150,2,0
504465,144572,2026-01-31,14:48:00,4435.22,Pharmacy,ONLINE,ATM Machine,Yes,Bengaluru,Bengaluru,8.8,579,0,0
502463,147411,2026-02-02,02:21:00,3513.6,ATM Withdrawal,ONLINE,Web Browser,Yes,Hyderabad,Hyderabad,11.2,2105,2,0
500597,157935,2026-06-20,18:39:00,3478.56,Grocery,ONLINE,POS Terminal,No,Rajpura,Rajpura,12.3,3249,0,0
504044,110866,2026-08-06,06:02:00,3068.95,Dining,ATM,USSD,Yes,Rajpura,Rajpura,10.0,1242,2,0
502764,103589,2026-08-19,09:05:00,2031.92,E-commerce,ATM,ATM Machine,Yes,Chennai,Chennai,7.0,1230,0,0
501069,133362,2026-04-04,12:08:00,6013.93,Grocery,UPI,Web Browser,No,Hyderabad,Hyderabad,11.8,815,1,0
502196,181604,2026-08-04,08:25:00,4633.33,ATM Withdrawal,POS,Mobile App,No,Hyderabad,Hyderabad,0.1,278,0,0
503040,119766,2026-02-06,00:23:00,1365.95,Dining,ONLINE,POS Terminal,No,Bengaluru,Bengaluru,5.3,2631,1,0
505605,160876,2026-01-29,17:57:00,4163.59,Travel,ONLINE,ATM Machine,Yes,Hyderabad,Hyderabad,6.4,2619,1,0
503228,137831,2026-07-09,09:45:00,2047.95,E-commerce,UPI,USSD,No,Kolkata,Kolkata,0.9,2872,0,0
500653,120235,2026-08-27,20:02:00,1177.51,Travel,POS,ATM Machine,Yes,Jaipur,Jaipur,9.6,823,4,0
504625,139216,2026-03-23,07:10:00,4573.17,Pharmacy,ATM,Web Browser,No,Jaipur,Jaipur,9.5,325,0,0
505332,180580,2026-07-18,15:55:00,1176.91,Utility Bill,ONLINE,Mobile App,No,Hyderabad,Hyderabad,11.7,1985,2,0
505168,119462,2026-07-05,00:10:00,7499.95,Electronics,NEFT,Mobile App,Yes,Ahmedabad,Ahmedabad,8.1,2865,0,0
502717,143360,2026-05-25,00:08:00,2087.77,Pharmacy,POS,POS Terminal,No,Hyderabad,Hyderabad,6.6,2745,4,0
504854,106862,2026-04-16,18:58:00,2384.8,E-commerce,UPI,ATM Machine,Yes,Jaipur,Jaipur,8.3,1508,1,0
505902,115357,2026-07-10,07:23:00,1388.98,Jewellery,ONLINE,USSD,Yes,Chennai,Chennai,6.5,460,3,0
502700,111839,2026-06-11,03:31:00,7593.95,Fuel,NEFT,Web Browser,No,Rajpura,Rajpura,8.5,2832,1,0
504546,175456,2026-07-24,23:12:00,38729.26,Fuel,ONLINE,Web Browser,No,Rajpura,Jaipur,547.4,26,5,1
500076,147570,2026-04-22,06:28:00,2885.28,Jewellery,POS,ATM Machine,Yes,Mumbai,Mumbai,7.5,3218,2,0
503667,158896,2026-01-22,09:46:00,2768.85,Electronics,ONLINE,Web Browser,Yes,Hyderabad,Hyderabad,7.0,3828,1,0
505925,191150,2026-04-06,06:23:00,5248.76,Pharmacy,UPI,Mobile App,No,Jaipur,Jaipur,12.7,941,1,0
502930,165318,2026-01-22,22:43:00,2596.66,Jewellery,ONLINE,Mobile App,No,Delhi,Delhi,5.2,3387,1,0
505529,102681,2026-07-22,20:47:00,4155.84,E-commerce,POS,Web Browser,Yes,Rajpura,Rajpura,9.7,2968,2,0
505956,170999,2026-08-03,22:20:00,2078.35,Pharmacy,ONLINE,ATM Machine,No,Chennai,Chennai,13.9,647,0,0
503804,102172,2026-03-08,14:14:00,2101.41,Jewellery,UPI,USSD,Yes,Bengaluru,Bengaluru,12.4,1270,2,0
505026,111944,2026-07-16,12:51:00,1561.72,Electronics,UPI,USSD,Yes,Kolkata,Kolkata,4.2,2533,2,0
505283,182615,2026-01-02,12:03:00,5834.14,Jewellery,ATM,Web Browser,No,Delhi,Delhi,13.9,207,4,0
502485,134381,2026-05-03,11:56:00,2394.06,Grocery,ATM,Web Browser,Yes,Delhi,Delhi,7.2,3172,3,0
504792,199123,2026-04-30,12:45:00,1103.63,Dining,UPI,ATM Machine,Yes,Kolkata,Kolkata,14.9,1627,1,0
501011,126876,2026-03-19,04:03:00,1164.87,Grocery,ATM,Web Browser,Yes,Mumbai,Mumbai,13.2,1073,3,0
501030,133412,2026-06-24,03:45:00,100.89,Jewellery,ATM,Web Browser,No,Jaipur,Jaipur,12.7,3593,3,0
502843,176421,2026-08-06,12:02:00,1363.11,Grocery,UPI,Mobile App,No,Hyderabad,Hyderabad,5.4,3531,1,0
500829,186343,2026-03-01,12:35:00,2825.56,Travel,POS,ATM Machine,Yes,Kolkata,Kolkata,0.8,2551,1,0
502707,170609,2026-08-09,16:03:00,2348.61,Pharmacy,POS,Mobile App,No,Pune,Pune,12.0,1083,1,0
501877,123290,2026-03-22,15:25:00,5506.18,Travel,ONLINE,USSD,Yes,Kolkata,Kolkata,5.4,1433,1,0
500097,123955,2026-05-21,07:08:00,312.29,ATM Withdrawal,UPI,ATM Machine,No,Hyderabad,Hyderabad,10.9,1664,0,0
503379,185768,2026-05-19,09:41:00,2981.63,Grocery,POS,Mobile App,Yes,Ahmedabad,Ahmedabad,13.3,2861,2,0
504598,100485,2026-05-01,00:58:00,2324.59,Utility Bill,POS,Web Browser,Yes,Bengaluru,Bengaluru,13.2,1016,1,0
504596,104317,2026-03-14,06:48:00,9947.08,E-commerce,UPI,Mobile App,Yes,Bengaluru,Bengaluru,10.6,2525,0,0
504842,112384,2026-01-17,06:01:00,923.87,E-commerce,ATM,POS Terminal,Yes,Chennai,Chennai,1.7,585,0,0
501201,187901,2026-06-21,13:56:00,3802.23,ATM Withdrawal,UPI,ATM Machine,Yes,Hyderabad,Hyderabad,6.0,2863,2,0
500622,147787,2026-02-21,03:21:00,1615.32,ATM Withdrawal,POS,ATM Machine,No,Jaipur,Jaipur,8.8,1402,0,0
505454,178470,2026-03-30,23:44:00,4185.06,Travel,POS,Web Browser,No,Hyderabad,Hyderabad,8.3,492,0,0
501413,125059,2026-02-19,10:16:00,1218.93,Jewellery,UPI,ATM Machine,No,Hyderabad,Hyderabad,0.6,2276,1,0
500567,122806,2026-06-02,11:49:00,4575.87,Travel,POS,USSD,Yes,Delhi,Delhi,8.4,1495,1,0
500544,117463,2026-01-27,05:09:00,10306.07,Travel,POS,ATM Machine,Yes,Pune,Pune,9.9,2929,2,0
501335,153357,2026-03-26,22:19:00,2471.65,E-commerce,POS,POS Terminal,No,Chennai,Chennai,5.6,2861,1,0
504300,109326,2026-08-21,02:24:00,11458.92,Jewellery,NEFT,Mobile App,No,Bengaluru,Bengaluru,6.1,3518,1,0
500052,119463,2026-02-10,20:40:00,5053.6,E-commerce,ATM,POS Terminal,No,Delhi,Delhi,8.6,1826,1,0
505047,177152,2026-04-27,00:55:00,46576.56,Utility Bill,ATM,USSD,No,Kolkata,Mumbai,1037.0,59,7,1
502068,190707,2026-06-05,02:04:00,1762.1,Travel,ONLINE,POS Terminal,Yes,Pune,Pune,7.3,941,1,0
503873,186471,2026-07-28,03:30:00,1322.25,Pharmacy,POS,POS Terminal,Yes,Ahmedabad,Ahmedabad,2.1,2571,4,0
501559,199517,2026-07-25,12:43:00,2680.1,Fuel,POS,Web Browser,No,Delhi,Delhi,9.0,3506,1,0
500746,136418,2026-08-27,23:21:00,2243.28,E-commerce,ATM,POS Terminal,Yes,Rajpura,Rajpura,13.5,3826,1,0
504526,145837,2026-06-09,19:27:00,1222.86,Jewellery,ONLINE,USSD,Yes,Delhi,Delhi,7.4,3485,1,0
504672,168975,2026-08-12,16:25:00,1356.03,Utility Bill,ATM,Mobile App,Yes,Ahmedabad,Ahmedabad,7.7,2969,0,0
501468,138450,2026-08-14,19:18:00,3666.28,Travel,ATM,USSD,No,Pune,Pune,13.1,2999,1,0
504463,158842,2026-05-09,12:55:00,2628.88,Utility Bill,UPI,POS Terminal,Yes,Mumbai,Mumbai,2.2,2781,1,0
500196,108764,2026-02-11,12:19:00,8378.04,Utility Bill,NEFT,ATM Machine,No,Chennai,Chennai,6.9,2121,0,0
503401,181419,2026-03-16,23:46:00,1046.95,Travel,POS,Web Browser,No,Kolkata,Kolkata,6.6,1163,2,0
504268,192851,2026-07-12,19:16:00,5484.81,Jewellery,POS,ATM Machine,No,Kolkata,Kolkata,11.0,2519,1,0
503780,144627,2026-04-30,15:33:00,4998.3,E-commerce,POS,POS Terminal,Yes,Jaipur,Jaipur,1.9,3149,2,0
500803,151554,2026-07-18,07:18:00,2752.92,Electronics,ONLINE,Web Browser,No,Pune,Pune,9.6,3059,2,0
501619,112135,2026-05-23,20:32:00,3983.55,Dining,POS,Mobile App,No,Bengaluru,Bengaluru,10.6,2742,2,0
505187,186305,2026-02-22,08:05:00,2703.82,Travel,POS,Mobile App,No,Pune,Pune,1.4,53,1,0
504438,194748,2026-03-28,09:11:00,6500.6,Fuel,UPI,USSD,No,Bengaluru,Bengaluru,4.9,1425,0,0
500621,143361,2026-07-06,20:05:00,6223.2,Grocery,UPI,Web Browser,No,Delhi,Delhi,4.1,3773,1,0
505340,146726,2026-04-23,21:07:00,3352.0,Pharmacy,POS,Mobile App,Yes,Rajpura,Rajpura,10.1,727,0,0
504149,186265,2026-07-03,19:20:00,6328.6,Grocery,UPI,Mobile App,Yes,Pune,Pune,9.5,1208,0,0
503627,177095,2026-01-11,14:49:00,2992.24,Jewellery,ONLINE,USSD,Yes,Chennai,Chennai,3.9,52,0,0
504113,115130,2026-08-04,00:25:00,3823.66,Fuel,ATM,USSD,No,Mumbai,Mumbai,5.3,3384,1,0
503407,135553,2026-07-05,22:15:00,2841.1,Jewellery,UPI,POS Terminal,Yes,Rajpura,Rajpura,13.8,1360,1,0
503385,179817,2026-07-11,12:37:00,1922.37,Fuel,ONLINE,USSD,Yes,Kolkata,Kolkata,13.7,1630,2,0
500645,177028,2026-04-07,17:12:00,3236.87,Jewellery,ONLINE,ATM Machine,No,Ahmedabad,Ahmedabad,14.1,1076,1,0
502790,183469,2026-06-29,20:27:00,6793.99,Grocery,ONLINE,Mobile App,No,Chennai,Chennai,13.7,164,0,0
505437,140414,2026-08-13,02:20:00,2103.7,Pharmacy,UPI,Mobile App,No,Delhi,Delhi,10.3,3610,1,0
501790,175349,2026-04-07,03:38:00,4073.9,Fuel,ATM,POS Terminal,No,Jaipur,Jaipur,4.2,2515,1,0
501062,168765,2026-08-11,06:45:00,5100.46,Travel,POS,Web Browser,Yes,Mumbai,Mumbai,2.9,1599,0,0
504158,130139,2026-06-22,23:51:00,6671.31,Dining,ATM,POS Terminal,No,Chennai,Chennai,9.9,1916,1,0
504600,172948,2026-05-08,08:41:00,2397.1,Utility Bill,ATM,POS Terminal,Yes,Mumbai,Mumbai,7.7,3770,2,0
500121,143960,2026-07-02,17:07:00,7742.17,Electronics,POS,POS Terminal,No,Bengaluru,Bengaluru,7.4,3719,0,0
502917,162091,2026-04-04,20:54:00,2755.74,Fuel,ONLINE,USSD,Yes,Chennai,Chennai,1.1,1406,3,0
503881,186475,2026-04-12,23:20:00,1112.66,Dining,POS,POS Terminal,Yes,Chennai,Chennai,12.1,2981,2,0
504130,142365,2026-04-05,22:11:00,2165.52,Fuel,POS,ATM Machine,Yes,Jaipur,Jaipur,5.0,3261,0,0
504820,193193,2026-05-22,16:50:00,287.65,E-commerce,ONLINE,Web Browser,No,Rajpura,Rajpura,8.5,3332,2,0
503195,173986,2026-03-11,12:36:00,1959.17,Fuel,POS,USSD,Yes,Bengaluru,Bengaluru,8.1,2478,1,0
501231,182146,2026-01-17,17:06:00,257.43,Grocery,NEFT,Web Browser,Yes,Pune,Pune,3.5,783,1,0
502761,113374,2026-01-03,13:40:00,3846.15,ATM Withdrawal,POS,Web Browser,Yes,Jaipur,Jaipur,11.7,1394,1,0
505538,184111,2026-08-11,13:33:00,5234.81,Utility Bill,UPI,POS Terminal,No,Chennai,Chennai,10.7,3242,2,0
505575,171346,2026-08-25,01:42:00,2504.08,Grocery,POS,USSD,Yes,Jaipur,Jaipur,10.7,2564,1,0
505953,119426,2026-07-21,01:01:00,6164.86,ATM Withdrawal,UPI,Web Browser,No,Hyderabad,Hyderabad,0.8,1503,3,0
503307,127563,2026-03-19,01:22:00,16631.07,Electronics,ONLINE,Web Browser,No,Hyderabad,Bengaluru,1630.7,51,8,1
500135,179490,2026-03-09,19:59:00,5637.06,ATM Withdrawal,UPI,USSD,Yes,Hyderabad,Hyderabad,6.0,888,3,0
503484,123074,2026-04-18,10:59:00,4439.58,Dining,UPI,USSD,Yes,Bengaluru,Bengaluru,4.3,2211,1,0
502580,156792,2026-04-09,00:00:00,42827.69,E-commerce,UPI,Web Browser,No,Hyderabad,Jaipur,455.9,13,13,1
502841,143794,2026-08-14,03:55:00,1842.91,Travel,UPI,POS Terminal,Yes,Bengaluru,Bengaluru,15.0,565,0,0
503793,125525,2026-01-21,11:53:00,3761.09,Grocery,POS,POS Terminal,Yes,Mumbai,Mumbai,13.8,181,2,0
505717,119981,2026-06-07,23:55:00,2470.06,Dining,ONLINE,USSD,No,Kolkata,Kolkata,11.9,2370,3,0
502219,128647,2026-06-28,10:04:00,3608.76,ATM Withdrawal,ONLINE,USSD,Yes,Kolkata,Kolkata,2.7,3474,0,0
500512,174600,2026-01-12,22:33:00,5472.76,ATM Withdrawal,POS,POS Terminal,No,Rajpura,Rajpura,11.2,3345,1,0
505985,114021,2026-05-20,19:01:00,5466.04,Dining,POS,POS Terminal,Yes,Hyderabad,Hyderabad,12.0,3786,0,0
500063,136663,2026-01-11,01:00:00,2695.55,Jewellery,POS,Web Browser,No,Chennai,Chennai,11.1,1562,6,0
501554,161911,2026-04-14,09:42:00,3652.42,Jewellery,POS,Mobile App,Yes,Ahmedabad,Ahmedabad,13.4,2599,3,0
503771,142407,2026-01-26,15:00:00,7389.14,Electronics,UPI,Web Browser,Yes,Delhi,Delhi,13.2,574,1,0
505217,178659,2026-05-31,15:36:00,4369.35,Pharmacy,ATM,USSD,No,Pune,Pune,12.1,1770,0,0
505589,180810,2026-06-13,13:14:00,914.94,Fuel,UPI,USSD,No,Rajpura,Rajpura,11.8,59,1,0
501719,141299,2026-02-22,05:43:00,6919.88,Grocery,UPI,USSD,Yes,Kolkata,Kolkata,3.3,1791,1,0
502861,119363,2026-04-02,22:02:00,3289.09,Fuel,POS,Mobile App,No,Jaipur,Jaipur,2.5,737,0,0
504371,155833,2026-06-18,02:07:00,3813.31,Jewellery,ONLINE,POS Terminal,No,Delhi,Delhi,12.4,3045,2,0
502096,177814,2026-06-24,07:27:00,5583.25,ATM Withdrawal,POS,ATM Machine,Yes,Bengaluru,Bengaluru,1.1,1516,0,0
500680,193593,2026-07-16,17:21:00,1322.61,Fuel,POS,ATM Machine,Yes,Pune,Pune,14.9,1324,0,0
503687,110555,2026-01-14,10:37:00,8619.01,E-commerce,POS,Mobile App,Yes,Hyderabad,Hyderabad,9.2,234,4,0
501212,178199,2026-08-15,02:53:00,262.35,Pharmacy,ONLINE,ATM Machine,Yes,Mumbai,Mumbai,3.5,2233,1,0
500123,165442,2026-01-05,21:25:00,796.49,Fuel,POS,USSD,Yes,Rajpura,Rajpura,0.8,1896,2,0
502642,149641,2026-02-01,01:23:00,751.08,Grocery,ATM,ATM Machine,Yes,Rajpura,Rajpura,3.6,2161,0,0
503086,136080,2026-07-24,15:09:00,1774.97,Electronics,POS,USSD,Yes,Jaipur,Jaipur,0.7,1744,2,0
504078,160136,2026-05-08,02:31:00,2512.63,Electronics,POS,POS Terminal,No,Rajpura,Rajpura,0.1,1695,3,0
504918,127315,2026-07-24,00:18:00,26847.19,Travel,NEFT,USSD,No,Delhi,Jaipur,1118.1,14,5,1
503177,161459,2026-04-19,17:45:00,5837.18,E-commerce,UPI,ATM Machine,No,Mumbai,Mumbai,11.2,1294,1,0
501211,162336,2026-06-10,01:37:00,1489.46,E-commerce,ATM,USSD,Yes,Ahmedabad,Ahmedabad,4.9,1714,0,0
500568,124938,2026-04-02,02:59:00,904.97,Travel,ONLINE,ATM Machine,No,Mumbai,Mumbai,2.4,3990,2,0
503430,130131,2026-07-15,06:01:00,1391.29,Travel,UPI,ATM Machine,Yes,Pune,Pune,11.3,2396,4,0
500549,151599,2026-04-16,01:35:00,15170.59,Jewellery,UPI,USSD,Yes,Pune,Pune,6.2,937,0,0
500865,184611,2026-04-07,07:07:00,3655.11,Utility Bill,UPI,Mobile App,No,Jaipur,Jaipur,10.4,2496,2,0
504540,186935,2026-07-06,08:00:00,4623.57,Fuel,POS,Mobile App,No,Kolkata,Kolkata,4.4,1436,3,0
501393,198398,2026-01-11,17:19:00,1559.49,Dining,POS,POS Terminal,No,Bengaluru,Bengaluru,7.1,3327,2,0
505726,131771,2026-07-15,20:45:00,2030.76,Fuel,UPI,Web Browser,No,Hyderabad,Hyderabad,2.2,695,1,0
502403,174590,2026-02-03,08:40:00,2099.34,Fuel,POS,USSD,Yes,Mumbai,Mumbai,11.3,490,1,0
503985,185764,2026-03-11,06:53:00,2637.93,Grocery,ONLINE,ATM Machine,No,Bengaluru,Bengaluru,4.8,3558,0,0
502058,173850,2026-04-27,14:30:00,1889.6,ATM Withdrawal,NEFT,Mobile App,No,Kolkata,Kolkata,11.4,3616,1,0
504771,129548,2026-07-04,08:29:00,711.22,Jewellery,POS,ATM Machine,No,Mumbai,Mumbai,5.1,668,0,0
500721,113913,2026-04-23,13:34:00,2869.03,Utility Bill,ONLINE,USSD,No,Rajpura,Rajpura,11.9,2056,4,0
503838,159942,2026-02-09,22:48:00,3532.46,ATM Withdrawal,UPI,Mobile App,Yes,Jaipur,Jaipur,4.1,343,1,0
502883,156299,2026-03-21,17:46:00,8658.01,ATM Withdrawal,NEFT,USSD,Yes,Bengaluru,Bengaluru,1.2,877,1,0
500691,199664,2026-05-29,21:51:00,1035.36,ATM Withdrawal,POS,POS Terminal,No,Kolkata,Kolkata,11.0,2579,1,0
500603,173903,2026-08-05,22:40:00,5545.24,E-commerce,UPI,USSD,No,Kolkata,Kolkata,5.8,2938,0,0
502216,139005,2026-08-22,13:39:00,2314.81,Utility Bill,ATM,USSD,Yes,Ahmedabad,Ahmedabad,4.5,1905,0,0
504968,133830,2026-07-13,13:30:00,11603.56,Grocery,UPI,USSD,No,Chennai,Chennai,14.7,2959,2,0
505376,167139,2026-06-07,06:42:00,8434.17,ATM Withdrawal,UPI,USSD,No,Delhi,Delhi,9.8,1155,0,0
505016,193705,2026-05-22,05:37:00,780.57,Jewellery,NEFT,POS Terminal,Yes,Kolkata,Kolkata,5.0,1112,2,0
505578,193494,2026-04-24,07:39:00,5162.17,Electronics,ATM,Mobile App,Yes,Rajpura,Rajpura,12.5,2895,3,0
500504,186748,2026-02-05,04:56:00,3331.82,E-commerce,ONLINE,Web Browser,Yes,Pune,Pune,6.1,2889,1,0
504503,199752,2026-02-18,03:30:00,7433.24,ATM Withdrawal,UPI,USSD,Yes,Hyderabad,Hyderabad,10.4,532,0,0
500319,193875,2026-04-09,07:35:00,1573.56,Fuel,POS,Mobile App,Yes,Kolkata,Kolkata,2.8,1227,1,0
505879,165655,2026-02-22,07:38:00,5203.1,ATM Withdrawal,ATM,ATM Machine,Yes,Jaipur,Jaipur,12.1,3595,3,0
505514,186967,2026-01-23,06:14:00,7345.98,Grocery,UPI,USSD,Yes,Delhi,Delhi,0.7,1125,3,0
500275,141815,2026-04-17,15:33:00,1841.91,Utility Bill,UPI,ATM Machine,No,Pune,Pune,12.3,3670,1,0
505156,185895,2026-04-27,06:56:00,5354.69,E-commerce,ONLINE,ATM Machine,No,Hyderabad,Hyderabad,2.2,3319,0,0
503621,199607,2026-06-26,18:21:00,2676.18,Utility Bill,POS,Web Browser,Yes,Delhi,Delhi,8.2,3720,1,0
501362,106716,2026-04-22,15:52:00,7022.73,Jewellery,UPI,USSD,Yes,Ahmedabad,Ahmedabad,2.7,1718,1,0
504196,149459,2026-01-10,12:26:00,1527.21,Electronics,ONLINE,ATM Machine,Yes,Hyderabad,Hyderabad,9.4,955,0,0
501527,131901,2026-06-09,23:07:00,5974.04,Jewellery,ONLINE,USSD,Yes,Chennai,Chennai,3.3,2219,2,0
502367,133724,2026-07-03,08:18:00,3768.37,ATM Withdrawal,ONLINE,Web Browser,No,Chennai,Chennai,13.5,105,1,0
503376,150527,2026-04-15,16:01:00,1690.63,Electronics,POS,POS Terminal,No,Kolkata,Kolkata,7.2,2885,2,0
504161,140320,2026-01-01,14:21:00,2320.14,Pharmacy,NEFT,Mobile App,Yes,Rajpura,Rajpura,13.0,2411,1,0
502292,132154,2026-07-17,17:48:00,2710.37,Utility Bill,POS,USSD,No,Bengaluru,Bengaluru,12.1,2840,0,0
503289,117375,2026-06-21,17:30:00,1903.8,Electronics,NEFT,ATM Machine,Yes,Chennai,Chennai,9.0,1551,1,0
503876,160339,2026-02-21,05:22:00,2985.52,Jewellery,POS,POS Terminal,Yes,Ahmedabad,Ahmedabad,3.1,2177,2,0
503559,116785,2026-08-28,12:17:00,2243.2,Jewellery,ONLINE,Web Browser,Yes,Ahmedabad,Ahmedabad,14.1,1548,1,0
505158,112228,2026-03-26,14:40:00,814.28,Dining,ATM,Mobile App,No,Rajpura,Rajpura,11.7,3857,3,0
500946,111921,2026-08-26,23:22:00,5153.17,Fuel,UPI,ATM Machine,Yes,Pune,Pune,14.6,1031,3,0
504717,188928,2026-05-03,09:35:00,892.45,Jewellery,POS,POS Terminal,Yes,Hyderabad,Hyderabad,5.8,1819,1,0
505782,114654,2026-05-22,18:35:00,3245.79,E-commerce,ONLINE,Web Browser,No,Jaipur,Jaipur,14.9,3216,3,0
500296,152066,2026-07-03,07:54:00,14573.06,ATM Withdrawal,UPI,Mobile App,Yes,Ahmedabad,Ahmedabad,10.5,2666,0,0
503167,174899,2026-04-17,21:09:00,6331.37,Grocery,UPI,POS Terminal,Yes,Ahmedabad,Ahmedabad,4.5,2915,2,0
502183,160621,2026-05-18,17:07:00,1603.09,ATM Withdrawal,UPI,Mobile App,No,Ahmedabad,Ahmedabad,2.5,238,1,0
500299,128455,2026-01-21,19:01:00,1323.32,Jewellery,POS,ATM Machine,Yes,Bengaluru,Bengaluru,13.0,2076,0,0
500069,107634,2026-03-26,21:28:00,2062.23,Fuel,ONLINE,ATM Machine,Yes,Delhi,Delhi,7.8,146,3,0
504393,101224,2026-03-11,17:25:00,3505.94,Jewellery,ONLINE,USSD,No,Hyderabad,Hyderabad,10.3,2410,0,0
500737,173052,2026-01-06,09:25:00,2529.35,Electronics,UPI,USSD,No,Chennai,Chennai,4.6,1879,3,0
503476,121592,2026-02-01,10:27:00,6123.05,Electronics,ONLINE,Web Browser,No,Mumbai,Mumbai,1.8,2847,4,0
504267,135119,2026-07-21,04:40:00,5234.01,Grocery,NEFT,ATM Machine,Yes,Chennai,Chennai,11.7,3575,3,0
502989,190338,2026-06-10,00:45:00,4319.94,Jewellery,UPI,ATM Machine,Yes,Mumbai,Mumbai,3.1,2816,0,0
503647,164203,2026-07-17,10:23:00,780.69,E-commerce,POS,Web Browser,Yes,Chennai,Chennai,2.6,2672,0,0
501504,132248,2026-08-09,06:44:00,2236.37,Utility Bill,UPI,Mobile App,No,Pune,Pune,2.2,574,2,0
502073,140270,2026-04-23,04:17:00,1548.79,Grocery,ATM,USSD,No,Hyderabad,Hyderabad,8.5,1901,1,0
500151,185566,2026-01-01,02:17:00,6310.05,Jewellery,ONLINE,Web Browser,No,Mumbai,Mumbai,13.2,1654,0,0
500757,173748,2026-03-07,06:41:00,4891.02,Jewellery,UPI,USSD,Yes,Pune,Pune,6.1,2782,2,0
505899,164959,2026-01-22,10:19:00,1113.89,ATM Withdrawal,ONLINE,ATM Machine,Yes,Ahmedabad,Ahmedabad,7.6,2786,1,0
503502,164043,2026-08-02,20:37:00,5012.9,Travel,ONLINE,POS Terminal,Yes,Delhi,Delhi,8.3,3158,0,0
501704,119953,2026-07-21,08:46:00,2067.84,Grocery,POS,Mobile App,No,Bengaluru,Bengaluru,3.2,2114,1,0
505467,103391,2026-03-22,17:44:00,11656.71,Grocery,ATM,Mobile App,Yes,Ahmedabad,Ahmedabad,11.1,2025,0,0
502105,187115,2026-07-05,12:16:00,1519.2,Dining,ONLINE,USSD,No,Delhi,Delhi,0.7,2084,3,0
500170,102271,2026-02-28,02:41:00,5853.46,Jewellery,POS,USSD,Yes,Ahmedabad,Ahmedabad,7.7,373,2,0
502155,170464,2026-03-19,10:46:00,6095.74,Pharmacy,ONLINE,POS Terminal,Yes,Kolkata,Kolkata,13.4,3802,3,0
500377,173660,2026-07-19,16:19:00,4636.09,Jewellery,UPI,Web Browser,No,Delhi,Delhi,1.3,1649,1,0
502026,147277,2026-02-24,00:26:00,1607.66,Jewellery,UPI,ATM Machine,No,Jaipur,Jaipur,0.4,2818,1,0
500860,180095,2026-05-08,03:07:00,9107.04,Electronics,UPI,POS Terminal,No,Rajpura,Rajpura,8.8,1577,2,0
502688,156438,2026-01-11,01:34:00,5397.58,Dining,ATM,Mobile App,Yes,Bengaluru,Bengaluru,10.2,2525,3,0
505036,122669,2026-03-28,03:28:00,2071.96,Utility Bill,UPI,POS Terminal,Yes,Delhi,Delhi,7.5,764,0,0
505349,130928,2026-06-18,08:56:00,11514.29,Dining,ONLINE,Web Browser,No,Bengaluru,Bengaluru,11.9,327,1,0
500379,137998,2026-05-02,18:43:00,151.18,Grocery,POS,Web Browser,No,Pune,Pune,4.7,3763,1,0
504784,175606,2026-07-14,10:46:00,2490.18,Travel,ONLINE,USSD,No,Chennai,Chennai,8.8,1812,0,0
505457,115969,2026-03-05,02:58:00,1468.26,Fuel,ONLINE,Mobile App,Yes,Kolkata,Kolkata,6.0,2878,2,0
501295,195170,2026-02-06,07:33:00,3271.82,ATM Withdrawal,NEFT,USSD,No,Bengaluru,Bengaluru,5.0,2608,1,0
504972,138333,2026-03-29,20:43:00,432.29,Jewellery,ONLINE,ATM Machine,No,Jaipur,Jaipur,10.9,2058,2,0
501433,117119,2026-07-01,15:04:00,2177.91,Utility Bill,ONLINE,POS Terminal,Yes,Chennai,Chennai,12.4,168,1,0
505326,139408,2026-04-26,23:04:00,1218.42,Fuel,ONLINE,Web Browser,No,Pune,Pune,0.7,2778,1,0
505860,169727,2026-06-11,08:28:00,3620.02,Fuel,NEFT,Mobile App,Yes,Mumbai,Mumbai,2.6,1372,1,0
502943,176301,2026-04-11,23:14:00,5497.73,Travel,POS,USSD,Yes,Jaipur,Jaipur,5.9,2221,0,0
501780,168455,2026-01-31,15:39:00,2374.41,ATM Withdrawal,ONLINE,Web Browser,Yes,Bengaluru,Bengaluru,5.9,3400,2,0
503389,128949,2026-07-11,09:34:00,7204.39,Dining,UPI,Mobile App,No,Kolkata,Kolkata,7.4,3690,0,0
505163,128698,2026-01-01,02:02:00,7767.59,E-commerce,ONLINE,POS Terminal,No,Pune,Pune,14.6,1088,1,0
505136,109995,2026-04-30,10:09:00,5009.9,E-commerce,POS,ATM Machine,Yes,Delhi,Delhi,6.8,121,0,0
503544,177440,2026-06-20,02:58:00,852.5,Utility Bill,ONLINE,POS Terminal,Yes,Chennai,Chennai,10.7,3167,0,0
500842,165626,2026-04-02,08:17:00,2356.68,ATM Withdrawal,POS,USSD,No,Rajpura,Rajpura,7.3,149,0,0
502573,173049,2026-05-11,08:04:00,4401.1,Pharmacy,ONLINE,Mobile App,No,Jaipur,Jaipur,7.2,1407,1,0
501190,100731,2026-01-30,02:51:00,87078.05,Electronics,POS,USSD,No,Mumbai,Rajpura,458.9,33,6,1
500176,146187,2026-07-09,05:48:00,5894.45,Electronics,ATM,POS Terminal,No,Kolkata,Kolkata,14.3,872,2,0
504776,104487,2026-02-24,13:16:00,4846.06,Fuel,POS,Web Browser,No,Delhi,Delhi,3.9,3726,1,0
500928,130133,2026-06-11,06:53:00,1883.48,ATM Withdrawal,POS,ATM Machine,No,Bengaluru,Bengaluru,11.6,2182,2,0
503259,156436,2026-01-19,09:08:00,4379.09,Utility Bill,ATM,Mobile App,Yes,Delhi,Delhi,10.6,3734,4,0
500046,197068,2026-07-17,03:01:00,2032.02,Grocery,ONLINE,POS Terminal,Yes,Kolkata,Kolkata,4.0,105,2,0
501261,126609,2026-04-27,15:03:00,2012.99,Pharmacy,ONLINE,USSD,Yes,Bengaluru,Bengaluru,2.5,1793,5,0
501097,183544,2026-06-28,01:33:00,1807.8,ATM Withdrawal,POS,USSD,Yes,Delhi,Delhi,6.5,3106,2,0
501444,143296,2026-07-23,09:46:00,3767.56,Pharmacy,UPI,Web Browser,Yes,Pune,Pune,2.6,1055,0,0
502108,113865,2026-04-19,10:30:00,11448.19,Travel,POS,Web Browser,No,Kolkata,Kolkata,9.1,2298,2,0
505004,168300,2026-05-12,18:08:00,1910.34,Utility Bill,UPI,ATM Machine,No,Pune,Pune,11.7,432,0,0
501188,159847,2026-01-17,19:38:00,4523.11,Travel,ONLINE,ATM Machine,Yes,Mumbai,Mumbai,14.9,3533,4,0
505094,196992,2026-07-23,17:58:00,2414.24,Travel,NEFT,ATM Machine,Yes,Jaipur,Jaipur,8.8,591,0,0
503788,102115,2026-01-04,03:28:00,24142.66,Grocery,UPI,USSD,No,Bengaluru,Jaipur,1992.8,9,4,1
501031,148755,2026-01-24,00:28:00,464.87,Grocery,ATM,Web Browser,No,Rajpura,Rajpura,2.2,3598,1,0
504818,132978,2026-03-12,21:14:00,2944.42,Utility Bill,ATM,ATM Machine,Yes,Bengaluru,Bengaluru,4.9,1566,0,0
500301,136367,2026-08-17,18:29:00,5608.97,E-commerce,UPI,ATM Machine,Yes,Chennai,Chennai,9.1,2535,1,0
502524,140126,2026-01-27,19:53:00,5388.16,Dining,ONLINE,POS Terminal,Yes,Rajpura,Rajpura,9.7,2506,2,0
501473,144927,2026-07-30,03:36:00,1134.41,Pharmacy,ATM,USSD,No,Bengaluru,Bengaluru,8.5,3042,2,0
500284,149070,2026-05-14,23:25:00,48228.62,Fuel,ONLINE,USSD,No,Delhi,Chennai,1600.3,40,9,1
504383,135324,2026-08-09,23:13:00,2365.41,ATM Withdrawal,UPI,USSD,No,Bengaluru,Bengaluru,11.9,1418,2,0
502481,165153,2026-05-29,22:07:00,336.81,Utility Bill,POS,Web Browser,No,Hyderabad,Hyderabad,12.2,2152,0,0
504756,160211,2026-06-20,20:06:00,3793.29,Utility Bill,ONLINE,Web Browser,No,Ahmedabad,Ahmedabad,4.1,2695,1,0
503347,160252,2026-07-05,14:11:00,6077.97,Jewellery,POS,Mobile App,No,Rajpura,Rajpura,9.2,1141,3,0
501814,149550,2026-01-05,17:01:00,9526.4,Utility Bill,ONLINE,Web Browser,No,Rajpura,Rajpura,11.8,1310,1,0
503888,117666,2026-08-13,12:44:00,2689.78,E-commerce,POS,Web Browser,Yes,Jaipur,Jaipur,13.5,1146,2,0
504314,109788,2026-05-06,00:28:00,67884.95,ATM Withdrawal,UPI,Web Browser,No,Chennai,Kolkata,1458.5,11,2,1
504142,185952,2026-02-18,10:52:00,4686.78,Travel,NEFT,Mobile App,No,Bengaluru,Bengaluru,1.0,2384,3,0
505062,162014,2026-07-29,15:26:00,5434.37,Jewellery,NEFT,ATM Machine,No,Chennai,Chennai,5.7,3450,0,0
504828,153743,2026-03-10,07:25:00,2287.91,Jewellery,UPI,Mobile App,No,Delhi,Delhi,6.0,3319,1,0
502933,116209,2026-03-26,16:17:00,9893.16,E-commerce,POS,POS Terminal,Yes,Pune,Pune,1.0,2501,0,0
502120,170138,2026-05-05,09:07:00,2798.29,Dining,ATM,Web Browser,Yes,Rajpura,Rajpura,10.8,2445,2,0
505658,181250,2026-08-24,04:37:00,1150.34,Pharmacy,POS,Mobile App,No,Pune,Pune,2.8,3070,0,0
504815,174620,2026-03-05,07:03:00,552.95,Electronics,POS,ATM Machine,Yes,Delhi,Delhi,12.7,2733,3,0
503808,115539,2026-08-11,15:38:00,2575.69,E-commerce,ONLINE,POS Terminal,Yes,Rajpura,Rajpura,12.3,3890,1,0
505706,181503,2026-07-22,03:50:00,1350.27,ATM Withdrawal,UPI,Mobile App,Yes,Mumbai,Mumbai,14.8,3508,3,0
505775,149256,2026-08-13,06:18:00,2529.05,Travel,POS,USSD,No,Kolkata,Kolkata,6.3,102,4,0
502331,106516,2026-03-31,01:13:00,7085.12,Travel,ONLINE,Mobile App,Yes,Mumbai,Mumbai,0.8,1550,1,0
502030,134271,2026-01-18,05:37:00,2935.85,Jewellery,ONLINE,ATM Machine,No,Pune,Pune,13.3,756,2,0
505465,119780,2026-04-27,14:15:00,993.65,Utility Bill,UPI,ATM Machine,No,Delhi,Delhi,12.1,3983,1,0
500258,110340,2026-01-04,23:54:00,82907.17,Electronics,ONLINE,Web Browser,No,Hyderabad,Ahmedabad,472.9,4,6,1
500508,124783,2026-07-27,08:05:00,907.91,Electronics,ATM,ATM Machine,Yes,Kolkata,Kolkata,11.7,1174,1,0
501943,187431,2026-01-25,21:04:00,3107.04,Jewellery,POS,ATM Machine,Yes,Pune,Pune,0.8,3662,1,0
500100,113975,2026-05-24,12:54:00,1278.7,Grocery,UPI,USSD,Yes,Bengaluru,Bengaluru,3.6,2241,1,0
502956,199480,2026-01-28,06:21:00,2862.97,Travel,ONLINE,Mobile App,Yes,Bengaluru,Bengaluru,13.1,3612,1,0
500745,179521,2026-02-14,07:20:00,3475.84,Fuel,ATM,Web Browser,Yes,Rajpura,Rajpura,1.2,3983,2,0
504571,169165,2026-06-07,15:47:00,5487.63,Utility Bill,ONLINE,Mobile App,Yes,Ahmedabad,Ahmedabad,9.6,2720,1,0
505553,165603,2026-02-17,12:33:00,2613.83,Dining,ATM,ATM Machine,No,Hyderabad,Hyderabad,9.3,1888,2,0
501376,195919,2026-07-25,21:17:00,1779.41,ATM Withdrawal,UPI,Web Browser,Yes,Jaipur,Jaipur,14.0,3094,1,0
503867,152204,2026-08-12,19:59:00,1748.4,Pharmacy,UPI,Mobile App,Yes,Bengaluru,Bengaluru,10.7,1945,0,0
503820,189304,2026-06-16,08:30:00,5652.67,Grocery,POS,Web Browser,Yes,Bengaluru,Bengaluru,6.3,3026,2,0
503683,121549,2026-05-03,09:45:00,2947.99,Fuel,POS,USSD,No,Kolkata,Kolkata,9.8,2075,3,0
501955,197093,2026-05-07,01:36:00,43932.31,Utility Bill,ATM,Web Browser,No,Hyderabad,Chennai,473.8,9,6,1
504747,176577,2026-02-26,21:31:00,2937.51,Pharmacy,POS,POS Terminal,No,Pune,Pune,2.9,105,1,0
501158,185026,2026-06-17,23:31:00,2520.8,E-commerce,POS,Web Browser,No,Ahmedabad,Ahmedabad,8.2,1542,0,0
504369,192657,2026-07-11,12:19:00,912.33,Fuel,POS,Mobile App,No,Chennai,Chennai,12.2,2179,3,0
503366,174934,2026-05-14,10:17:00,3622.78,Jewellery,POS,POS Terminal,No,Ahmedabad,Ahmedabad,12.1,2137,0,0
504906,164154,2026-03-25,03:45:00,4310.1,Grocery,ONLINE,Web Browser,No,Ahmedabad,Ahmedabad,10.5,3880,1,0
501438,165291,2026-08-13,15:46:00,2936.4,E-commerce,ONLINE,ATM Machine,No,Jaipur,Jaipur,6.8,3372,2,0
500367,146954,2026-06-01,14:59:00,8560.36,E-commerce,ONLINE,ATM Machine,No,Rajpura,Rajpura,5.0,1734,2,0
504814,155587,2026-08-21,04:42:00,5057.57,Pharmacy,POS,USSD,Yes,Chennai,Chennai,7.0,3583,1,0
502942,193666,2026-08-23,04:55:00,1930.09,Utility Bill,UPI,ATM Machine,Yes,Jaipur,Jaipur,0.5,1328,3,0
500403,132041,2026-03-21,10:35:00,5967.87,Travel,POS,ATM Machine,No,Chennai,Chennai,8.8,2379,3,0
504645,102657,2026-03-28,22:05:00,9321.05,E-commerce,ATM,Web Browser,Yes,Rajpura,Rajpura,12.1,1297,4,0
505655,124514,2026-07-12,12:01:00,1740.81,E-commerce,UPI,USSD,Yes,Ahmedabad,Ahmedabad,5.9,3380,2,0
500950,127807,2026-04-11,02:47:00,320.62,ATM Withdrawal,POS,Web Browser,No,Pune,Pune,1.9,616,3,0
502782,193586,2026-05-14,06:11:00,1192.53,Pharmacy,ATM,Web Browser,Yes,Bengaluru,Bengaluru,14.3,1281,3,0
500020,145038,2026-08-28,20:04:00,521.92,Jewellery,POS,USSD,No,Ahmedabad,Ahmedabad,10.3,614,0,0
500230,117677,2026-07-25,09:58:00,4902.46,E-commerce,UPI,ATM Machine,No,Kolkata,Kolkata,13.9,3106,2,0
504188,121382,2026-08-28,23:15:00,2379.59,Fuel,ONLINE,USSD,Yes,Chennai,Chennai,1.0,867,2,0
500669,191893,2026-07-03,20:31:00,2135.62,Pharmacy,NEFT,Web Browser,Yes,Kolkata,Kolkata,5.8,96,1,0
500219,144701,2026-02-10,22:18:00,2175.74,E-commerce,UPI,USSD,No,Mumbai,Mumbai,6.8,2469,2,0
505008,182914,2026-07-02,14:19:00,1351.13,Dining,ONLINE,POS Terminal,Yes,Hyderabad,Hyderabad,9.9,3946,1,0
504025,145472,2026-07-19,02:42:00,1220.83,Pharmacy,POS,USSD,No,Mumbai,Mumbai,14.2,1910,2,0
503572,184206,2026-07-15,23:32:00,2394.65,Travel,UPI,Web Browser,Yes,Rajpura,Rajpura,6.5,1499,0,0
502514,175426,2026-06-01,10:18:00,5336.43,Dining,ONLINE,POS Terminal,No,Mumbai,Mumbai,0.9,3957,0,0
504391,118063,2026-02-08,03:52:00,6375.03,Grocery,POS,Mobile App,No,Delhi,Delhi,6.6,3953,0,0
500586,192483,2026-06-10,21:45:00,3002.06,Travel,UPI,POS Terminal,Yes,Pune,Pune,0.6,2680,0,0
501913,100307,2026-03-08,06:33:00,11156.36,Utility Bill,POS,Web Browser,Yes,Bengaluru,Bengaluru,11.0,3869,3,0
505378,125512,2026-02-27,00:03:00,2242.03,ATM Withdrawal,ONLINE,Mobile App,No,Ahmedabad,Ahmedabad,7.4,3407,2,0
504432,108775,2026-01-01,01:47:00,1271.72,Grocery,POS,ATM Machine,No,Kolkata,Kolkata,12.7,2512,0,0
504348,115180,2026-03-27,12:39:00,7235.76,Fuel,POS,POS Terminal,No,Mumbai,Mumbai,6.5,1406,2,0
503830,115003,2026-04-18,21:30:00,3307.58,Utility Bill,ATM,Mobile App,No,Chennai,Chennai,2.3,3272,2,0
503480,177926,2026-05-06,10:49:00,756.18,Jewellery,ONLINE,POS Terminal,No,Hyderabad,Hyderabad,0.7,2005,3,0
504578,119979,2026-07-08,08:20:00,5162.62,E-commerce,POS,USSD,No,Chennai,Chennai,10.4,3690,2,0
500778,111847,2026-07-26,23:22:00,1014.49,Travel,UPI,Web Browser,No,Kolkata,Kolkata,8.6,1560,2,0
502315,122669,2026-06-23,20:22:00,8041.94,Fuel,POS,Mobile App,No,Mumbai,Mumbai,0.5,1488,3,0
501019,104166,2026-03-29,21:20:00,755.82,E-commerce,ONLINE,USSD,No,Kolkata,Kolkata,14.8,1468,3,0
501607,114793,2026-02-19,20:34:00,1124.79,Fuel,UPI,Mobile App,Yes,Pune,Pune,6.1,2290,2,0
502506,111532,2026-03-17,20:59:00,1324.76,Electronics,UPI,USSD,Yes,Delhi,Delhi,13.1,2378,1,0
502808,131065,2026-07-01,12:14:00,9964.53,Electronics,POS,USSD,No,Bengaluru,Bengaluru,1.1,3149,1,0
504589,160649,2026-03-24,23:00:00,36106.56,ATM Withdrawal,ATM,Web Browser,No,Jaipur,Hyderabad,325.0,48,5,1
503214,196450,2026-05-03,18:12:00,3137.13,Utility Bill,UPI,ATM Machine,No,Rajpura,Rajpura,14.4,3042,2,0
501492,148949,2026-03-12,02:14:00,7894.05,Jewellery,ONLINE,Mobile App,Yes,Ahmedabad,Ahmedabad,5.9,3013,1,0
504985,119249,2026-05-04,21:00:00,5548.45,Jewellery,UPI,Mobile App,Yes,Rajpura,Rajpura,0.4,3581,2,0
505248,193181,2026-07-08,16:46:00,3331.61,ATM Withdrawal,ONLINE,Mobile App,Yes,Hyderabad,Hyderabad,9.1,642,3,0
504341,105195,2026-05-12,20:14:00,2810.21,ATM Withdrawal,UPI,Web Browser,No,Hyderabad,Hyderabad,2.3,2888,0,0
503661,155737,2026-04-26,03:50:00,7152.28,Grocery,ONLINE,USSD,Yes,Delhi,Delhi,7.1,2744,2,0
504488,125454,2026-01-20,23:44:00,69921.15,Fuel,ATM,Web Browser,No,Bengaluru,Hyderabad,1918.4,51,3,1
502878,193616,2026-02-22,00:20:00,81186.2,E-commerce,POS,USSD,No,Bengaluru,Ahmedabad,1442.1,50,3,1
501594,101903,2026-07-27,18:10:00,2172.67,Grocery,POS,Web Browser,No,Hyderabad,Hyderabad,3.3,1942,0,0
500518,106655,2026-05-30,11:27:00,4487.14,Electronics,ONLINE,POS Terminal,No,Pune,Pune,0.4,1330,5,0
500322,110773,2026-06-21,16:33:00,800.1,Dining,POS,Mobile App,Yes,Jaipur,Jaipur,11.0,1357,1,0
505265,183329,2026-05-04,09:56:00,9094.43,Pharmacy,ONLINE,Mobile App,Yes,Jaipur,Jaipur,0.1,2923,3,0
505636,159672,2026-03-21,19:24:00,6106.96,Travel,ATM,USSD,Yes,Bengaluru,Bengaluru,2.9,3378,0,0
504100,133628,2026-05-30,16:20:00,3044.46,Electronics,ATM,Mobile App,No,Jaipur,Jaipur,1.0,1482,1,0
503690,116736,2026-03-16,02:04:00,2882.79,Pharmacy,ONLINE,ATM Machine,No,Chennai,Chennai,13.8,2196,2,0
500218,109638,2026-06-14,08:37:00,1523.34,Utility Bill,UPI,Web Browser,Yes,Delhi,Delhi,8.6,2169,3,0
502656,156507,2026-06-07,10:39:00,4499.19,ATM Withdrawal,ONLINE,Web Browser,Yes,Ahmedabad,Ahmedabad,5.7,2672,2,0
502389,195570,2026-04-16,03:54:00,86240.12,Pharmacy,UPI,Web Browser,No,Jaipur,Chennai,1207.3,24,6,1
500361,184563,2026-08-15,00:55:00,4793.74,Electronics,POS,Mobile App,No,Hyderabad,Hyderabad,6.4,801,3,0
504376,158415,2026-08-20,09:37:00,3037.83,Jewellery,ONLINE,USSD,Yes,Pune,Pune,1.7,2420,3,0
503337,152302,2026-06-10,00:02:00,47656.59,Electronics,ATM,USSD,No,Chennai,Ahmedabad,1404.1,37,6,1
503011,136932,2026-02-03,15:28:00,2471.32,Pharmacy,ONLINE,POS Terminal,Yes,Kolkata,Kolkata,13.0,330,1,0
502319,185070,2026-01-06,03:14:00,11418.34,Grocery,ATM,Web Browser,No,Bengaluru,Bengaluru,6.7,2841,1,0
501053,150173,2026-08-11,04:13:00,4572.61,Grocery,ONLINE,USSD,Yes,Hyderabad,Hyderabad,4.6,3869,0,0
505141,137721,2026-08-24,08:15:00,2392.49,Travel,POS,Mobile App,Yes,Mumbai,Mumbai,6.0,1294,3,0
500760,172967,2026-05-24,11:49:00,6340.52,Jewellery,UPI,Mobile App,No,Jaipur,Jaipur,12.1,175,4,0
504668,113857,2026-02-14,14:02:00,647.7,ATM Withdrawal,POS,Mobile App,Yes,Delhi,Delhi,11.5,202,3,0
505278,182292,2026-08-25,12:09:00,837.05,Pharmacy,ATM,USSD,No,Mumbai,Mumbai,1.9,2701,3,0
505996,121008,2026-07-27,11:37:00,1240.98,Jewellery,ONLINE,Web Browser,Yes,Rajpura,Rajpura,1.5,2861,1,0
501427,167158,2026-03-30,01:35:00,3703.92,Grocery,ATM,USSD,No,Pune,Pune,5.7,1221,3,0
504408,118597,2026-08-19,14:33:00,2191.55,Grocery,ONLINE,ATM Machine,No,Kolkata,Kolkata,4.2,3275,1,0
503698,141225,2026-01-04,05:20:00,2451.71,Fuel,ONLINE,Mobile App,No,Delhi,Delhi,1.6,2278,2,0
500215,173691,2026-01-02,00:55:00,2972.8,Fuel,POS,ATM Machine,No,Ahmedabad,Ahmedabad,0.1,991,2,0
501615,106022,2026-04-03,02:38:00,8466.02,Electronics,UPI,Web Browser,No,Ahmedabad,Ahmedabad,0.9,2368,0,0
504676,136956,2026-05-20,02:35:00,3680.44,Fuel,POS,ATM Machine,No,Hyderabad,Hyderabad,11.3,856,1,0
501718,137904,2026-06-17,05:42:00,1468.21,Dining,UPI,POS Terminal,No,Ahmedabad,Ahmedabad,5.3,3994,1,0
502742,109680,2026-06-05,07:18:00,984.56,E-commerce,UPI,ATM Machine,Yes,Bengaluru,Bengaluru,7.2,2415,2,0
502054,194752,2026-03-15,14:56:00,2240.26,Utility Bill,UPI,Mobile App,Yes,Hyderabad,Hyderabad,9.9,2059,2,0
502999,143497,2026-08-01,11:51:00,7892.62,Travel,POS,POS Terminal,No,Mumbai,Mumbai,10.9,3544,2,0
501984,175083,2026-03-30,06:53:00,1870.62,E-commerce,ONLINE,POS Terminal,No,Kolkata,Kolkata,3.3,2420,0,0
501703,168196,2026-04-05,20:27:00,3332.74,Travel,POS,POS Terminal,Yes,Pune,Pune,12.7,302,2,0
503102,113088,2026-05-19,21:15:00,3550.93,ATM Withdrawal,POS,POS Terminal,Yes,Mumbai,Mumbai,5.1,1627,2,0
503035,109973,2026-04-11,11:31:00,767.4,Utility Bill,POS,Mobile App,No,Rajpura,Rajpura,9.4,3620,1,0
505328,124597,2026-01-20,22:36:00,1554.79,Dining,UPI,Web Browser,No,Delhi,Delhi,14.2,2185,1,0
500197,134258,2026-02-23,00:06:00,1420.93,Fuel,ONLINE,ATM Machine,No,Hyderabad,Hyderabad,12.1,3641,3,0
500726,111710,2026-08-26,12:27:00,10507.37,Pharmacy,POS,Web Browser,No,Pune,Pune,13.6,2998,0,0
503919,106042,2026-06-10,07:54:00,3054.01,ATM Withdrawal,ATM,Mobile App,No,Hyderabad,Hyderabad,1.8,3258,2,0
501513,174393,2026-04-12,08:48:00,5460.83,Grocery,ATM,USSD,No,Kolkata,Kolkata,2.2,3821,1,0
502624,192389,2026-01-30,06:40:00,6750.84,Electronics,ONLINE,ATM Machine,No,Ahmedabad,Ahmedabad,2.3,2223,2,0
504539,183406,2026-04-01,19:52:00,2947.27,Fuel,POS,USSD,No,Delhi,Delhi,1.7,2996,3,0
504696,183552,2026-05-17,03:03:00,574.39,Pharmacy,ATM,Web Browser,Yes,Ahmedabad,Ahmedabad,9.8,1365,1,0
501057,144957,2026-03-15,00:24:00,3734.75,Dining,UPI,POS Terminal,No,Chennai,Chennai,0.5,2030,1,0
504994,155224,2026-01-31,03:34:00,295.19,Fuel,UPI,Mobile App,Yes,Jaipur,Jaipur,13.2,2721,0,0
500888,119303,2026-01-25,19:12:00,1486.56,Grocery,ONLINE,USSD,Yes,Chennai,Chennai,5.6,183,2,0
502699,112876,2026-04-03,07:05:00,5582.81,E-commerce,POS,POS Terminal,No,Kolkata,Kolkata,14.3,635,1,0
501093,184293,2026-07-21,23:38:00,4262.23,Utility Bill,UPI,Mobile App,Yes,Kolkata,Kolkata,1.0,1012,1,0
505098,131966,2026-01-11,17:39:00,968.29,E-commerce,ONLINE,ATM Machine,Yes,Hyderabad,Hyderabad,3.5,2614,3,0
504126,150405,2026-01-14,13:38:00,4089.69,E-commerce,UPI,ATM Machine,Yes,Chennai,Chennai,13.1,3488,3,0
500569,164255,2026-07-29,01:32:00,62079.23,Grocery,POS,Web Browser,No,Delhi,Pune,1932.5,33,4,1
500517,188162,2026-06-23,22:37:00,2501.32,Electronics,ATM,USSD,No,Bengaluru,Bengaluru,9.9,2262,0,0
503629,184542,2026-07-18,19:10:00,7430.85,ATM Withdrawal,ATM,Web Browser,Yes,Hyderabad,Hyderabad,4.2,3401,0,0
504830,148711,2026-03-29,02:29:00,3466.52,Grocery,ATM,Mobile App,Yes,Ahmedabad,Ahmedabad,2.0,2475,2,0
502150,185397,2026-04-12,19:23:00,4510.72,Dining,POS,ATM Machine,No,Mumbai,Mumbai,0.1,1046,1,0
500140,143671,2026-03-23,03:37:00,5398.14,Electronics,NEFT,Web Browser,No,Kolkata,Kolkata,9.5,1447,1,0
505830,145624,2026-06-11,10:18:00,1293.64,Grocery,UPI,ATM Machine,Yes,Bengaluru,Bengaluru,5.0,637,0,0
505275,161514,2026-04-11,17:35:00,2297.7,Fuel,ATM,Mobile App,No,Delhi,Delhi,7.7,3567,1,0
502285,168118,2026-03-24,05:12:00,5304.64,Pharmacy,POS,ATM Machine,No,Ahmedabad,Ahmedabad,2.0,361,1,0
505011,184511,2026-08-07,23:09:00,41607.39,Dining,POS,USSD,No,Pune,Mumbai,1744.6,21,7,1
501150,185200,2026-01-22,10:52:00,2976.22,Dining,ATM,USSD,No,Chennai,Chennai,14.3,3900,3,0
504049,133580,2026-08-21,10:06:00,3167.34,ATM Withdrawal,POS,ATM Machine,Yes,Chennai,Chennai,0.7,3703,2,0
502499,103231,2026-06-22,23:19:00,4579.73,Travel,UPI,USSD,Yes,Hyderabad,Hyderabad,0.9,201,0,0
502274,146120,2026-08-07,03:30:00,794.53,ATM Withdrawal,ONLINE,Web Browser,No,Pune,Pune,4.4,141,2,0
502527,146839,2026-07-20,05:49:00,1685.19,Fuel,POS,USSD,No,Pune,Pune,7.1,3055,3,0
500464,141911,2026-03-03,11:09:00,3256.77,Travel,ONLINE,Web Browser,No,Delhi,Delhi,2.1,1417,0,0
503308,113503,2026-02-10,00:36:00,7969.42,Pharmacy,POS,Mobile App,No,Delhi,Delhi,11.4,810,0,0
503133,176021,2026-07-05,22:18:00,5732.98,Travel,POS,ATM Machine,No,Jaipur,Jaipur,5.9,3145,0,0
504986,105094,2026-06-09,09:57:00,3725.8,E-commerce,ONLINE,ATM Machine,No,Bengaluru,Bengaluru,10.1,2146,1,0
500595,132069,2026-03-26,22:30:00,2905.57,Electronics,ONLINE,ATM Machine,Yes,Jaipur,Jaipur,13.4,3752,1,0
503081,143936,2026-07-03,11:47:00,2793.37,Fuel,ATM,USSD,No,Jaipur,Jaipur,8.5,1628,0,0
501808,148148,2026-02-19,07:40:00,1754.96,ATM Withdrawal,POS,ATM Machine,No,Pune,Pune,7.1,247,0,0
505137,145857,2026-08-18,19:18:00,2287.99,Travel,UPI,Mobile App,Yes,Ahmedabad,Ahmedabad,4.1,3158,0,0
500451,196027,2026-01-16,15:47:00,3699.0,Grocery,POS,POS Terminal,No,Ahmedabad,Ahmedabad,1.8,1871,0,0
503044,152938,2026-02-08,08:25:00,3887.85,Electronics,POS,ATM Machine,Yes,Kolkata,Kolkata,1.4,382,0,0
505827,115239,2026-05-30,17:09:00,299.14,Electronics,POS,ATM Machine,Yes,Pune,Pune,5.3,246,1,0
500519,147541,2026-08-28,17:31:00,5142.61,Dining,UPI,USSD,No,Delhi,Delhi,13.6,3101,0,0
502523,120996,2026-08-05,11:43:00,3204.19,Electronics,ATM,USSD,Yes,Ahmedabad,Ahmedabad,4.4,251,1,0
500313,111887,2026-05-29,13:17:00,5148.68,Pharmacy,UPI,Mobile App,No,Mumbai,Mumbai,14.9,3627,2,0
505888,116864,2026-05-13,18:42:00,3429.45,Fuel,ONLINE,USSD,Yes,Rajpura,Rajpura,2.3,698,5,0
504484,106063,2026-01-12,22:55:00,1875.04,E-commerce,POS,ATM Machine,No,Bengaluru,Bengaluru,11.7,1494,2,0
502648,178664,2026-07-20,22:27:00,4645.22,Dining,ATM,Web Browser,Yes,Mumbai,Mumbai,4.7,1457,2,0
503438,165847,2026-03-24,18:22:00,3124.31,Jewellery,ONLINE,Web Browser,Yes,Pune,Pune,11.8,1916,0,0
501175,100854,2026-03-20,00:28:00,2761.38,Travel,POS,POS Terminal,No,Delhi,Delhi,7.1,2378,1,0
503533,106127,2026-02-07,20:21:00,3064.85,ATM Withdrawal,POS,Web Browser,Yes,Pune,Pune,11.0,3206,1,0
500452,192479,2026-06-13,02:11:00,2594.5,Jewellery,POS,USSD,No,Rajpura,Rajpura,2.2,3876,3,0
505038,154860,2026-06-26,13:51:00,2807.05,E-commerce,UPI,Mobile App,Yes,Delhi,Delhi,3.3,3583,0,0
503425,161005,2026-01-04,17:53:00,4017.95,Electronics,UPI,Mobile App,Yes,Bengaluru,Bengaluru,10.3,776,2,0
501113,119255,2026-01-08,10:25:00,7762.05,Travel,UPI,POS Terminal,Yes,Jaipur,Jaipur,5.1,119,2,0
504845,175112,2026-06-01,12:50:00,1258.66,E-commerce,NEFT,ATM Machine,No,Ahmedabad,Ahmedabad,1.4,1566,1,0
501579,111296,2026-06-05,05:20:00,1561.22,Fuel,NEFT,POS Terminal,Yes,Hyderabad,Hyderabad,5.3,3710,4,0
500891,109997,2026-01-05,00:33:00,7146.53,Fuel,UPI,USSD,No,Delhi,Delhi,4.6,1737,2,0
501616,117294,2026-06-02,22:13:00,6976.42,Pharmacy,ONLINE,ATM Machine,Yes,Hyderabad,Hyderabad,6.7,228,0,0
504349,176677,2026-01-29,04:36:00,1077.74,E-commerce,UPI,USSD,No,Ahmedabad,Ahmedabad,6.5,1434,0,0
503980,115059,2026-08-11,20:18:00,5619.74,Pharmacy,POS,USSD,Yes,Delhi,Delhi,10.3,2970,3,0
505681,119016,2026-06-21,00:24:00,2573.52,Dining,UPI,ATM Machine,Yes,Bengaluru,Bengaluru,9.5,2851,1,0
505840,170885,2026-03-06,17:34:00,4616.03,Utility Bill,ONLINE,Mobile App,No,Bengaluru,Bengaluru,6.2,551,2,0
502926,118280,2026-05-02,00:21:00,1248.66,E-commerce,UPI,Web Browser,No,Chennai,Chennai,13.3,2564,4,0
501264,182257,2026-04-02,01:12:00,3142.29,Travel,ONLINE,USSD,Yes,Jaipur,Jaipur,14.9,2487,3,0
505616,173102,2026-07-01,18:34:00,2700.12,Grocery,ONLINE,POS Terminal,Yes,Rajpura,Rajpura,3.1,2431,0,0
501000,151273,2026-03-07,14:09:00,2290.3,Utility Bill,ONLINE,ATM Machine,No,Rajpura,Rajpura,11.5,2278,2,0
503762,150549,2026-07-11,06:11:00,5535.26,Jewellery,ONLINE,ATM Machine,Yes,Delhi,Delhi,4.3,3129,3,0
501360,136537,2026-03-22,10:13:00,5283.34,Pharmacy,ONLINE,Web Browser,No,Mumbai,Mumbai,4.7,2395,3,0
505995,113277,2026-04-24,07:28:00,1259.46,ATM Withdrawal,POS,Mobile App,Yes,Jaipur,Jaipur,9.8,3606,0,0
501477,149050,2026-03-30,05:39:00,1040.16,Dining,ATM,Web Browser,Yes,Jaipur,Jaipur,7.6,2832,2,0
500193,160719,2026-03-08,10:15:00,6755.37,E-commerce,UPI,POS Terminal,No,Bengaluru,Bengaluru,4.1,3682,0,0
504693,199048,2026-08-10,07:05:00,3637.02,Fuel,POS,ATM Machine,No,Hyderabad,Hyderabad,10.2,141,1,0
505399,193597,2026-04-23,05:43:00,1473.41,Utility Bill,ONLINE,Mobile App,No,Pune,Pune,9.2,1888,3,0
502793,172216,2026-06-15,10:52:00,1898.73,Travel,ONLINE,POS Terminal,Yes,Hyderabad,Hyderabad,5.1,3495,1,0
505002,103387,2026-06-03,00:47:00,3120.48,Jewellery,ATM,ATM Machine,Yes,Delhi,Delhi,7.4,2415,0,0
502408,171052,2026-03-12,23:52:00,3003.87,Grocery,ONLINE,Mobile App,No,Hyderabad,Hyderabad,1.4,3203,4,0
505058,182907,2026-04-17,17:13:00,7940.66,Fuel,ONLINE,POS Terminal,No,Jaipur,Jaipur,11.0,709,4,0
501875,140847,2026-06-10,21:52:00,3299.85,Grocery,POS,ATM Machine,Yes,Bengaluru,Bengaluru,5.2,1841,1,0
505301,106703,2026-02-17,07:32:00,8000.28,Travel,UPI,POS Terminal,Yes,Jaipur,Jaipur,11.5,66,1,0
501339,177527,2026-08-19,21:58:00,5704.41,Dining,POS,Mobile App,Yes,Delhi,Delhi,1.2,1232,2,0
503478,153128,2026-04-22,02:57:00,6007.63,Pharmacy,UPI,USSD,Yes,Delhi,Delhi,2.4,976,1,0
504843,109828,2026-07-08,00:17:00,3049.73,Dining,ATM,POS Terminal,No,Jaipur,Jaipur,13.9,776,1,0
503872,110279,2026-03-30,07:02:00,6056.32,Fuel,ATM,Mobile App,Yes,Delhi,Delhi,2.8,2945,3,0
502806,196874,2026-01-19,07:39:00,7378.1,Utility Bill,UPI,USSD,Yes,Mumbai,Mumbai,10.1,2802,2,0
505900,187528,2026-05-14,03:22:00,2925.3,Electronics,UPI,Web Browser,Yes,Hyderabad,Hyderabad,2.6,478,0,0
501294,100450,2026-07-25,01:46:00,1441.04,Pharmacy,POS,ATM Machine,Yes,Chennai,Chennai,9.1,346,1,0
505286,157486,2026-02-01,01:36:00,4586.06,Fuel,POS,ATM Machine,Yes,Ahmedabad,Ahmedabad,9.1,1781,0,0
504513,112291,2026-05-02,12:28:00,896.83,Utility Bill,ONLINE,Mobile App,No,Jaipur,Jaipur,9.3,3168,5,0
505618,118380,2026-04-08,21:26:00,6547.05,Electronics,ATM,Mobile App,No,Mumbai,Mumbai,0.3,1252,1,0
503520,192188,2026-05-25,13:58:00,3338.51,ATM Withdrawal,UPI,ATM Machine,Yes,Jaipur,Jaipur,3.6,90,1,0
502665,121485,2026-06-14,10:26:00,2328.02,Travel,ONLINE,USSD,Yes,Chennai,Chennai,14.7,2958,1,0
501908,116125,2026-08-21,15:06:00,586.75,Utility Bill,POS,POS Terminal,Yes,Ahmedabad,Ahmedabad,9.4,2527,3,0
503759,108058,2026-03-05,12:36:00,3152.97,Fuel,ATM,Web Browser,Yes,Rajpura,Rajpura,12.3,2200,0,0
504154,197651,2026-06-19,00:13:00,6653.55,ATM Withdrawal,ATM,ATM Machine,Yes,Kolkata,Kolkata,0.0,2532,0,0
500369,102211,2026-07-07,16:57:00,4090.3,Pharmacy,UPI,Mobile App,No,Mumbai,Mumbai,0.7,1583,1,0
501938,155441,2026-04-10,02:43:00,20423.68,Jewellery,ONLINE,USSD,No,Kolkata,Delhi,582.1,29,8,1
503574,133019,2026-01-20,16:08:00,4809.88,Utility Bill,ONLINE,POS Terminal,Yes,Chennai,Chennai,1.0,3522,2,0
501152,150478,2026-04-29,14:09:00,3687.92,Pharmacy,POS,USSD,No,Chennai,Chennai,4.7,2980,2,0
504922,187297,2026-07-13,22:48:00,4466.96,ATM Withdrawal,ATM,POS Terminal,No,Hyderabad,Hyderabad,5.4,3401,0,0
504013,168946,2026-05-10,09:06:00,1952.19,Utility Bill,POS,Web Browser,No,Hyderabad,Hyderabad,1.8,1125,2,0
502352,175025,2026-02-23,00:53:00,4244.26,E-commerce,NEFT,USSD,No,Pune,Pune,7.0,2572,2,0
504052,139406,2026-01-02,11:06:00,2476.52,Grocery,UPI,USSD,No,Hyderabad,Hyderabad,12.3,3696,3,0
505661,112936,2026-02-23,00:59:00,3895.96,Electronics,ONLINE,POS Terminal,No,Chennai,Chennai,8.8,1325,0,0
503556,144738,2026-02-20,20:35:00,189.75,ATM Withdrawal,POS,ATM Machine,No,Mumbai,Mumbai,6.8,794,0,0
501873,160335,2026-03-03,00:18:00,10673.78,Utility Bill,POS,Web Browser,No,Kolkata,Kolkata,5.0,3606,2,0
505903,109372,2026-01-27,00:19:00,5389.57,E-commerce,ONLINE,POS Terminal,No,Bengaluru,Bengaluru,6.2,1823,0,0
500192,163027,2026-03-18,08:55:00,3626.4,Pharmacy,POS,POS Terminal,Yes,Mumbai,Mumbai,6.4,3317,1,0
502441,136232,2026-03-27,06:34:00,2994.43,Electronics,POS,Mobile App,No,Kolkata,Kolkata,3.7,1450,1,0
500109,147156,2026-01-20,06:56:00,174.06,Electronics,ONLINE,Mobile App,Yes,Hyderabad,Hyderabad,8.5,3022,0,0
500175,169676,2026-02-02,02:45:00,476.29,Dining,POS,Web Browser,No,Kolkata,Kolkata,3.4,3671,2,0
503170,160629,2026-02-14,13:56:00,1272.82,Grocery,ONLINE,ATM Machine,No,Hyderabad,Hyderabad,8.5,3320,2,0
503353,110594,2026-02-25,06:45:00,1354.01,ATM Withdrawal,POS,ATM Machine,No,Mumbai,Mumbai,5.5,362,3,0
503835,114096,2026-03-13,12:59:00,9798.76,Dining,POS,USSD,No,Delhi,Delhi,12.2,328,3,0
501599,184523,2026-05-30,22:08:00,3493.87,Travel,UPI,POS Terminal,No,Mumbai,Mumbai,8.0,166,0,0
501361,108242,2026-05-15,14:24:00,6343.55,Pharmacy,ONLINE,Web Browser,No,Mumbai,Mumbai,10.9,3813,2,0
502104,112936,2026-06-20,05:38:00,3245.96,Utility Bill,ONLINE,USSD,No,Hyderabad,Hyderabad,8.2,2260,5,0
505220,135121,2026-04-08,03:57:00,151.9,Jewellery,ATM,USSD,Yes,Ahmedabad,Ahmedabad,6.6,2857,2,0
505841,177813,2026-04-11,11:10:00,1762.66,Travel,POS,Web Browser,No,Pune,Pune,1.8,2531,1,0
505044,156331,2026-06-04,08:43:00,3750.39,Fuel,POS,ATM Machine,Yes,Bengaluru,Bengaluru,7.5,269,1,0
503581,188153,2026-01-13,08:38:00,2332.53,Dining,POS,USSD,No,Kolkata,Kolkata,7.0,3459,1,0
501165,151698,2026-05-28,14:13:00,2700.01,Dining,UPI,POS Terminal,Yes,Hyderabad,Hyderabad,7.0,2456,1,0
503679,153874,2026-01-18,07:11:00,3253.64,Fuel,POS,Web Browser,Yes,Rajpura,Rajpura,2.8,3590,1,0
505285,199195,2026-07-30,05:46:00,1819.85,Electronics,ONLINE,Mobile App,Yes,Hyderabad,Hyderabad,0.3,915,0,0
501662,161076,2026-07-17,11:12:00,2147.78,Utility Bill,ONLINE,Mobile App,Yes,Kolkata,Kolkata,2.2,1721,4,0
500509,126868,2026-04-29,07:00:00,3261.43,E-commerce,POS,ATM Machine,No,Hyderabad,Hyderabad,5.8,2570,2,0
500167,132121,2026-02-03,15:17:00,4280.87,ATM Withdrawal,ONLINE,Web Browser,No,Chennai,Chennai,6.7,208,1,0
502788,105982,2026-08-28,17:54:00,4959.39,Fuel,POS,Mobile App,No,Hyderabad,Hyderabad,0.5,1126,0,0
505522,165278,2026-05-25,14:27:00,4557.67,ATM Withdrawal,UPI,POS Terminal,Yes,Mumbai,Mumbai,2.4,208,1,0
502255,129507,2026-06-11,19:22:00,3460.7,Fuel,POS,POS Terminal,No,Rajpura,Rajpura,7.0,2001,1,0
503962,185955,2026-07-14,09:45:00,1364.69,E-commerce,POS,POS Terminal,No,Jaipur,Jaipur,12.5,736,4,0
500104,100736,2026-06-20,13:46:00,623.58,Pharmacy,ATM,USSD,Yes,Mumbai,Mumbai,9.4,2446,2,0
502413,193094,2026-02-06,14:54:00,1222.16,Utility Bill,ONLINE,USSD,Yes,Bengaluru,Bengaluru,2.4,1044,1,0
504926,109040,2026-07-14,15:38:00,4371.3,Grocery,UPI,ATM Machine,Yes,Delhi,Delhi,7.3,175,1,0
504882,199765,2026-08-25,18:22:00,5187.94,Fuel,ATM,Mobile App,Yes,Delhi,Delhi,1.0,688,2,0
501753,162873,2026-07-10,22:15:00,1746.52,Pharmacy,ONLINE,USSD,No,Bengaluru,Bengaluru,9.2,628,0,0
505355,178397,2026-08-10,05:33:00,2240.74,Grocery,POS,ATM Machine,Yes,Jaipur,Jaipur,14.2,995,1,0
505104,149927,2026-06-22,15:43:00,3370.83,Jewellery,POS,POS Terminal,No,Mumbai,Mumbai,13.4,1007,3,0
501659,183902,2026-03-22,02:34:00,3246.77,E-commerce,POS,USSD,Yes,Hyderabad,Hyderabad,5.9,216,1,0
500153,191764,2026-04-19,16:05:00,2476.83,ATM Withdrawal,ATM,Mobile App,No,Hyderabad,Hyderabad,6.3,411,2,0
502587,136981,2026-01-29,19:21:00,7159.2,Dining,UPI,Web Browser,No,Ahmedabad,Ahmedabad,8.2,887,4,0
501584,141402,2026-03-14,07:02:00,3183.02,Pharmacy,POS,USSD,Yes,Chennai,Chennai,3.1,3862,3,0
502178,148060,2026-04-27,04:00:00,2568.99,ATM Withdrawal,POS,USSD,No,Mumbai,Mumbai,10.1,2620,0,0
505970,106635,2026-08-26,14:43:00,11649.84,Jewellery,UPI,POS Terminal,No,Hyderabad,Hyderabad,11.5,1800,2,0
504890,148137,2026-01-07,20:14:00,7036.76,Travel,POS,Web Browser,No,Jaipur,Jaipur,5.4,1167,0,0
502115,174154,2026-03-27,21:44:00,2493.67,E-commerce,ONLINE,ATM Machine,Yes,Chennai,Chennai,8.1,825,3,0
502647,156780,2026-02-03,23:53:00,1994.24,Travel,ATM,POS Terminal,Yes,Hyderabad,Hyderabad,2.1,3785,1,0
501823,130162,2026-06-21,05:43:00,1531.79,Electronics,ONLINE,Web Browser,No,Mumbai,Mumbai,3.7,154,2,0
505070,195808,2026-06-07,17:09:00,5763.88,Pharmacy,ONLINE,POS Terminal,Yes,Rajpura,Rajpura,0.6,662,3,0
503127,183237,2026-08-12,01:42:00,707.02,Jewellery,ATM,POS Terminal,Yes,Rajpura,Rajpura,13.6,1274,3,0
500310,110857,2026-03-23,10:34:00,6252.33,Fuel,UPI,USSD,No,Delhi,Delhi,13.0,2173,0,0
505792,108843,2026-02-17,02:11:00,2162.47,Electronics,UPI,Web Browser,Yes,Ahmedabad,Ahmedabad,11.0,1741,2,0
502432,152191,2026-02-12,01:13:00,3288.94,Grocery,ONLINE,Mobile App,Yes,Delhi,Delhi,0.6,2880,1,0
502571,180205,2026-02-12,23:31:00,67241.08,Travel,UPI,USSD,No,Jaipur,Mumbai,978.6,7,5,1
500496,141256,2026-05-29,23:10:00,2613.69,Pharmacy,UPI,USSD,Yes,Rajpura,Rajpura,9.7,3599,0,0
500206,126586,2026-05-11,20:55:00,9495.29,Grocery,UPI,ATM Machine,Yes,Jaipur,Jaipur,3.4,1310,2,0
501435,131944,2026-02-06,09:05:00,2388.7,Pharmacy,POS,POS Terminal,No,Kolkata,Kolkata,1.6,2520,2,0
501136,105810,2026-03-29,12:04:00,1003.61,Electronics,UPI,POS Terminal,Yes,Kolkata,Kolkata,7.5,636,0,0
500869,144654,2026-08-19,12:19:00,1222.66,Jewellery,ATM,Mobile App,Yes,Ahmedabad,Ahmedabad,0.7,412,0,0
500306,114024,2026-06-20,08:03:00,4117.47,E-commerce,ONLINE,Web Browser,No,Chennai,Chennai,5.1,750,3,0
501850,116530,2026-08-08,08:08:00,2913.75,Grocery,NEFT,Web Browser,Yes,Bengaluru,Bengaluru,13.6,3192,1,0
502237,124943,2026-08-07,21:03:00,1955.4,Pharmacy,POS,USSD,No,Jaipur,Jaipur,9.7,2640,1,0
501989,121063,2026-04-17,18:31:00,7944.28,Jewellery,ONLINE,USSD,Yes,Mumbai,Mumbai,3.0,3458,2,0
505968,160624,2026-02-14,19:40:00,4826.5,Utility Bill,ATM,Web Browser,Yes,Chennai,Chennai,9.8,1238,2,0
501535,181654,2026-04-05,08:05:00,8738.16,Fuel,ONLINE,USSD,Yes,Bengaluru,Bengaluru,6.7,3684,3,0
500844,103616,2026-04-19,12:32:00,4373.22,Electronics,ONLINE,POS Terminal,No,Chennai,Chennai,2.2,3628,2,0
501988,121195,2026-04-06,12:19:00,650.67,Electronics,UPI,Web Browser,No,Chennai,Chennai,8.4,3348,2,0
505596,135328,2026-08-06,14:48:00,2929.32,Fuel,POS,Web Browser,No,Jaipur,Jaipur,12.1,3656,0,0
503842,149405,2026-03-31,15:52:00,2474.19,Fuel,ONLINE,Web Browser,Yes,Chennai,Chennai,13.3,3694,2,0
502537,132602,2026-01-10,08:57:00,4758.65,E-commerce,POS,POS Terminal,Yes,Pune,Pune,8.0,1387,2,0
505281,171316,2026-08-03,03:28:00,1489.83,Pharmacy,ONLINE,POS Terminal,Yes,Delhi,Delhi,0.4,68,3,0
501539,170625,2026-04-23,06:43:00,6600.62,Fuel,POS,POS Terminal,Yes,Bengaluru,Bengaluru,10.5,190,0,0
500212,171688,2026-08-08,23:42:00,11018.24,Fuel,POS,Web Browser,No,Hyderabad,Hyderabad,11.4,3130,2,0
501958,153188,2026-05-08,18:58:00,461.39,Dining,ATM,Web Browser,Yes,Kolkata,Kolkata,10.1,1077,0,0
503722,158243,2026-01-31,14:20:00,780.21,ATM Withdrawal,ATM,USSD,No,Pune,Pune,5.8,1172,1,0
504705,173497,2026-06-21,17:07:00,3869.38,Pharmacy,ONLINE,POS Terminal,Yes,Pune,Pune,5.1,147,1,0
502708,130379,2026-01-25,13:38:00,1791.07,Electronics,ONLINE,POS Terminal,No,Mumbai,Mumbai,11.5,1361,0,0
501350,159520,2026-08-22,16:09:00,2828.41,Dining,POS,ATM Machine,Yes,Ahmedabad,Ahmedabad,9.3,1424,1,0
504309,180284,2026-01-26,05:55:00,2167.87,Fuel,POS,Web Browser,Yes,Delhi,Delhi,10.6,1308,0,0
504588,130762,2026-06-17,00:01:00,9026.76,Fuel,UPI,ATM Machine,Yes,Hyderabad,Hyderabad,1.8,2331,1,0
500681,172340,2026-03-11,12:51:00,2581.17,Fuel,ATM,Mobile App,Yes,Delhi,Delhi,14.6,970,3,0
500181,193804,2026-03-31,16:00:00,2650.57,Travel,POS,USSD,No,Chennai,Chennai,14.9,3463,1,0
503758,154727,2026-05-30,23:44:00,1758.52,ATM Withdrawal,ATM,Web Browser,Yes,Chennai,Chennai,12.9,3529,3,0
502227,187772,2026-06-29,01:46:00,19698.41,Grocery,POS,Web Browser,No,Hyderabad,Delhi,720.4,57,12,1
503291,140352,2026-06-01,01:28:00,62616.62,Fuel,ATM,USSD,No,Pune,Mumbai,1213.3,34,7,1
500279,106495,2026-05-24,03:47:00,985.32,Pharmacy,UPI,USSD,Yes,Mumbai,Mumbai,13.7,1535,2,0
500290,147348,2026-05-13,14:21:00,3672.45,Pharmacy,ONLINE,USSD,Yes,Rajpura,Rajpura,13.1,2161,1,0
504729,111216,2026-01-22,09:28:00,7628.3,E-commerce,UPI,POS Terminal,No,Kolkata,Kolkata,6.6,3478,1,0
500994,143141,2026-05-28,10:11:00,997.18,ATM Withdrawal,UPI,Web Browser,Yes,Ahmedabad,Ahmedabad,4.2,1305,2,0
505091,188726,2026-04-02,12:55:00,5319.64,Dining,UPI,Web Browser,No,Pune,Pune,0.5,1958,0,0
505039,199482,2026-04-20,00:08:00,2571.05,Electronics,UPI,USSD,Yes,Hyderabad,Hyderabad,15.0,2975,1,0
504713,188647,2026-04-21,02:53:00,4517.78,Grocery,NEFT,USSD,No,Hyderabad,Hyderabad,0.4,1941,0,0
504807,146784,2026-03-20,12:13:00,1386.83,Pharmacy,UPI,Mobile App,Yes,Ahmedabad,Ahmedabad,5.9,3171,3,0
500271,129475,2026-08-28,20:21:00,3448.05,Grocery,UPI,Web Browser,Yes,Pune,Pune,7.6,1425,1,0
502305,191572,2026-02-28,00:30:00,12982.59,Utility Bill,POS,POS Terminal,Yes,Chennai,Chennai,0.4,784,1,0
504896,140427,2026-08-25,16:19:00,7001.54,Pharmacy,POS,Web Browser,Yes,Chennai,Chennai,13.0,2346,2,0
505833,182231,2026-03-08,16:14:00,757.44,Pharmacy,UPI,Web Browser,No,Hyderabad,Hyderabad,9.3,471,2,0
505806,114922,2026-04-10,18:09:00,4022.93,Fuel,UPI,POS Terminal,No,Delhi,Delhi,3.4,382,1,0
500112,178072,2026-07-22,00:41:00,7981.02,Electronics,NEFT,ATM Machine,Yes,Kolkata,Kolkata,10.2,39,5,0
501392,152953,2026-07-12,06:21:00,4793.75,Utility Bill,NEFT,Mobile App,No,Kolkata,Kolkata,11.9,3759,3,0
500221,112757,2026-04-04,14:57:00,3064.94,Electronics,UPI,USSD,Yes,Bengaluru,Bengaluru,4.5,257,1,0
505204,166739,2026-02-01,01:40:00,430.71,Electronics,POS,Mobile App,No,Mumbai,Mumbai,9.8,612,1,0
500084,183266,2026-01-15,00:42:00,1851.52,Travel,UPI,Mobile App,No,Jaipur,Jaipur,12.6,3226,2,0
503434,133685,2026-02-12,12:52:00,3482.11,Dining,UPI,Web Browser,Yes,Chennai,Chennai,12.1,1207,1,0
500462,114033,2026-08-12,21:57:00,6914.35,Pharmacy,UPI,ATM Machine,Yes,Kolkata,Kolkata,5.9,3890,1,0
505272,142858,2026-06-02,11:29:00,3039.77,Pharmacy,POS,Web Browser,Yes,Hyderabad,Hyderabad,8.9,2277,1,0
500552,139362,2026-02-05,17:20:00,2236.65,Electronics,POS,POS Terminal,Yes,Rajpura,Rajpura,14.7,3207,2,0
505041,135147,2026-05-21,11:33:00,3908.5,Dining,ATM,POS Terminal,No,Hyderabad,Hyderabad,9.0,3929,1,0
504695,170753,2026-07-13,17:24:00,3498.64,Utility Bill,ATM,ATM Machine,No,Ahmedabad,Ahmedabad,2.0,3508,1,0
502766,153459,2026-02-21,22:15:00,6054.38,Travel,UPI,USSD,Yes,Bengaluru,Bengaluru,9.9,2208,0,0
505166,107673,2026-01-03,12:17:00,1278.48,Fuel,ATM,USSD,No,Chennai,Chennai,9.4,424,2,0
502953,193673,2026-03-08,00:08:00,4024.45,Pharmacy,UPI,POS Terminal,Yes,Chennai,Chennai,6.6,3910,4,0
500651,148924,2026-05-06,08:46:00,878.1,Utility Bill,UPI,Web Browser,Yes,Bengaluru,Bengaluru,1.5,472,2,0
500709,147592,2026-02-14,18:25:00,2933.67,Grocery,UPI,Web Browser,Yes,Bengaluru,Bengaluru,6.2,3916,0,0
504744,132689,2026-05-31,13:07:00,1308.26,Dining,POS,USSD,No,Jaipur,Jaipur,8.4,3245,1,0
502410,102657,2026-06-19,14:38:00,3081.76,Jewellery,POS,POS Terminal,No,Ahmedabad,Ahmedabad,2.5,2495,3,0
502415,137202,2026-05-23,01:04:00,2663.55,ATM Withdrawal,UPI,Web Browser,No,Hyderabad,Hyderabad,6.7,2237,1,0
501425,125566,2026-08-28,21:27:00,4429.77,Fuel,UPI,ATM Machine,Yes,Jaipur,Jaipur,12.0,3156,3,0
501217,150711,2026-04-29,13:50:00,3197.67,Fuel,ONLINE,USSD,No,Hyderabad,Hyderabad,9.7,2200,1,0
504577,108326,2026-08-08,01:05:00,6071.7,Utility Bill,POS,USSD,Yes,Rajpura,Rajpura,5.4,1343,2,0
501925,136137,2026-07-22,18:05:00,1300.38,ATM Withdrawal,POS,Web Browser,No,Delhi,Delhi,11.7,3720,1,0
504910,162475,2026-08-11,04:35:00,2279.92,Travel,UPI,USSD,Yes,Jaipur,Jaipur,1.1,1671,3,0
502684,181095,2026-04-14,06:35:00,1818.46,Fuel,UPI,ATM Machine,Yes,Delhi,Delhi,1.4,863,1,0
500315,124387,2026-02-28,12:46:00,3029.71,Pharmacy,POS,POS Terminal,Yes,Rajpura,Rajpura,0.3,3448,1,0
502729,158120,2026-04-12,10:11:00,1006.83,Pharmacy,ONLINE,ATM Machine,Yes,Jaipur,Jaipur,14.2,1207,2,0
501428,190254,2026-07-17,15:22:00,3544.2,Utility Bill,ONLINE,POS Terminal,No,Ahmedabad,Ahmedabad,14.2,715,1,0
505075,114328,2026-07-16,05:45:00,1238.41,Travel,UPI,USSD,Yes,Bengaluru,Bengaluru,4.9,824,0,0
504754,187209,2026-02-15,17:07:00,1498.32,Travel,UPI,POS Terminal,Yes,Bengaluru,Bengaluru,14.3,2767,1,0
504120,105172,2026-06-06,21:24:00,771.96,Grocery,UPI,Mobile App,Yes,Mumbai,Mumbai,0.2,3401,0,0
503865,163158,2026-08-08,18:45:00,2053.57,Electronics,POS,USSD,Yes,Hyderabad,Hyderabad,13.3,230,1,0
503215,156165,2026-05-19,03:02:00,5121.34,Fuel,UPI,ATM Machine,Yes,Rajpura,Rajpura,1.6,3765,0,0
504415,149098,2026-06-29,16:40:00,1591.77,Electronics,ATM,Mobile App,Yes,Chennai,Chennai,1.8,3450,3,0
503828,154948,2026-02-05,20:49:00,642.37,Dining,ONLINE,Mobile App,Yes,Jaipur,Jaipur,11.4,2774,0,0
506000,109807,2026-04-11,15:33:00,2584.35,Electronics,UPI,POS Terminal,Yes,Rajpura,Rajpura,12.4,2485,1,0
502526,132393,2026-05-15,13:26:00,2124.49,Jewellery,POS,ATM Machine,Yes,Bengaluru,Bengaluru,0.4,3340,2,0
500685,116939,2026-07-06,02:11:00,335.66,Travel,NEFT,Mobile App,Yes,Chennai,Chennai,6.8,120,1,0
504395,150883,2026-02-08,18:05:00,3299.72,ATM Withdrawal,ATM,POS Terminal,Yes,Bengaluru,Bengaluru,10.2,1117,1,0
502522,104417,2026-07-11,21:42:00,2801.75,Travel,UPI,USSD,No,Jaipur,Jaipur,12.6,1105,2,0
502909,112759,2026-05-23,17:31:00,3905.88,Pharmacy,ONLINE,POS Terminal,Yes,Chennai,Chennai,8.3,1098,1,0
502390,187285,2026-01-23,19:33:00,1570.39,Dining,UPI,Mobile App,Yes,Bengaluru,Bengaluru,4.8,3804,2,0
500327,123645,2026-01-26,04:45:00,2430.2,Electronics,ATM,ATM Machine,No,Mumbai,Mumbai,8.4,2750,1,0
505014,194034,2026-08-28,13:07:00,1711.48,Travel,UPI,POS Terminal,No,Delhi,Delhi,4.8,3194,1,0
502593,153213,2026-03-27,15:01:00,3487.14,Travel,ONLINE,Web Browser,No,Bengaluru,Bengaluru,13.2,299,0,0
505186,165256,2026-06-28,20:24:00,3175.79,Fuel,ATM,USSD,Yes,Pune,Pune,6.9,760,2,0
502928,132073,2026-04-02,21:20:00,4305.39,Fuel,POS,USSD,Yes,Jaipur,Jaipur,12.5,2376,3,0
504051,132372,2026-08-22,18:25:00,1692.96,Travel,ATM,Web Browser,No,Chennai,Chennai,6.2,2475,1,0
505807,142752,2026-02-10,16:55:00,1048.39,Dining,NEFT,USSD,Yes,Ahmedabad,Ahmedabad,11.6,500,0,0
503786,155397,2026-04-16,02:23:00,1718.66,Pharmacy,ATM,Mobile App,No,Kolkata,Kolkata,12.8,2351,1,0
500349,118070,2026-08-22,18:59:00,4966.89,Pharmacy,POS,USSD,Yes,Kolkata,Kolkata,2.3,442,0,0
501627,157780,2026-04-04,02:29:00,2645.94,Dining,UPI,USSD,No,Bengaluru,Bengaluru,14.4,3963,2,0
504411,112060,2026-03-17,23:14:00,6528.91,Dining,ONLINE,Mobile App,No,Hyderabad,Hyderabad,5.3,1620,0,0
500872,120178,2026-08-26,09:20:00,3737.02,ATM Withdrawal,POS,ATM Machine,Yes,Pune,Pune,12.8,3489,1,0
503359,118730,2026-05-25,12:14:00,685.71,Utility Bill,UPI,Web Browser,No,Ahmedabad,Ahmedabad,9.6,2897,2,0
502340,109275,2026-03-29,00:03:00,4503.28,Fuel,ATM,Web Browser,No,Kolkata,Kolkata,0.8,2548,1,0
504704,185362,2026-06-28,21:25:00,3662.08,Fuel,UPI,Web Browser,Yes,Ahmedabad,Ahmedabad,4.0,3971,1,0
502122,195291,2026-03-11,04:08:00,1154.83,Electronics,UPI,Web Browser,No,Jaipur,Jaipur,5.8,3781,0,0
503928,115357,2026-04-06,17:00:00,11767.73,ATM Withdrawal,UPI,POS Terminal,Yes,Bengaluru,Bengaluru,0.1,39,0,0
500086,170025,2026-02-19,18:03:00,2591.79,Pharmacy,ONLINE,Web Browser,Yes,Ahmedabad,Ahmedabad,1.6,3517,0,0
502819,112749,2026-07-08,12:30:00,10222.03,Dining,ATM,Web Browser,Yes,Ahmedabad,Ahmedabad,6.9,1501,0,0
501878,189611,2026-06-20,01:48:00,3209.39,Fuel,UPI,Web Browser,Yes,Kolkata,Kolkata,9.2,2576,1,0
505690,120942,2026-01-28,18:54:00,8363.47,ATM Withdrawal,ONLINE,USSD,Yes,Kolkata,Kolkata,2.2,1195,2,0
504086,163234,2026-04-22,20:11:00,5232.79,ATM Withdrawal,POS,USSD,Yes,Chennai,Chennai,12.8,864,3,0
502376,199037,2026-01-13,07:03:00,2771.75,Utility Bill,UPI,ATM Machine,No,Delhi,Delhi,4.8,1589,2,0
500495,128985,2026-05-02,15:50:00,518.83,E-commerce,UPI,POS Terminal,Yes,Bengaluru,Bengaluru,2.2,3874,2,0
502967,124054,2026-03-05,04:19:00,759.24,Electronics,ATM,POS Terminal,Yes,Ahmedabad,Ahmedabad,5.5,3169,2,0
503110,123599,2026-06-14,16:25:00,6379.49,ATM Withdrawal,UPI,POS Terminal,Yes,Bengaluru,Bengaluru,10.3,3366,2,0
502760,142902,2026-02-18,08:37:00,8200.73,Dining,POS,Web Browser,Yes,Mumbai,Mumbai,1.2,505,2,0
501271,136897,2026-06-23,10:21:00,2323.28,E-commerce,ONLINE,ATM Machine,Yes,Chennai,Chennai,14.3,1288,1,0
502655,185088,2026-02-15,09:22:00,2279.35,ATM Withdrawal,ONLINE,ATM Machine,Yes,Mumbai,Mumbai,5.6,711,4,0
502634,156266,2026-05-11,20:02:00,5867.36,Grocery,UPI,Mobile App,No,Jaipur,Jaipur,3.8,3333,1,0
504955,137579,2026-01-29,10:43:00,1013.21,Dining,UPI,Web Browser,No,Mumbai,Mumbai,10.1,1966,3,0
500619,106113,2026-07-01,00:25:00,4381.13,Pharmacy,POS,USSD,Yes,Chennai,Chennai,14.1,1442,2,0
505131,132312,2026-02-17,02:58:00,31960.39,ATM Withdrawal,ONLINE,USSD,No,Ahmedabad,Jaipur,737.8,15,10,1
502630,103854,2026-06-19,07:46:00,818.49,Utility Bill,POS,USSD,No,Mumbai,Mumbai,0.8,3949,2,0
502827,136195,2026-03-16,03:50:00,1366.98,ATM Withdrawal,ONLINE,Mobile App,Yes,Bengaluru,Bengaluru,7.1,3896,2,0
505228,177288,2026-06-10,01:16:00,2491.06,ATM Withdrawal,ONLINE,Mobile App,No,Hyderabad,Hyderabad,12.2,134,3,0
502230,198081,2026-05-16,19:58:00,3765.52,Grocery,POS,USSD,Yes,Ahmedabad,Ahmedabad,11.8,1327,2,0
505033,136017,2026-07-25,14:22:00,1885.35,Jewellery,UPI,POS Terminal,No,Hyderabad,Hyderabad,10.0,1485,1,0
501414,179196,2026-02-17,04:37:00,2556.76,Dining,ATM,Mobile App,Yes,Chennai,Chennai,6.8,1106,1,0
502202,100750,2026-02-18,08:33:00,4983.46,Travel,UPI,ATM Machine,Yes,Bengaluru,Bengaluru,6.6,2576,1,0
504964,123483,2026-01-25,04:48:00,1265.86,ATM Withdrawal,ONLINE,Mobile App,Yes,Mumbai,Mumbai,9.9,2383,4,0
504478,136834,2026-08-01,16:10:00,383.0,ATM Withdrawal,ONLINE,Web Browser,Yes,Kolkata,Kolkata,9.2,1699,4,0
500870,104015,2026-05-24,14:34:00,1337.08,Grocery,UPI,POS Terminal,Yes,Mumbai,Mumbai,7.9,2714,1,0
502007,143405,2026-03-04,04:44:00,5374.67,E-commerce,ATM,Web Browser,No,Kolkata,Kolkata,0.6,3181,0,0
504148,185546,2026-04-22,10:05:00,3463.53,Utility Bill,POS,POS Terminal,Yes,Pune,Pune,5.6,1039,2,0
500357,115153,2026-05-21,23:45:00,2419.71,Grocery,UPI,POS Terminal,Yes,Hyderabad,Hyderabad,10.2,564,2,0
501163,184796,2026-01-04,22:57:00,2440.04,Utility Bill,ATM,ATM Machine,Yes,Hyderabad,Hyderabad,14.3,2367,1,0
504555,170896,2026-04-24,20:32:00,2701.08,Travel,ATM,Mobile App,No,Jaipur,Jaipur,4.6,376,3,0
502407,137103,2026-01-19,12:17:00,582.57,Fuel,UPI,USSD,Yes,Mumbai,Mumbai,11.4,849,4,0
505916,101180,2026-05-04,15:49:00,3520.34,Utility Bill,UPI,USSD,Yes,Mumbai,Mumbai,6.3,426,5,0
501891,118523,2026-05-18,18:57:00,5471.36,Dining,ONLINE,ATM Machine,No,Bengaluru,Bengaluru,3.4,653,0,0
500580,110167,2026-07-13,21:36:00,4436.01,E-commerce,POS,Web Browser,Yes,Kolkata,Kolkata,6.5,2473,4,0
502553,121685,2026-03-26,01:41:00,2912.39,Utility Bill,NEFT,ATM Machine,No,Pune,Pune,5.7,1662,1,0
501692,188964,2026-07-25,01:16:00,4141.77,Grocery,POS,POS Terminal,Yes,Pune,Pune,9.2,3390,1,0
500863,112022,2026-06-18,14:07:00,1420.26,Pharmacy,NEFT,ATM Machine,Yes,Delhi,Delhi,0.6,3984,1,0
505370,128530,2026-04-25,05:16:00,892.45,ATM Withdrawal,NEFT,USSD,Yes,Kolkata,Kolkata,7.5,1332,2,0
505811,166687,2026-04-13,17:23:00,6727.23,Travel,ONLINE,ATM Machine,Yes,Bengaluru,Bengaluru,9.3,3100,0,0
504790,159518,2026-02-27,01:39:00,5657.0,Electronics,POS,Mobile App,Yes,Kolkata,Kolkata,5.1,250,1,0
504646,140326,2026-06-15,01:35:00,5642.5,Dining,UPI,Web Browser,Yes,Rajpura,Rajpura,1.3,2640,2,0
501117,199560,2026-08-01,14:36:00,3638.27,Electronics,POS,USSD,Yes,Pune,Pune,14.7,1255,1,0
501542,124163,2026-08-17,08:56:00,2304.14,Grocery,ATM,Mobile App,No,Jaipur,Jaipur,2.2,2907,1,0
503791,111200,2026-07-12,18:10:00,2125.64,Pharmacy,ONLINE,Mobile App,No,Bengaluru,Bengaluru,2.8,3054,1,0
504616,143114,2026-07-16,16:46:00,2605.98,Utility Bill,ONLINE,Mobile App,No,Bengaluru,Bengaluru,10.2,2848,2,0
505519,156708,2026-01-18,05:19:00,2986.82,Electronics,ONLINE,ATM Machine,No,Mumbai,Mumbai,4.8,953,1,0
503296,179605,2026-03-02,09:34:00,4025.6,Travel,ONLINE,POS Terminal,Yes,Bengaluru,Bengaluru,6.0,2612,1,0
505299,116988,2026-08-25,00:53:00,4008.51,Grocery,ONLINE,Web Browser,Yes,Bengaluru,Bengaluru,13.7,3993,0,0
505314,139442,2026-05-03,23:03:00,25265.43,E-commerce,POS,Web Browser,No,Jaipur,Kolkata,524.3,57,5,1
505905,118788,2026-05-14,11:31:00,1606.6,Travel,ONLINE,Web Browser,No,Pune,Pune,1.8,2086,1,0
503048,176053,2026-06-15,04:17:00,3955.93,Electronics,POS,Web Browser,Yes,Rajpura,Rajpura,3.3,3535,2,0
505724,152527,2026-08-27,09:14:00,5112.65,Utility Bill,UPI,USSD,No,Mumbai,Mumbai,12.7,2089,1,0
502438,167664,2026-02-18,06:06:00,2915.85,Electronics,ATM,USSD,No,Jaipur,Jaipur,14.9,2330,0,0
505755,114413,2026-02-18,01:21:00,3409.47,Fuel,ONLINE,Mobile App,Yes,Kolkata,Kolkata,13.3,3228,3,0
502053,136118,2026-05-27,06:30:00,4696.06,Pharmacy,ONLINE,POS Terminal,No,Kolkata,Kolkata,5.5,2585,3,0
501777,133225,2026-03-06,19:24:00,3632.53,Grocery,UPI,Web Browser,Yes,Rajpura,Rajpura,8.8,1458,5,0
503270,198297,2026-03-11,00:15:00,36295.02,Grocery,UPI,USSD,No,Hyderabad,Jaipur,1185.4,15,6,1
504303,113342,2026-03-25,05:06:00,1128.32,Dining,POS,Web Browser,Yes,Delhi,Delhi,10.6,3227,1,0
501593,138333,2026-01-30,12:30:00,5284.53,Travel,NEFT,POS Terminal,Yes,Pune,Pune,8.3,3230,1,0
501724,173112,2026-07-14,21:27:00,2887.03,E-commerce,POS,ATM Machine,No,Mumbai,Mumbai,1.6,2954,2,0
504694,186253,2026-02-09,15:08:00,1723.84,E-commerce,ATM,POS Terminal,No,Ahmedabad,Ahmedabad,7.3,3473,3,0
504042,165132,2026-04-21,04:42:00,2724.8,Utility Bill,UPI,Mobile App,No,Jaipur,Jaipur,1.9,2670,2,0
500491,193321,2026-07-19,12:23:00,3438.9,Grocery,POS,ATM Machine,No,Rajpura,Rajpura,1.7,3530,1,0
505078,101239,2026-07-12,02:15:00,8376.2,Pharmacy,ONLINE,POS Terminal,Yes,Chennai,Chennai,2.9,1777,1,0
501007,185021,2026-04-01,12:08:00,10494.5,Dining,POS,POS Terminal,Yes,Hyderabad,Hyderabad,7.6,1818,3,0
503149,198950,2026-07-06,00:35:00,4825.17,Grocery,UPI,Mobile App,Yes,Kolkata,Kolkata,13.7,1210,2,0
504249,191243,2026-01-19,22:21:00,3318.44,E-commerce,POS,ATM Machine,Yes,Ahmedabad,Ahmedabad,2.3,3944,2,0
501418,143838,2026-05-05,14:41:00,5463.24,Travel,ATM,Web Browser,Yes,Kolkata,Kolkata,4.4,592,1,0
500026,164385,2026-04-02,00:19:00,44019.84,Electronics,POS,USSD,No,Ahmedabad,Chennai,1087.2,8,8,1
501114,129205,2026-02-05,20:54:00,991.14,Fuel,UPI,ATM Machine,Yes,Kolkata,Kolkata,9.0,984,2,0
505586,173982,2026-05-13,07:35:00,6524.6,E-commerce,ONLINE,USSD,No,Delhi,Delhi,8.4,1165,4,0
501553,153324,2026-02-06,19:37:00,354.12,Dining,UPI,POS Terminal,Yes,Kolkata,Kolkata,14.5,3356,5,0
505124,167830,2026-03-03,05:01:00,2718.96,ATM Withdrawal,UPI,ATM Machine,Yes,Chennai,Chennai,6.5,3973,0,0
504483,183569,2026-08-07,00:19:00,1157.59,Jewellery,UPI,Mobile App,Yes,Jaipur,Jaipur,12.9,3361,1,0
500434,113105,2026-06-05,12:43:00,5854.93,E-commerce,ATM,Mobile App,Yes,Chennai,Chennai,12.9,3372,2,0
502927,161644,2026-04-26,14:38:00,6349.83,Travel,ONLINE,POS Terminal,No,Bengaluru,Bengaluru,4.1,1370,1,0
503858,101843,2026-02-19,00:38:00,4491.28,ATM Withdrawal,ATM,ATM Machine,No,Ahmedabad,Ahmedabad,2.4,1318,0,0
504016,114163,2026-06-24,19:58:00,3153.04,Pharmacy,UPI,USSD,Yes,Hyderabad,Hyderabad,1.5,3448,2,0
502964,106682,2026-01-20,21:28:00,971.62,ATM Withdrawal,UPI,ATM Machine,Yes,Hyderabad,Hyderabad,6.2,1625,1,0
503099,118354,2026-05-06,16:55:00,2575.62,E-commerce,UPI,Web Browser,Yes,Kolkata,Kolkata,5.8,1479,0,0
505876,108588,2026-07-24,00:48:00,7280.67,Utility Bill,POS,USSD,No,Chennai,Chennai,6.0,3701,2,0
504457,159105,2026-02-07,00:26:00,1031.02,Fuel,POS,USSD,Yes,Chennai,Chennai,11.7,2437,2,0
504541,159816,2026-02-15,20:25:00,7184.7,Utility Bill,ONLINE,USSD,Yes,Kolkata,Kolkata,13.0,2918,2,0
505769,146955,2026-04-24,03:13:00,3847.06,Travel,ATM,USSD,Yes,Chennai,Chennai,1.4,2755,1,0
501103,191892,2026-06-12,08:18:00,1898.21,Pharmacy,ONLINE,USSD,Yes,Hyderabad,Hyderabad,3.9,1896,2,0
505066,169048,2026-02-26,04:38:00,2522.95,Jewellery,UPI,USSD,No,Pune,Pune,9.0,143,1,0
504518,105871,2026-08-25,18:39:00,2211.77,ATM Withdrawal,UPI,Web Browser,No,Kolkata,Kolkata,5.5,2469,0,0
504163,156305,2026-07-21,16:29:00,2460.79,Fuel,POS,ATM Machine,Yes,Kolkata,Kolkata,3.2,583,1,0
500195,195968,2026-08-27,01:55:00,2114.46,Pharmacy,POS,Web Browser,No,Chennai,Chennai,14.8,1572,1,0
500616,163955,2026-02-28,20:16:00,1211.06,Electronics,ONLINE,Web Browser,No,Mumbai,Mumbai,6.7,3947,0,0
500644,148090,2026-07-30,09:52:00,2025.99,E-commerce,ATM,Web Browser,Yes,Kolkata,Kolkata,11.5,3938,0,0
504310,160240,2026-04-04,14:03:00,2278.32,Jewellery,ONLINE,Mobile App,Yes,Mumbai,Mumbai,9.2,2705,1,0
503154,179299,2026-04-25,21:23:00,6407.64,Jewellery,UPI,Mobile App,Yes,Rajpura,Rajpura,7.6,3492,1,0
505071,190924,2026-04-05,15:08:00,1540.66,Fuel,ATM,Web Browser,No,Chennai,Chennai,9.2,2033,0,0
500331,154679,2026-05-15,20:51:00,8656.85,Utility Bill,ONLINE,USSD,Yes,Mumbai,Mumbai,11.0,1211,2,0
503826,190389,2026-01-19,09:57:00,1321.69,Grocery,UPI,USSD,Yes,Chennai,Chennai,0.1,113,2,0
504516,179366,2026-01-26,05:46:00,3281.58,Fuel,POS,Mobile App,Yes,Kolkata,Kolkata,7.8,414,0,0
503114,192999,2026-07-22,07:27:00,3526.47,E-commerce,ATM,ATM Machine,Yes,Ahmedabad,Ahmedabad,0.3,3213,2,0
505366,115349,2026-06-22,18:46:00,4049.76,Pharmacy,UPI,USSD,No,Delhi,Delhi,3.1,469,2,0
500484,179680,2026-06-24,04:29:00,6723.14,Utility Bill,UPI,USSD,Yes,Pune,Pune,3.8,209,0,0
505198,194249,2026-05-07,10:38:00,307.65,Electronics,ATM,POS Terminal,No,Pune,Pune,14.5,2847,4,0
502672,185563,2026-07-07,21:08:00,3771.93,Grocery,NEFT,USSD,Yes,Mumbai,Mumbai,14.0,799,3,0
502060,140313,2026-05-15,21:02:00,6752.19,ATM Withdrawal,POS,POS Terminal,No,Jaipur,Jaipur,1.9,1988,1,0
504679,165342,2026-07-16,09:24:00,5053.69,Travel,ONLINE,Web Browser,Yes,Bengaluru,Bengaluru,12.6,219,3,0
500033,109213,2026-03-28,23:00:00,10161.01,Travel,ATM,ATM Machine,No,Ahmedabad,Ahmedabad,4.5,214,0,0
500665,159743,2026-02-20,06:19:00,4183.34,E-commerce,POS,ATM Machine,No,Hyderabad,Hyderabad,3.4,769,2,0
505160,192617,2026-02-07,03:15:00,5204.89,Travel,UPI,ATM Machine,Yes,Ahmedabad,Ahmedabad,1.9,245,2,0
504183,110103,2026-08-18,17:03:00,3929.8,Dining,ATM,POS Terminal,Yes,Mumbai,Mumbai,0.7,3979,2,0
501445,113966,2026-04-06,09:36:00,4584.9,ATM Withdrawal,ONLINE,USSD,No,Hyderabad,Hyderabad,13.8,3147,3,0
502400,173471,2026-04-06,16:29:00,647.45,Travel,ONLINE,ATM Machine,No,Delhi,Delhi,13.5,1477,6,0
502442,100106,2026-01-07,05:13:00,3769.54,Pharmacy,POS,USSD,No,Delhi,Delhi,10.0,3785,2,0
505853,125534,2026-06-25,23:53:00,91940.03,E-commerce,ONLINE,USSD,No,Pune,Bengaluru,360.6,51,6,1
501706,185897,2026-06-04,17:41:00,1197.25,Pharmacy,ONLINE,USSD,No,Chennai,Chennai,6.9,3129,2,0
505983,192804,2026-07-17,21:24:00,5366.75,Dining,ATM,Web Browser,No,Kolkata,Kolkata,14.9,2288,2,0
502851,119488,2026-08-01,11:14:00,12344.03,Jewellery,POS,Mobile App,No,Bengaluru,Bengaluru,10.1,849,2,0
505502,122529,2026-06-27,17:27:00,4127.82,Electronics,ONLINE,Web Browser,Yes,Mumbai,Mumbai,14.8,3294,1,0
502278,105141,2026-02-06,17:31:00,3441.11,Fuel,ATM,Web Browser,No,Ahmedabad,Ahmedabad,9.5,2169,0,0
501402,124136,2026-08-14,05:27:00,826.01,Utility Bill,ATM,ATM Machine,Yes,Rajpura,Rajpura,12.3,2028,1,0
505549,121935,2026-05-05,01:40:00,2952.79,Electronics,UPI,Mobile App,No,Chennai,Chennai,13.1,3749,0,0
500171,110614,2026-02-17,16:33:00,1528.13,Electronics,POS,ATM Machine,Yes,Pune,Pune,3.9,3074,2,0
500541,170902,2026-03-12,19:59:00,1624.35,E-commerce,POS,ATM Machine,No,Jaipur,Jaipur,10.0,1800,1,0
505466,155503,2026-05-22,09:59:00,5019.2,Grocery,ATM,Mobile App,Yes,Hyderabad,Hyderabad,13.7,1672,1,0
504606,147163,2026-04-28,05:10:00,3617.22,Fuel,ONLINE,Web Browser,No,Ahmedabad,Ahmedabad,1.1,65,1,0
502459,147465,2026-08-23,18:37:00,3235.07,E-commerce,POS,POS Terminal,Yes,Kolkata,Kolkata,2.9,2038,0,0
503909,119619,2026-03-14,14:15:00,1025.63,Jewellery,ONLINE,POS Terminal,No,Hyderabad,Hyderabad,14.6,3053,3,0
500675,162186,2026-02-03,13:05:00,6152.09,Jewellery,NEFT,POS Terminal,No,Pune,Pune,3.9,485,3,0
502919,184937,2026-02-17,08:28:00,3172.1,Utility Bill,UPI,Mobile App,No,Ahmedabad,Ahmedabad,5.5,2648,1,0
504077,197989,2026-05-04,22:53:00,4142.6,Electronics,POS,ATM Machine,Yes,Pune,Pune,2.1,274,0,0
501816,111069,2026-03-01,19:21:00,1920.41,Dining,ONLINE,USSD,Yes,Rajpura,Rajpura,13.6,583,4,0
502555,198186,2026-01-18,08:32:00,2727.35,E-commerce,UPI,POS Terminal,No,Jaipur,Jaipur,1.2,3629,2,0
502101,191320,2026-07-09,23:56:00,899.69,Pharmacy,UPI,Mobile App,Yes,Kolkata,Kolkata,9.3,3128,3,0
503126,188977,2026-06-13,02:15:00,1397.22,Grocery,ONLINE,USSD,Yes,Bengaluru,Bengaluru,0.2,2224,1,0
505494,120627,2026-03-11,16:52:00,637.99,Pharmacy,UPI,Web Browser,No,Delhi,Delhi,11.5,3681,2,0
502102,166784,2026-03-25,23:32:00,983.16,Jewellery,UPI,POS Terminal,No,Jaipur,Jaipur,10.4,3571,1,0
505081,131624,2026-01-02,01:47:00,2655.1,Utility Bill,NEFT,USSD,No,Mumbai,Mumbai,7.9,2607,0,0
502804,106311,2026-06-13,06:38:00,613.57,Electronics,POS,ATM Machine,Yes,Ahmedabad,Ahmedabad,13.1,2947,1,0
501549,149398,2026-04-09,01:41:00,2830.37,ATM Withdrawal,POS,Web Browser,Yes,Kolkata,Kolkata,5.1,2577,1,0
504751,104069,2026-05-11,13:55:00,546.0,Travel,ATM,ATM Machine,Yes,Pune,Pune,11.1,2906,2,0
504851,192873,2026-05-02,07:59:00,5298.94,Dining,ONLINE,POS Terminal,Yes,Delhi,Delhi,4.8,2332,2,0
500356,199236,2026-05-29,08:04:00,1202.71,Electronics,POS,USSD,Yes,Chennai,Chennai,6.7,2751,1,0
502641,123948,2026-05-10,04:39:00,7226.56,Pharmacy,UPI,Web Browser,No,Pune,Pune,0.2,2705,1,0
504170,167480,2026-01-15,03:00:00,2906.35,Pharmacy,ATM,USSD,No,Jaipur,Jaipur,1.9,3816,1,0
504677,155558,2026-01-19,02:42:00,2324.69,Fuel,NEFT,Web Browser,No,Bengaluru,Bengaluru,7.0,2480,1,0
505310,145286,2026-03-06,08:13:00,4847.59,Dining,POS,POS Terminal,Yes,Bengaluru,Bengaluru,1.3,1478,1,0
504274,131457,2026-06-09,13:56:00,1339.18,Grocery,ATM,USSD,Yes,Mumbai,Mumbai,8.1,3196,3,0
501052,136491,2026-07-03,23:48:00,3999.0,ATM Withdrawal,POS,USSD,No,Kolkata,Kolkata,10.9,2147,0,0
502322,103483,2026-05-18,14:31:00,1950.34,Fuel,POS,Web Browser,No,Pune,Pune,4.1,2230,3,0
504329,104827,2026-05-31,22:23:00,2937.0,Grocery,UPI,Mobile App,Yes,Hyderabad,Hyderabad,5.5,1982,1,0
503920,161382,2026-02-24,22:38:00,3815.25,Jewellery,POS,ATM Machine,No,Ahmedabad,Ahmedabad,10.9,2289,1,0
501752,188756,2026-06-08,12:26:00,4019.18,Utility Bill,POS,Web Browser,Yes,Kolkata,Kolkata,11.3,3373,1,0
502465,146389,2026-05-13,18:39:00,6955.4,Utility Bill,ONLINE,USSD,Yes,Kolkata,Kolkata,7.7,1459,3,0
501773,136268,2026-08-25,21:32:00,3821.59,Travel,NEFT,POS Terminal,No,Pune,Pune,0.6,3090,3,0
501197,171347,2026-04-19,09:05:00,1261.63,Fuel,ATM,ATM Machine,Yes,Chennai,Chennai,0.5,2393,1,0
501879,172672,2026-02-22,20:08:00,2414.2,Jewellery,POS,ATM Machine,No,Ahmedabad,Ahmedabad,5.5,2751,1,0
502017,141393,2026-08-26,06:43:00,3476.04,Fuel,ONLINE,POS Terminal,No,Kolkata,Kolkata,7.3,541,1,0
502006,112902,2026-02-09,14:42:00,687.89,Utility Bill,ONLINE,ATM Machine,No,Rajpura,Rajpura,1.7,82,1,0
504076,102226,2026-01-16,11:58:00,6095.32,ATM Withdrawal,POS,USSD,Yes,Delhi,Delhi,5.3,1454,1,0
501483,128999,2026-05-08,03:03:00,2844.34,Jewellery,UPI,ATM Machine,Yes,Kolkata,Kolkata,6.2,1699,1,0
500329,114126,2026-04-08,06:05:00,4896.15,Grocery,POS,USSD,Yes,Mumbai,Mumbai,3.6,1883,1,0
500649,196048,2026-08-22,14:49:00,565.69,Grocery,UPI,Mobile App,Yes,Pune,Pune,5.3,1344,3,0
502895,126081,2026-01-30,08:23:00,2610.02,ATM Withdrawal,POS,ATM Machine,No,Kolkata,Kolkata,12.7,3460,3,0
501124,124366,2026-03-02,08:42:00,5196.32,Grocery,NEFT,POS Terminal,No,Pune,Pune,7.8,204,3,0
502777,152207,2026-08-22,11:46:00,2845.14,E-commerce,ONLINE,Web Browser,Yes,Rajpura,Rajpura,5.0,738,1,0
502961,192171,2026-08-16,12:38:00,1245.36,Utility Bill,UPI,Mobile App,No,Kolkata,Kolkata,2.9,366,1,0
503456,186509,2026-08-22,06:35:00,4846.41,Electronics,ATM,ATM Machine,No,Bengaluru,Bengaluru,6.5,1833,0,0
502844,148293,2026-02-25,04:56:00,2699.16,Fuel,POS,ATM Machine,Yes,Delhi,Delhi,13.0,2775,0,0
503090,146747,2026-02-11,13:25:00,3742.32,Fuel,POS,Mobile App,Yes,Chennai,Chennai,11.0,1979,2,0
505022,146259,2026-08-27,06:10:00,9496.27,Dining,ATM,POS Terminal,No,Delhi,Delhi,0.6,2768,3,0
501260,180205,2026-02-21,16:09:00,4995.31,Utility Bill,ONLINE,USSD,Yes,Delhi,Delhi,2.8,1305,1,0
504315,175195,2026-02-19,15:22:00,9203.37,Utility Bill,ONLINE,USSD,No,Pune,Pune,2.9,262,1,0
503412,198661,2026-01-14,12:42:00,5852.39,Dining,ONLINE,Mobile App,No,Bengaluru,Bengaluru,6.7,45,1,0
504620,189811,2026-06-16,23:21:00,12365.73,Pharmacy,POS,Mobile App,Yes,Bengaluru,Bengaluru,5.1,1493,0,0
501520,146076,2026-07-03,05:38:00,1520.02,Pharmacy,ONLINE,Mobile App,No,Delhi,Delhi,7.1,1526,3,0
501379,150310,2026-08-20,10:36:00,1843.82,Travel,ATM,Web Browser,Yes,Chennai,Chennai,11.5,1763,2,0
504382,111518,2026-05-04,16:54:00,4137.22,Travel,UPI,ATM Machine,Yes,Hyderabad,Hyderabad,13.0,249,1,0
501024,184198,2026-04-18,23:22:00,76000.62,Travel,ONLINE,Web Browser,No,Ahmedabad,Pune,933.7,58,3,1
502877,166426,2026-08-28,02:09:00,3997.08,Electronics,NEFT,ATM Machine,Yes,Chennai,Chennai,10.3,2848,1,0
504554,155618,2026-07-05,10:20:00,8805.76,Utility Bill,POS,ATM Machine,No,Pune,Pune,0.4,650,1,0
504796,118948,2026-07-04,18:53:00,4427.18,Grocery,ONLINE,POS Terminal,Yes,Chennai,Chennai,8.4,2683,0,0
500913,137637,2026-01-22,17:44:00,3088.51,Fuel,ATM,ATM Machine,No,Bengaluru,Bengaluru,12.7,2308,2,0
504039,130612,2026-06-18,13:46:00,2472.06,Utility Bill,POS,Web Browser,No,Jaipur,Jaipur,12.6,3551,3,0
501676,198340,2026-06-17,15:04:00,5221.08,Electronics,UPI,ATM Machine,Yes,Mumbai,Mumbai,12.4,2759,2,0
501747,198801,2026-07-01,02:17:00,11570.57,Travel,ONLINE,POS Terminal,Yes,Rajpura,Rajpura,9.9,1659,2,0
502971,161116,2026-05-06,01:14:00,4329.8,Utility Bill,ONLINE,Web Browser,No,Hyderabad,Hyderabad,10.9,2160,4,0
501737,150287,2026-04-05,11:52:00,3899.05,Pharmacy,UPI,ATM Machine,No,Delhi,Delhi,5.1,1192,0,0
501630,112690,2026-06-05,12:23:00,2921.76,Fuel,ATM,POS Terminal,No,Kolkata,Kolkata,1.1,2623,1,0
504320,104245,2026-03-31,08:56:00,1884.74,Grocery,ONLINE,USSD,Yes,Chennai,Chennai,12.0,263,3,0
500431,108438,2026-06-30,06:05:00,3366.68,Pharmacy,POS,USSD,No,Rajpura,Rajpura,14.3,3903,1,0
501809,108984,2026-04-08,01:07:00,3462.95,Jewellery,POS,Mobile App,No,Delhi,Delhi,0.4,2790,1,0
503528,109000,2026-07-10,06:09:00,6730.44,ATM Withdrawal,ONLINE,POS Terminal,Yes,Pune,Pune,2.9,2703,1,0
502388,197558,2026-05-30,11:24:00,1579.9,Travel,POS,POS Terminal,Yes,Rajpura,Rajpura,9.2,2541,2,0
503403,115675,2026-07-26,01:39:00,2099.65,Travel,ATM,Mobile App,Yes,Jaipur,Jaipur,9.5,1345,1,0
503481,179904,2026-03-31,23:06:00,84379.6,ATM Withdrawal,ONLINE,USSD,No,Pune,Jaipur,619.8,51,4,1
505707,141166,2026-05-27,17:24:00,5874.33,Travel,UPI,ATM Machine,Yes,Jaipur,Jaipur,0.6,3856,1,0
502223,102640,2026-07-31,13:50:00,3948.35,E-commerce,UPI,Web Browser,No,Hyderabad,Hyderabad,8.6,2224,1,0
504199,195252,2026-01-11,05:33:00,2548.33,Utility Bill,UPI,POS Terminal,No,Jaipur,Jaipur,13.6,3786,4,0
504167,146234,2026-05-28,15:03:00,4470.01,Electronics,ATM,POS Terminal,No,Chennai,Chennai,13.5,2028,1,0
505351,122654,2026-05-07,11:28:00,1609.85,Grocery,ONLINE,Mobile App,Yes,Hyderabad,Hyderabad,9.1,232,3,0
505882,198661,2026-06-03,03:56:00,5705.94,Grocery,UPI,USSD,No,Hyderabad,Hyderabad,14.1,1470,1,0
504587,121465,2026-01-09,17:55:00,1634.66,Utility Bill,ATM,POS Terminal,Yes,Chennai,Chennai,4.1,3442,3,0
505325,191246,2026-06-22,22:07:00,1774.5,Jewellery,ONLINE,ATM Machine,No,Bengaluru,Bengaluru,8.7,1986,2,0
501996,100230,2026-03-03,09:42:00,7962.75,Fuel,UPI,Web Browser,No,Kolkata,Kolkata,11.5,2599,1,0
504991,164876,2026-01-22,15:27:00,1941.53,Fuel,POS,Web Browser,No,Chennai,Chennai,2.4,1445,1,0
502225,140107,2026-08-21,16:34:00,7214.26,Dining,UPI,POS Terminal,Yes,Rajpura,Rajpura,0.4,97,0,0
501107,124408,2026-02-12,22:51:00,3112.16,E-commerce,POS,Web Browser,No,Delhi,Delhi,6.7,610,1,0
505746,102026,2026-06-04,02:15:00,88247.4,Fuel,NEFT,Web Browser,No,Delhi,Mumbai,1541.4,39,8,1
500819,166574,2026-05-09,03:46:00,5042.77,Jewellery,ONLINE,ATM Machine,No,Ahmedabad,Ahmedabad,12.8,2056,0,0
504073,183397,2026-03-14,18:36:00,619.28,Grocery,UPI,POS Terminal,No,Chennai,Chennai,7.2,547,1,0
504359,166946,2026-08-09,06:54:00,1251.28,Pharmacy,POS,Mobile App,No,Jaipur,Jaipur,12.1,2425,2,0
501698,114937,2026-02-09,04:59:00,513.35,Fuel,ATM,POS Terminal,No,Bengaluru,Bengaluru,2.0,3711,3,0
503222,125303,2026-05-03,18:49:00,1067.98,Electronics,ONLINE,Web Browser,Yes,Rajpura,Rajpura,0.4,3127,1,0
500137,160283,2026-05-06,00:59:00,1754.66,Electronics,UPI,ATM Machine,Yes,Delhi,Delhi,0.6,2944,1,0
504524,198670,2026-08-13,02:31:00,6907.74,E-commerce,ATM,Web Browser,Yes,Pune,Pune,1.1,3540,3,0
502922,177076,2026-05-09,11:02:00,1286.02,Electronics,ONLINE,USSD,Yes,Kolkata,Kolkata,13.3,3479,1,0
505317,153733,2026-06-09,00:14:00,1462.57,Travel,POS,Web Browser,Yes,Delhi,Delhi,10.8,3305,4,0
501181,160795,2026-02-25,16:50:00,3875.44,Travel,UPI,ATM Machine,Yes,Kolkata,Kolkata,2.5,3321,1,0
503435,123539,2026-04-17,05:24:00,3046.74,Travel,POS,ATM Machine,Yes,Kolkata,Kolkata,2.6,2886,1,0
500889,101574,2026-03-22,20:22:00,2353.24,Travel,UPI,Mobile App,No,Delhi,Delhi,3.4,85,0,0
502657,105827,2026-01-19,03:05:00,2018.86,Grocery,NEFT,USSD,No,Chennai,Chennai,2.0,935,1,0
505734,141043,2026-08-11,02:19:00,3601.44,Electronics,ONLINE,POS Terminal,Yes,Rajpura,Rajpura,4.6,755,2,0
502896,153721,2026-02-08,08:45:00,2410.05,Dining,ONLINE,POS Terminal,No,Kolkata,Kolkata,12.5,1361,1,0
500818,110641,2026-07-25,15:53:00,2598.5,Jewellery,ATM,USSD,Yes,Pune,Pune,2.8,2215,2,0
501112,123284,2026-02-26,09:34:00,4615.12,ATM Withdrawal,ONLINE,ATM Machine,Yes,Ahmedabad,Ahmedabad,4.2,437,5,0
503413,122210,2026-05-01,04:59:00,2419.7,Fuel,ONLINE,POS Terminal,No,Rajpura,Rajpura,5.0,444,1,0
502342,139447,2026-03-15,12:13:00,4449.38,Grocery,ATM,POS Terminal,Yes,Jaipur,Jaipur,4.0,654,3,0
505991,104974,2026-04-13,19:35:00,5895.44,Fuel,UPI,POS Terminal,Yes,Mumbai,Mumbai,14.5,489,0,0
503760,156077,2026-06-03,22:38:00,3906.2,Dining,POS,Web Browser,No,Chennai,Chennai,13.3,2070,1,0
501265,123837,2026-03-09,15:50:00,622.66,Pharmacy,UPI,USSD,No,Pune,Pune,14.0,111,2,0
500991,134269,2026-06-24,02:23:00,3263.89,ATM Withdrawal,UPI,USSD,Yes,Pune,Pune,1.1,1993,5,0
503236,157116,2026-06-05,16:06:00,2659.13,ATM Withdrawal,POS,Web Browser,Yes,Pune,Pune,3.9,759,5,0
501740,120439,2026-06-24,13:04:00,230.28,Grocery,UPI,POS Terminal,Yes,Kolkata,Kolkata,8.8,3194,2,0
502478,117613,2026-06-15,11:04:00,6105.57,ATM Withdrawal,POS,Web Browser,Yes,Pune,Pune,9.6,3276,2,0
500354,143509,2026-04-10,16:37:00,2651.56,Electronics,ATM,POS Terminal,Yes,Rajpura,Rajpura,3.6,3319,2,0
505270,152097,2026-04-03,02:03:00,2052.5,Dining,UPI,POS Terminal,No,Delhi,Delhi,6.7,3856,1,0
502458,193553,2026-08-14,04:54:00,3252.54,E-commerce,POS,POS Terminal,No,Pune,Pune,8.1,1822,1,0
504208,193689,2026-05-24,17:39:00,6105.93,Grocery,UPI,Mobile App,Yes,Hyderabad,Hyderabad,11.7,952,1,0
501490,150816,2026-04-30,02:15:00,3605.5,Jewellery,UPI,USSD,No,Mumbai,Mumbai,12.5,197,1,0
503927,150176,2026-03-22,21:05:00,4469.38,ATM Withdrawal,POS,USSD,Yes,Pune,Pune,14.1,1062,0,0
501229,115401,2026-01-13,02:58:00,26134.49,E-commerce,ONLINE,Web Browser,No,Jaipur,Mumbai,724.2,18,9,1
505933,133845,2026-07-27,22:50:00,4684.49,Grocery,POS,POS Terminal,Yes,Mumbai,Mumbai,5.7,3102,2,0
502690,198213,2026-06-05,07:04:00,4331.74,ATM Withdrawal,UPI,POS Terminal,Yes,Ahmedabad,Ahmedabad,13.3,2379,0,0
505683,138071,2026-02-28,09:12:00,13225.77,Jewellery,ONLINE,Mobile App,Yes,Jaipur,Jaipur,0.4,3419,1,0
500053,136390,2026-08-22,03:58:00,36023.34,Electronics,ATM,USSD,No,Chennai,Kolkata,596.5,8,5,1
503124,161351,2026-02-15,07:01:00,3396.66,Utility Bill,ONLINE,USSD,Yes,Bengaluru,Bengaluru,4.4,3874,4,0
503949,196998,2026-07-03,05:29:00,5844.35,Dining,POS,Web Browser,Yes,Jaipur,Jaipur,8.1,3009,0,0
503322,116193,2026-02-14,10:43:00,1005.34,Utility Bill,ATM,Web Browser,No,Hyderabad,Hyderabad,11.8,3460,0,0
503653,140987,2026-01-20,22:47:00,239.52,E-commerce,ATM,USSD,No,Rajpura,Rajpura,14.9,1012,0,0
501590,102983,2026-02-10,15:01:00,3817.47,Utility Bill,ATM,Mobile App,No,Pune,Pune,3.6,335,1,0
501480,141660,2026-03-31,07:24:00,1289.09,Travel,ONLINE,POS Terminal,Yes,Kolkata,Kolkata,3.5,491,1,0
501470,106052,2026-01-20,02:31:00,3939.98,ATM Withdrawal,ONLINE,Mobile App,No,Delhi,Delhi,6.3,2570,2,0
502779,138870,2026-05-06,11:06:00,2737.79,Pharmacy,ATM,POS Terminal,Yes,Delhi,Delhi,3.2,988,0,0
505988,154894,2026-03-03,08:42:00,11997.13,Electronics,UPI,POS Terminal,No,Jaipur,Jaipur,13.9,3268,2,0
502079,125853,2026-04-22,05:52:00,5509.37,ATM Withdrawal,POS,USSD,No,Mumbai,Mumbai,2.9,1711,3,0
503451,147434,2026-05-27,22:00:00,2491.72,Travel,POS,USSD,Yes,Ahmedabad,Ahmedabad,1.1,2925,1,0
505912,133637,2026-01-18,08:48:00,599.4,Pharmacy,POS,POS Terminal,No,Hyderabad,Hyderabad,5.5,649,0,0
502952,150818,2026-05-18,12:26:00,7955.23,Travel,UPI,ATM Machine,No,Hyderabad,Hyderabad,13.1,3053,5,0
500437,156727,2026-03-28,09:04:00,16085.91,Electronics,POS,ATM Machine,Yes,Rajpura,Rajpura,5.8,1117,0,0
502887,193291,2026-05-14,17:19:00,5189.36,Electronics,POS,Mobile App,Yes,Hyderabad,Hyderabad,5.9,3545,3,0
503886,141392,2026-04-26,16:56:00,229.62,Dining,POS,POS Terminal,Yes,Pune,Pune,8.5,180,3,0
501589,186187,2026-05-30,03:40:00,2214.03,Pharmacy,ATM,ATM Machine,Yes,Delhi,Delhi,3.3,1895,2,0
504418,115628,2026-04-24,15:28:00,502.97,E-commerce,ONLINE,Web Browser,No,Mumbai,Mumbai,6.9,2857,2,0
501591,173588,2026-05-28,04:33:00,1142.52,Grocery,ONLINE,USSD,No,Delhi,Delhi,7.4,3480,2,0
503251,133837,2026-06-18,08:00:00,6882.98,Fuel,UPI,POS Terminal,No,Hyderabad,Hyderabad,7.9,625,1,0
500974,147412,2026-07-12,06:07:00,1895.95,Fuel,POS,ATM Machine,No,Hyderabad,Hyderabad,14.4,586,1,0
501239,129777,2026-07-27,00:14:00,1301.99,Jewellery,NEFT,Mobile App,No,Bengaluru,Bengaluru,13.7,3802,1,0
502343,154559,2026-06-15,06:18:00,5245.22,Jewellery,ATM,USSD,Yes,Bengaluru,Bengaluru,1.5,2495,1,0
502474,120698,2026-06-05,08:24:00,3697.13,Jewellery,ONLINE,POS Terminal,No,Chennai,Chennai,4.2,1076,3,0
503589,165048,2026-01-22,20:13:00,4062.04,ATM Withdrawal,POS,Mobile App,Yes,Pune,Pune,10.7,3412,2,0
505121,181583,2026-08-18,21:30:00,8296.94,E-commerce,ONLINE,USSD,No,Bengaluru,Bengaluru,9.8,3953,2,0
502232,106963,2026-08-10,21:28:00,3498.19,ATM Withdrawal,ONLINE,USSD,Yes,Bengaluru,Bengaluru,3.5,2938,1,0
502519,114323,2026-04-16,08:45:00,4360.71,Utility Bill,UPI,Mobile App,Yes,Jaipur,Jaipur,11.6,3099,1,0
501498,178057,2026-03-21,10:38:00,4178.59,Electronics,ONLINE,POS Terminal,Yes,Chennai,Chennai,2.9,3394,1,0
500450,128644,2026-05-15,12:46:00,2975.2,Dining,POS,ATM Machine,No,Delhi,Delhi,10.4,2079,2,0
502370,117534,2026-03-13,01:20:00,2095.41,Travel,ONLINE,USSD,Yes,Jaipur,Jaipur,5.0,1432,4,0
504123,198534,2026-03-17,03:45:00,1791.98,Jewellery,UPI,POS Terminal,No,Ahmedabad,Ahmedabad,7.8,249,1,0
502423,110381,2026-01-31,23:52:00,3022.96,Grocery,NEFT,POS Terminal,No,Bengaluru,Bengaluru,10.1,814,1,0
505387,123514,2026-07-12,16:40:00,5362.31,Utility Bill,POS,USSD,Yes,Pune,Pune,2.7,2707,2,0
505957,121794,2026-03-28,17:15:00,2620.4,Grocery,UPI,USSD,No,Rajpura,Rajpura,11.5,2588,1,0
501552,185336,2026-04-28,09:31:00,662.59,Fuel,POS,Mobile App,Yes,Kolkata,Kolkata,8.4,1479,4,0
505319,176265,2026-03-16,20:53:00,1567.48,Electronics,ONLINE,USSD,Yes,Ahmedabad,Ahmedabad,7.4,1363,1,0
501147,153134,2026-03-11,06:58:00,5394.03,ATM Withdrawal,UPI,ATM Machine,No,Rajpura,Rajpura,5.2,851,3,0
505599,175318,2026-06-30,07:24:00,7599.81,Pharmacy,POS,ATM Machine,No,Pune,Pune,11.0,2791,2,0
502093,180499,2026-05-27,03:53:00,1844.49,Grocery,UPI,USSD,Yes,Hyderabad,Hyderabad,9.4,1798,5,0
501314,185333,2026-06-13,14:11:00,2190.64,Travel,ONLINE,USSD,No,Delhi,Delhi,2.8,3531,3,0
502016,131915,2026-06-06,01:48:00,1063.47,Pharmacy,ATM,Web Browser,No,Delhi,Delhi,14.5,662,1,0
504307,173920,2026-04-07,12:41:00,1380.32,Fuel,POS,ATM Machine,No,Hyderabad,Hyderabad,7.3,1873,0,0
503709,149208,2026-03-21,00:39:00,4454.14,Utility Bill,ONLINE,POS Terminal,Yes,Rajpura,Rajpura,1.1,2676,2,0
503009,162909,2026-08-12,23:24:00,12158.72,Pharmacy,POS,USSD,No,Mumbai,Mumbai,13.4,3584,0,0
501382,128453,2026-08-04,10:47:00,4579.53,Jewellery,POS,USSD,Yes,Mumbai,Mumbai,2.6,804,1,0
503249,114033,2026-02-20,23:45:00,6601.84,E-commerce,ATM,Web Browser,Yes,Pune,Pune,0.2,335,1,0
500414,113182,2026-05-19,09:04:00,9831.56,Travel,UPI,ATM Machine,Yes,Mumbai,Mumbai,1.0,3151,4,0
500942,140403,2026-03-13,09:09:00,6995.01,Electronics,ATM,Mobile App,Yes,Kolkata,Kolkata,6.8,625,0,0
500802,130192,2026-01-01,03:41:00,5084.31,Travel,ONLINE,USSD,No,Mumbai,Mumbai,5.9,3791,4,0
504914,160619,2026-07-30,22:52:00,1120.03,Grocery,ONLINE,ATM Machine,Yes,Delhi,Delhi,11.9,2356,4,0
505484,184440,2026-06-26,15:22:00,6979.65,Dining,POS,Mobile App,No,Hyderabad,Hyderabad,6.8,59,2,0
500257,167769,2026-06-03,22:57:00,1544.56,Electronics,ATM,Web Browser,Yes,Hyderabad,Hyderabad,7.9,1147,3,0
505887,199015,2026-05-16,06:27:00,11130.05,Dining,POS,USSD,No,Chennai,Chennai,11.3,190,2,0
502236,179073,2026-05-21,16:18:00,6281.71,Pharmacy,POS,POS Terminal,Yes,Rajpura,Rajpura,1.6,1172,1,0
500648,153542,2026-05-25,02:07:00,1241.25,Electronics,UPI,POS Terminal,Yes,Rajpura,Rajpura,1.2,3134,3,0
501768,146763,2026-07-12,19:21:00,811.83,E-commerce,POS,Web Browser,Yes,Kolkata,Kolkata,0.8,3139,0,0
504106,145250,2026-07-02,21:27:00,13441.06,Electronics,UPI,USSD,Yes,Pune,Pune,9.1,3479,0,0
503936,184896,2026-05-22,00:36:00,24479.48,Grocery,POS,Web Browser,No,Chennai,Jaipur,780.9,55,4,1
505413,150771,2026-01-24,13:16:00,7266.76,Grocery,ONLINE,Web Browser,Yes,Rajpura,Rajpura,13.8,1328,1,0
503950,117480,2026-08-17,18:40:00,9205.15,Electronics,NEFT,POS Terminal,Yes,Pune,Pune,7.3,3683,3,0
500025,178155,2026-05-01,22:56:00,736.02,Dining,POS,USSD,No,Kolkata,Kolkata,2.4,3429,1,0
501089,165094,2026-01-13,16:02:00,9669.47,Grocery,POS,USSD,Yes,Delhi,Delhi,10.6,3012,1,0
505112,169276,2026-01-05,03:07:00,1446.9,Utility Bill,ONLINE,Web Browser,No,Rajpura,Rajpura,9.8,735,0,0
504166,168002,2026-05-16,01:46:00,795.78,Pharmacy,ATM,POS Terminal,Yes,Kolkata,Kolkata,3.4,1809,0,0
500113,155564,2026-02-11,22:00:00,2204.47,E-commerce,POS,ATM Machine,No,Kolkata,Kolkata,13.7,1200,0,0
502312,106751,2026-07-14,00:06:00,47949.23,ATM Withdrawal,ONLINE,Web Browser,No,Mumbai,Pune,1876.9,4,8,1
504648,108027,2026-01-05,22:26:00,3200.57,Dining,POS,Web Browser,No,Mumbai,Mumbai,14.0,312,1,0
500057,154656,2026-08-13,13:15:00,717.0,Dining,POS,ATM Machine,Yes,Mumbai,Mumbai,9.0,1577,0,0
501310,185277,2026-07-22,12:11:00,3709.79,Dining,ATM,USSD,Yes,Chennai,Chennai,0.6,1766,3,0
500696,125338,2026-05-06,17:11:00,1880.62,Fuel,POS,ATM Machine,Yes,Pune,Pune,6.8,2696,0,0
504367,116601,2026-01-24,05:41:00,2195.03,Pharmacy,POS,Mobile App,No,Bengaluru,Bengaluru,2.2,816,0,0
501228,198456,2026-01-20,02:00:00,6624.44,Grocery,ONLINE,Web Browser,Yes,Rajpura,Rajpura,8.5,3622,1,0
502000,128089,2026-08-05,17:29:00,5458.52,Travel,ONLINE,USSD,No,Delhi,Delhi,5.9,2989,2,0
500277,146710,2026-07-05,20:12:00,3401.87,E-commerce,ONLINE,USSD,Yes,Mumbai,Mumbai,5.4,2822,2,0
504061,114492,2026-06-03,00:57:00,1629.3,Utility Bill,POS,Mobile App,Yes,Delhi,Delhi,2.6,3956,2,0
503008,142507,2026-02-26,10:02:00,3098.35,Travel,ATM,ATM Machine,No,Kolkata,Kolkata,9.1,3081,4,0
501834,107182,2026-02-01,08:28:00,5234.55,Dining,UPI,Web Browser,No,Pune,Pune,11.9,2599,2,0
500683,195992,2026-08-12,23:45:00,2913.56,Electronics,POS,USSD,Yes,Ahmedabad,Ahmedabad,1.9,2424,3,0
503140,149430,2026-01-26,23:49:00,1521.48,Travel,ONLINE,POS Terminal,Yes,Pune,Pune,4.4,997,2,0
504335,191674,2026-04-19,13:07:00,5172.88,Travel,POS,ATM Machine,Yes,Bengaluru,Bengaluru,0.8,3063,1,0
501138,136660,2026-02-21,14:49:00,1656.31,Jewellery,POS,Mobile App,Yes,Rajpura,Rajpura,14.0,625,3,0
503753,196054,2026-07-11,00:45:00,1673.54,Pharmacy,UPI,POS Terminal,Yes,Ahmedabad,Ahmedabad,7.3,3370,1,0
503783,110481,2026-06-07,11:22:00,3352.37,Pharmacy,POS,Web Browser,No,Jaipur,Jaipur,2.8,3886,1,0
503012,150575,2026-05-17,17:50:00,3043.2,Dining,NEFT,ATM Machine,No,Chennai,Chennai,0.8,79,2,0
504089,198309,2026-02-15,10:59:00,3000.14,Utility Bill,ONLINE,Web Browser,Yes,Kolkata,Kolkata,3.3,714,0,0
504834,123669,2026-05-07,22:23:00,1865.18,Grocery,POS,Web Browser,Yes,Mumbai,Mumbai,8.3,2891,1,0
501347,185566,2026-04-07,11:15:00,2905.71,Fuel,UPI,USSD,Yes,Mumbai,Mumbai,7.4,3244,0,0
502551,165458,2026-06-10,05:54:00,1457.01,Fuel,POS,ATM Machine,No,Rajpura,Rajpura,6.7,659,2,0
504923,155482,2026-08-18,11:31:00,1878.84,Grocery,ATM,USSD,Yes,Hyderabad,Hyderabad,8.1,3482,3,0
502802,144501,2026-08-18,12:49:00,2933.07,Utility Bill,UPI,ATM Machine,Yes,Ahmedabad,Ahmedabad,9.7,3698,4,0
502385,118363,2026-06-29,16:24:00,1142.58,Grocery,ATM,POS Terminal,No,Jaipur,Jaipur,2.6,2956,2,0
504767,157068,2026-03-16,20:57:00,2290.89,Travel,ONLINE,Web Browser,No,Jaipur,Jaipur,3.6,2194,1,0
504177,130346,2026-04-16,13:21:00,3801.43,Jewellery,UPI,Mobile App,No,Ahmedabad,Ahmedabad,10.9,3773,1,0
503254,137153,2026-08-05,22:50:00,392.34,Electronics,ONLINE,USSD,No,Rajpura,Rajpura,7.9,85,2,0
502610,182678,2026-01-05,12:50:00,4478.4,Travel,POS,Web Browser,Yes,Mumbai,Mumbai,2.4,1887,3,0
503255,123657,2026-02-14,12:16:00,13787.9,E-commerce,ONLINE,POS Terminal,No,Rajpura,Rajpura,12.7,1308,0,0
502570,192676,2026-03-06,22:21:00,3071.67,E-commerce,ONLINE,USSD,Yes,Rajpura,Rajpura,12.7,808,0,0
502754,165166,2026-05-08,01:59:00,4690.29,Travel,ATM,ATM Machine,Yes,Ahmedabad,Ahmedabad,1.7,2807,1,0
504989,193173,2026-08-16,21:32:00,3118.8,Utility Bill,POS,ATM Machine,No,Kolkata,Kolkata,5.1,1302,1,0
504927,139873,2026-03-12,08:25:00,5942.79,Pharmacy,POS,USSD,Yes,Ahmedabad,Ahmedabad,4.9,513,1,0
500082,143714,2026-02-02,10:26:00,5534.16,ATM Withdrawal,ATM,Mobile App,Yes,Chennai,Chennai,8.0,3314,1,0
501973,168186,2026-01-27,04:54:00,2590.27,Jewellery,POS,Web Browser,Yes,Kolkata,Kolkata,3.2,401,3,0
501715,164442,2026-01-28,04:55:00,3400.99,Fuel,ATM,ATM Machine,No,Delhi,Delhi,10.4,2249,2,0
503143,145134,2026-04-01,03:28:00,173.26,ATM Withdrawal,ATM,POS Terminal,No,Mumbai,Mumbai,6.5,700,0,0
503623,133065,2026-01-19,20:38:00,1720.8,E-commerce,POS,Mobile App,Yes,Bengaluru,Bengaluru,6.6,2161,0,0
501947,115707,2026-03-26,20:17:00,455.23,Utility Bill,POS,POS Terminal,Yes,Ahmedabad,Ahmedabad,8.9,102,3,0
503318,139919,2026-01-31,03:04:00,2668.43,Electronics,UPI,Web Browser,Yes,Pune,Pune,0.9,2819,2,0
504085,150167,2026-07-24,14:02:00,4451.78,Dining,POS,Web Browser,Yes,Delhi,Delhi,2.0,3917,1,0
504710,142623,2026-03-11,12:52:00,1721.65,Fuel,UPI,POS Terminal,Yes,Jaipur,Jaipur,10.8,3891,2,0
501611,177640,2026-06-24,06:49:00,15554.23,Pharmacy,ATM,ATM Machine,Yes,Mumbai,Mumbai,5.7,2535,0,0
504641,184265,2026-05-24,23:01:00,2685.31,Dining,ATM,Web Browser,No,Kolkata,Kolkata,13.8,362,2,0
502891,114859,2026-06-29,00:57:00,64387.45,Electronics,POS,Web Browser,No,Jaipur,Delhi,442.5,10,8,1
503246,180993,2026-05-29,02:31:00,2262.87,ATM Withdrawal,UPI,POS Terminal,Yes,Hyderabad,Hyderabad,9.2,3202,1,0
505864,120763,2026-06-01,06:34:00,3584.99,Jewellery,POS,USSD,No,Bengaluru,Bengaluru,10.8,1256,0,0
504626,138467,2026-04-22,00:17:00,2522.77,E-commerce,ONLINE,ATM Machine,Yes,Chennai,Chennai,4.8,194,2,0
500666,169479,2026-02-13,12:07:00,2900.79,Jewellery,UPI,Web Browser,No,Mumbai,Mumbai,9.5,3838,3,0
502195,165743,2026-03-15,06:19:00,604.61,Pharmacy,POS,POS Terminal,No,Delhi,Delhi,11.2,1591,1,0
505723,168408,2026-01-29,18:06:00,2933.51,Fuel,UPI,POS Terminal,No,Pune,Pune,14.8,3066,0,0
505101,155013,2026-01-01,08:56:00,1005.69,Grocery,POS,USSD,Yes,Rajpura,Rajpura,11.5,502,3,0
501018,149413,2026-04-04,14:10:00,1669.01,Fuel,ONLINE,POS Terminal,No,Hyderabad,Hyderabad,6.2,2562,1,0
500558,187499,2026-05-21,17:12:00,1352.76,Fuel,ATM,USSD,Yes,Chennai,Chennai,4.6,1510,1,0
504399,106981,2026-06-23,22:22:00,1786.98,Fuel,POS,Mobile App,Yes,Bengaluru,Bengaluru,9.1,3232,0,0
505767,130888,2026-08-26,02:14:00,2962.32,Dining,NEFT,POS Terminal,No,Ahmedabad,Ahmedabad,2.7,1122,2,0
501208,172068,2026-06-19,03:58:00,11431.58,Travel,ONLINE,Mobile App,Yes,Bengaluru,Bengaluru,1.6,2491,2,0
503803,180516,2026-06-16,16:39:00,1681.88,Electronics,ATM,ATM Machine,Yes,Hyderabad,Hyderabad,9.8,1333,4,0
503025,137393,2026-03-06,07:10:00,3890.14,Fuel,POS,Mobile App,No,Rajpura,Rajpura,3.0,813,0,0
501511,133334,2026-08-26,20:27:00,1019.61,Fuel,ONLINE,POS Terminal,No,Chennai,Chennai,1.2,468,2,0
505115,123830,2026-06-01,20:33:00,1817.03,Grocery,POS,POS Terminal,No,Pune,Pune,0.3,3489,3,0
505550,175408,2026-02-19,16:55:00,2873.45,Grocery,POS,ATM Machine,No,Bengaluru,Bengaluru,3.3,959,1,0
504202,174710,2026-06-10,04:12:00,3408.83,Fuel,ONLINE,Web Browser,No,Pune,Pune,10.4,247,3,0
504568,170377,2026-04-26,12:29:00,6635.33,Pharmacy,UPI,ATM Machine,No,Chennai,Chennai,14.2,1870,1,0
500267,144703,2026-01-12,07:29:00,2083.01,Pharmacy,UPI,POS Terminal,Yes,Hyderabad,Hyderabad,7.1,1698,1,0
502689,163806,2026-06-07,08:15:00,4086.23,Utility Bill,ONLINE,POS Terminal,No,Pune,Pune,5.0,3729,2,0
505463,170755,2026-06-15,00:31:00,5808.69,Pharmacy,POS,USSD,No,Pune,Pune,0.2,123,0,0
502112,167472,2026-04-28,09:55:00,4838.99,Jewellery,POS,USSD,Yes,Rajpura,Rajpura,8.0,707,1,0
502944,118790,2026-03-29,19:06:00,544.16,Jewellery,ATM,USSD,Yes,Bengaluru,Bengaluru,9.2,794,4,0
501910,194000,2026-07-31,17:16:00,7342.46,Dining,ONLINE,USSD,Yes,Mumbai,Mumbai,11.1,1403,2,0
503106,130296,2026-08-09,07:19:00,15733.49,E-commerce,POS,USSD,No,Mumbai,Mumbai,9.7,3287,1,0
503904,101205,2026-08-19,14:02:00,1805.46,Electronics,ONLINE,ATM Machine,Yes,Ahmedabad,Ahmedabad,8.8,2812,1,0
503952,121957,2026-03-01,21:26:00,7909.83,Electronics,NEFT,USSD,Yes,Kolkata,Kolkata,9.3,3625,2,0
504237,194476,2026-02-13,05:15:00,658.74,Fuel,ONLINE,Mobile App,Yes,Jaipur,Jaipur,11.0,3500,2,0
503571,179951,2026-05-07,20:36:00,2042.79,Utility Bill,ONLINE,Web Browser,Yes,Jaipur,Jaipur,8.5,741,2,0
504824,197458,2026-04-09,12:27:00,4832.93,Electronics,ONLINE,ATM Machine,No,Ahmedabad,Ahmedabad,3.7,1061,2,0
503218,142995,2026-03-23,07:44:00,643.68,Jewellery,ATM,Web Browser,No,Delhi,Delhi,10.2,3485,1,0
501785,172725,2026-03-06,23:47:00,5060.22,E-commerce,ONLINE,Web Browser,No,Kolkata,Kolkata,4.6,3734,2,0
501238,112386,2026-07-23,05:43:00,2230.15,Dining,ATM,POS Terminal,Yes,Chennai,Chennai,7.8,3521,0,0
504992,152213,2026-02-25,12:36:00,4075.58,Pharmacy,ONLINE,USSD,Yes,Bengaluru,Bengaluru,9.6,3123,1,0
504701,188830,2026-07-09,16:50:00,4307.1,Pharmacy,UPI,Mobile App,Yes,Kolkata,Kolkata,5.1,3711,2,0
504201,167844,2026-01-01,18:13:00,1213.0,Grocery,UPI,ATM Machine,No,Bengaluru,Bengaluru,9.5,3627,3,0
504866,158617,2026-01-17,21:41:00,6666.97,Pharmacy,POS,ATM Machine,No,Hyderabad,Hyderabad,2.2,1027,2,0
505921,114647,2026-01-08,09:54:00,323.86,Utility Bill,POS,Mobile App,No,Rajpura,Rajpura,12.8,507,0,0
502187,130537,2026-08-04,11:12:00,1570.73,Utility Bill,POS,POS Terminal,Yes,Kolkata,Kolkata,6.8,420,2,0
503448,156351,2026-05-06,09:43:00,616.05,Electronics,NEFT,Mobile App,Yes,Hyderabad,Hyderabad,6.0,306,5,0
500909,137115,2026-08-10,06:04:00,1045.41,Grocery,UPI,ATM Machine,No,Delhi,Delhi,13.5,1296,1,0
504319,185178,2026-05-02,06:31:00,419.02,Grocery,UPI,ATM Machine,Yes,Mumbai,Mumbai,0.8,354,3,0
501304,189562,2026-01-22,23:09:00,1929.03,ATM Withdrawal,POS,Mobile App,Yes,Bengaluru,Bengaluru,1.5,2040,0,0
505602,199821,2026-04-24,04:18:00,3294.4,Utility Bill,POS,POS Terminal,Yes,Kolkata,Kolkata,9.3,992,1,0
501628,158463,2026-04-29,02:30:00,2471.41,Utility Bill,UPI,POS Terminal,Yes,Mumbai,Mumbai,0.1,2307,2,0
501523,119135,2026-07-11,06:13:00,3726.85,Grocery,ONLINE,USSD,Yes,Kolkata,Kolkata,11.7,1698,3,0
500836,177676,2026-07-25,04:06:00,1315.25,Travel,ONLINE,Web Browser,No,Ahmedabad,Ahmedabad,1.6,3641,1,0
500359,109092,2026-06-02,23:55:00,2207.91,Fuel,ONLINE,Mobile App,No,Mumbai,Mumbai,0.7,1822,0,0
500139,134749,2026-05-03,14:47:00,603.28,Utility Bill,ONLINE,Mobile App,Yes,Mumbai,Mumbai,13.3,1340,1,0
500300,102161,2026-04-27,17:04:00,3009.49,Travel,POS,ATM Machine,No,Delhi,Delhi,0.8,2353,2,0
501557,189669,2026-01-10,04:32:00,3187.02,ATM Withdrawal,ONLINE,USSD,No,Rajpura,Rajpura,5.4,3371,0,0
501004,188639,2026-06-17,07:11:00,1206.7,ATM Withdrawal,NEFT,Web Browser,Yes,Pune,Pune,2.0,3751,4,0
500383,194772,2026-03-02,05:48:00,1024.18,Fuel,UPI,Web Browser,No,Hyderabad,Hyderabad,3.1,3696,2,0
504195,156454,2026-04-21,20:03:00,5588.33,Electronics,POS,Mobile App,Yes,Jaipur,Jaipur,11.6,826,1,0
500762,155298,2026-06-06,16:07:00,1615.28,Travel,UPI,Web Browser,Yes,Bengaluru,Bengaluru,9.6,2119,1,0
505722,141442,2026-06-14,05:55:00,1712.91,Pharmacy,POS,POS Terminal,No,Hyderabad,Hyderabad,11.0,3605,3,0
502955,127691,2026-02-01,10:16:00,1552.02,Utility Bill,UPI,USSD,No,Rajpura,Rajpura,3.7,3693,2,0
504175,140050,2026-05-02,05:53:00,6412.7,Travel,POS,USSD,Yes,Jaipur,Jaipur,10.3,571,1,0
504848,109693,2026-01-28,23:14:00,4527.73,ATM Withdrawal,UPI,ATM Machine,Yes,Mumbai,Mumbai,2.1,304,3,0
504440,131471,2026-04-23,19:03:00,3304.83,E-commerce,POS,Web Browser,Yes,Delhi,Delhi,11.6,3008,0,0
501403,129969,2026-03-13,07:32:00,1173.52,Utility Bill,ATM,Web Browser,Yes,Mumbai,Mumbai,5.6,2699,1,0
502938,172189,2026-08-27,18:48:00,3003.41,Utility Bill,NEFT,Mobile App,Yes,Jaipur,Jaipur,2.4,110,0,0
505844,100748,2026-05-19,17:16:00,1464.63,Electronics,UPI,ATM Machine,No,Mumbai,Mumbai,1.3,3269,4,0
501933,183429,2026-01-08,05:10:00,3853.01,Pharmacy,UPI,POS Terminal,No,Kolkata,Kolkata,3.8,271,4,0
503211,196032,2026-03-24,00:57:00,1946.68,Dining,ONLINE,ATM Machine,Yes,Ahmedabad,Ahmedabad,5.7,1452,2,0
502898,162598,2026-06-30,11:30:00,5965.5,ATM Withdrawal,UPI,Web Browser,No,Pune,Pune,10.7,3125,3,0
505568,135140,2026-08-05,06:47:00,5364.75,Fuel,UPI,POS Terminal,Yes,Rajpura,Rajpura,7.9,354,0,0
505144,155757,2026-05-24,22:10:00,4441.19,Grocery,ONLINE,USSD,No,Mumbai,Mumbai,14.8,266,1,0
502828,194337,2026-01-24,14:09:00,4505.13,E-commerce,ATM,ATM Machine,No,Delhi,Delhi,2.3,2093,2,0
503871,104584,2026-03-06,01:51:00,4799.37,Electronics,POS,Mobile App,Yes,Hyderabad,Hyderabad,5.2,2679,3,0
502756,187140,2026-05-17,22:01:00,6459.95,Fuel,UPI,Mobile App,No,Delhi,Delhi,3.4,1275,1,0
500059,174336,2026-03-15,03:39:00,81964.92,Jewellery,ATM,Web Browser,No,Hyderabad,Ahmedabad,1468.1,5,6,1
500077,133019,2026-01-01,17:41:00,8475.1,Jewellery,POS,Mobile App,Yes,Chennai,Chennai,13.5,786,2,0
500797,196830,2026-02-09,00:31:00,2465.18,Pharmacy,NEFT,Web Browser,Yes,Mumbai,Mumbai,3.0,2138,1,0
502417,161917,2026-05-14,21:47:00,2651.2,Travel,ONLINE,ATM Machine,Yes,Pune,Pune,8.2,2953,3,0
502986,164817,2026-02-04,18:27:00,3216.76,ATM Withdrawal,ATM,ATM Machine,No,Jaipur,Jaipur,14.0,2938,2,0
504388,105884,2026-07-18,22:14:00,5908.21,Pharmacy,POS,Web Browser,Yes,Hyderabad,Hyderabad,1.6,1270,0,0
500786,158825,2026-01-12,07:04:00,683.17,E-commerce,ATM,Mobile App,Yes,Jaipur,Jaipur,0.4,1926,2,0
505018,153240,2026-02-09,22:55:00,2171.57,Travel,ATM,Mobile App,Yes,Ahmedabad,Ahmedabad,10.8,3817,1,0
505068,101648,2026-03-13,22:42:00,2948.2,Pharmacy,POS,POS Terminal,Yes,Chennai,Chennai,1.9,1455,1,0
502218,199859,2026-06-27,08:14:00,1981.39,Fuel,ONLINE,ATM Machine,Yes,Jaipur,Jaipur,3.1,1723,1,0
505322,184068,2026-02-17,06:50:00,4195.16,Jewellery,ONLINE,Web Browser,Yes,Kolkata,Kolkata,0.6,3507,2,0
505029,170209,2026-08-24,13:06:00,1037.33,Electronics,ATM,POS Terminal,No,Chennai,Chennai,11.1,3138,0,0
503505,101730,2026-02-11,04:40:00,1014.52,Jewellery,ONLINE,ATM Machine,No,Mumbai,Mumbai,11.8,2199,0,0
503371,198677,2026-08-24,16:36:00,2132.92,Travel,POS,ATM Machine,Yes,Chennai,Chennai,8.3,1687,1,0
503983,167090,2026-08-01,19:44:00,8604.93,Fuel,ATM,POS Terminal,No,Chennai,Chennai,13.0,625,2,0
504629,176218,2026-03-15,23:24:00,5659.38,Travel,ATM,ATM Machine,No,Hyderabad,Hyderabad,3.8,2126,0,0
500911,177024,2026-07-15,23:06:00,4298.89,Utility Bill,ATM,ATM Machine,Yes,Hyderabad,Hyderabad,14.4,839,0,0
502173,199673,2026-04-19,04:22:00,1645.85,Fuel,ATM,Mobile App,Yes,Bengaluru,Bengaluru,7.9,3001,0,0
503519,167800,2026-04-22,10:57:00,2073.88,Electronics,UPI,Mobile App,Yes,Jaipur,Jaipur,7.0,3988,2,0
502310,153383,2026-08-02,19:58:00,9035.76,ATM Withdrawal,UPI,Mobile App,Yes,Pune,Pune,0.2,952,0,0
505895,153861,2026-07-03,21:47:00,8661.77,Pharmacy,ATM,POS Terminal,Yes,Pune,Pune,5.7,1374,0,0
501258,155545,2026-01-20,04:29:00,988.76,Utility Bill,UPI,ATM Machine,Yes,Hyderabad,Hyderabad,8.6,2630,0,0
502496,120538,2026-06-08,04:27:00,1709.09,Fuel,ONLINE,ATM Machine,Yes,Mumbai,Mumbai,2.0,2015,0,0
504521,199036,2026-07-10,12:43:00,8033.12,Travel,POS,Mobile App,Yes,Jaipur,Jaipur,5.4,3799,2,0
504886,120240,2026-06-12,07:10:00,3284.02,ATM Withdrawal,ATM,Web Browser,No,Rajpura,Rajpura,10.4,3596,0,0
501179,125916,2026-03-22,07:49:00,3181.95,Pharmacy,UPI,USSD,Yes,Chennai,Chennai,9.7,3946,2,0
504514,190978,2026-01-18,18:37:00,5904.26,Fuel,UPI,ATM Machine,Yes,Hyderabad,Hyderabad,3.0,1484,2,0
504899,175685,2026-04-13,07:09:00,1559.65,Electronics,ONLINE,Mobile App,No,Hyderabad,Hyderabad,7.9,848,3,0
500443,113221,2026-03-07,21:46:00,574.77,E-commerce,NEFT,Mobile App,No,Pune,Pune,4.3,889,1,0
504067,185427,2026-02-27,19:33:00,3640.08,Grocery,ATM,Web Browser,Yes,Ahmedabad,Ahmedabad,5.6,3588,2,0
503039,128268,2026-08-14,14:35:00,6452.41,Fuel,ATM,POS Terminal,No,Jaipur,Jaipur,5.3,838,5,0
503297,121175,2026-08-23,23:08:00,1608.96,E-commerce,UPI,Web Browser,No,Ahmedabad,Ahmedabad,11.0,3389,0,0
505720,145789,2026-07-20,04:31:00,3307.05,E-commerce,ONLINE,Mobile App,Yes,Bengaluru,Bengaluru,14.5,2938,2,0
501055,107660,2026-08-11,06:48:00,6874.83,Dining,POS,USSD,No,Jaipur,Jaipur,1.4,620,1,0
502670,196357,2026-06-26,09:46:00,3099.78,Pharmacy,ONLINE,POS Terminal,Yes,Rajpura,Rajpura,3.0,971,3,0
504597,189903,2026-01-31,22:38:00,1170.67,Pharmacy,POS,USSD,Yes,Chennai,Chennai,1.1,1224,1,0
503045,118905,2026-04-26,00:20:00,2106.05,Travel,ONLINE,Web Browser,No,Jaipur,Jaipur,0.3,441,1,0
501416,178381,2026-07-30,12:00:00,2295.67,Travel,ONLINE,POS Terminal,No,Hyderabad,Hyderabad,4.5,1157,0,0
502373,106112,2026-02-03,23:37:00,3118.97,E-commerce,POS,ATM Machine,No,Hyderabad,Hyderabad,7.5,800,5,0
504238,110824,2026-08-17,09:36:00,3112.15,Grocery,ATM,POS Terminal,Yes,Mumbai,Mumbai,11.6,3085,1,0
502973,159787,2026-04-21,09:36:00,1187.47,Fuel,ATM,Web Browser,No,Chennai,Chennai,7.1,1518,1,0
505429,102973,2026-08-26,09:46:00,8988.24,Fuel,POS,POS Terminal,No,Hyderabad,Hyderabad,5.6,3432,2,0
503686,115428,2026-01-09,01:02:00,2257.9,Dining,POS,Web Browser,No,Bengaluru,Bengaluru,3.8,548,0,0
505167,172210,2026-03-29,07:52:00,3919.98,ATM Withdrawal,UPI,ATM Machine,No,Jaipur,Jaipur,0.6,3428,1,0
501503,122901,2026-06-28,10:55:00,3057.94,Travel,UPI,Mobile App,No,Ahmedabad,Ahmedabad,7.7,2422,2,0
504703,154403,2026-02-17,09:19:00,2106.23,Pharmacy,UPI,POS Terminal,No,Kolkata,Kolkata,11.2,3838,3,0
503845,192094,2026-06-07,20:48:00,2413.93,Fuel,POS,Mobile App,Yes,Ahmedabad,Ahmedabad,2.2,2449,0,0
502012,139292,2026-08-07,10:30:00,1626.29,Travel,ONLINE,Web Browser,Yes,Delhi,Delhi,11.9,643,0,0
505257,105974,2026-06-30,06:43:00,3247.67,Pharmacy,UPI,Web Browser,Yes,Mumbai,Mumbai,2.1,2091,0,0
505256,134259,2026-03-06,21:40:00,3417.2,Dining,UPI,USSD,Yes,Ahmedabad,Ahmedabad,4.0,2868,2,0
502860,144606,2026-01-18,22:48:00,2246.08,Pharmacy,ONLINE,USSD,Yes,Mumbai,Mumbai,10.3,1702,2,0
504837,113698,2026-08-05,04:59:00,2257.01,ATM Withdrawal,ONLINE,ATM Machine,No,Kolkata,Kolkata,6.6,1302,2,0
504532,112656,2026-04-09,23:29:00,1829.99,Pharmacy,POS,ATM Machine,Yes,Mumbai,Mumbai,10.9,1392,4,0
503465,135982,2026-06-23,03:16:00,6978.33,Pharmacy,ATM,USSD,No,Delhi,Delhi,5.2,2285,0,0
500007,108594,2026-06-04,13:24:00,2628.45,Pharmacy,ONLINE,ATM Machine,Yes,Bengaluru,Bengaluru,13.9,3590,2,0
502488,105526,2026-02-11,19:38:00,610.97,E-commerce,ONLINE,Mobile App,Yes,Pune,Pune,11.9,2047,2,0
500679,152322,2026-07-13,14:26:00,550.17,ATM Withdrawal,ATM,ATM Machine,No,Jaipur,Jaipur,0.5,986,2,0
501944,103005,2026-01-28,08:15:00,1271.46,Jewellery,NEFT,USSD,Yes,Delhi,Delhi,3.1,3552,1,0
503717,134978,2026-04-28,17:29:00,6104.63,Dining,ONLINE,Web Browser,Yes,Hyderabad,Hyderabad,1.2,3548,0,0
505521,143680,2026-08-05,21:52:00,4132.91,Fuel,UPI,Web Browser,No,Hyderabad,Hyderabad,10.0,2052,0,0
505644,167913,2026-01-30,09:14:00,1609.81,Grocery,UPI,POS Terminal,No,Rajpura,Rajpura,12.0,526,1,0
504603,131312,2026-08-28,03:20:00,1992.32,Dining,POS,USSD,Yes,Mumbai,Mumbai,15.0,3660,1,0
502608,125741,2026-08-22,11:26:00,1225.29,Utility Bill,ATM,USSD,No,Chennai,Chennai,10.3,1738,1,0
504661,183213,2026-05-31,07:41:00,1539.27,Jewellery,POS,POS Terminal,Yes,Pune,Pune,11.4,1248,0,0
505517,152566,2026-05-02,03:14:00,2157.11,Jewellery,UPI,POS Terminal,No,Kolkata,Kolkata,5.5,2875,0,0
501065,175306,2026-03-27,07:32:00,2015.5,Jewellery,POS,ATM Machine,No,Mumbai,Mumbai,3.2,486,2,0
503733,140197,2026-08-14,07:00:00,423.53,Travel,ONLINE,POS Terminal,Yes,Pune,Pune,8.7,2754,0,0
502243,145258,2026-03-22,15:42:00,2280.48,Pharmacy,UPI,Mobile App,Yes,Pune,Pune,14.1,3772,6,0
501475,197713,2026-03-17,21:19:00,1401.31,Grocery,POS,ATM Machine,Yes,Kolkata,Kolkata,13.8,1318,1,0
504450,189836,2026-08-06,06:44:00,2426.63,Utility Bill,UPI,Web Browser,Yes,Kolkata,Kolkata,4.6,1110,4,0
501890,144985,2026-02-06,09:09:00,7367.12,Fuel,ATM,ATM Machine,Yes,Delhi,Delhi,3.7,2719,1,0
503455,181824,2026-01-24,08:26:00,1923.59,Dining,UPI,Mobile App,Yes,Bengaluru,Bengaluru,15.0,52,1,0
502022,165994,2026-08-12,01:02:00,3344.81,Utility Bill,UPI,ATM Machine,Yes,Bengaluru,Bengaluru,7.4,2741,5,0
505236,186087,2026-05-10,16:04:00,6052.11,Pharmacy,ONLINE,POS Terminal,No,Rajpura,Rajpura,3.9,2608,2,0
504271,179884,2026-03-21,01:44:00,8497.19,ATM Withdrawal,ONLINE,Mobile App,No,Jaipur,Jaipur,13.1,3639,0,0
502659,167204,2026-03-22,15:55:00,8172.84,E-commerce,POS,Web Browser,No,Bengaluru,Bengaluru,14.9,1909,2,0
502468,167952,2026-07-16,08:32:00,3775.98,Utility Bill,ONLINE,POS Terminal,Yes,Ahmedabad,Ahmedabad,9.9,3431,1,0
502752,108073,2026-01-29,03:44:00,1708.55,Dining,ATM,Web Browser,No,Delhi,Delhi,14.1,2666,0,0
501131,140680,2026-08-24,22:07:00,2228.49,Utility Bill,ATM,POS Terminal,Yes,Chennai,Chennai,5.8,3178,1,0
501462,131256,2026-01-03,19:52:00,1292.59,Grocery,ONLINE,Mobile App,Yes,Jaipur,Jaipur,1.2,3421,2,0
504690,172373,2026-06-16,19:42:00,2581.55,Pharmacy,POS,Web Browser,Yes,Bengaluru,Bengaluru,9.5,2417,2,0
505431,196150,2026-08-27,16:20:00,402.94,ATM Withdrawal,ONLINE,USSD,No,Kolkata,Kolkata,11.4,2117,2,0
503309,102360,2026-07-11,11:10:00,943.49,Electronics,UPI,Web Browser,No,Hyderabad,Hyderabad,3.6,478,0,0
503261,143528,2026-04-21,11:34:00,1606.44,Fuel,POS,Web Browser,No,Chennai,Chennai,5.1,1776,3,0
500223,170402,2026-04-12,12:22:00,3469.36,Travel,ONLINE,ATM Machine,Yes,Hyderabad,Hyderabad,2.6,1697,1,0
505563,178722,2026-07-01,09:34:00,5949.46,Pharmacy,POS,USSD,No,Rajpura,Rajpura,13.1,3359,0,0
500049,167791,2026-04-16,03:29:00,9450.9,Pharmacy,UPI,Web Browser,No,Delhi,Delhi,12.2,784,1,0
500574,104925,2026-08-11,12:49:00,118.81,Utility Bill,POS,ATM Machine,Yes,Hyderabad,Hyderabad,3.1,536,0,0
501237,100471,2026-01-27,22:04:00,7346.07,E-commerce,UPI,POS Terminal,Yes,Rajpura,Rajpura,10.0,2958,3,0
504562,142021,2026-05-20,11:26:00,3050.14,Travel,POS,POS Terminal,No,Jaipur,Jaipur,2.3,372,0,0
505816,105760,2026-06-04,19:03:00,2950.1,Electronics,ATM,USSD,No,Hyderabad,Hyderabad,0.0,2120,3,0
505390,187484,2026-03-26,19:36:00,2608.42,Travel,ONLINE,Mobile App,Yes,Ahmedabad,Ahmedabad,2.5,1348,1,0
502283,132374,2026-01-01,08:00:00,5707.61,Travel,ATM,Mobile App,Yes,Mumbai,Mumbai,1.0,2062,2,0
504079,124711,2026-05-19,05:01:00,4281.17,Pharmacy,POS,USSD,Yes,Jaipur,Jaipur,2.8,1641,3,0
500268,134686,2026-05-09,06:51:00,425.31,Pharmacy,ONLINE,POS Terminal,Yes,Mumbai,Mumbai,8.4,3881,1,0
501105,130634,2026-02-12,02:20:00,2661.22,Grocery,POS,USSD,No,Bengaluru,Bengaluru,0.2,3897,1,0
502306,109609,2026-08-18,23:21:00,3043.48,Fuel,UPI,USSD,Yes,Kolkata,Kolkata,0.7,336,0,0
505118,146371,2026-04-20,07:51:00,4252.53,Travel,UPI,USSD,Yes,Hyderabad,Hyderabad,13.7,2581,2,0
501936,116357,2026-04-22,04:50:00,6119.95,Fuel,ONLINE,Mobile App,Yes,Delhi,Delhi,7.3,930,2,0
500387,106764,2026-02-24,12:08:00,4900.65,Jewellery,ATM,Mobile App,No,Kolkata,Kolkata,2.4,1176,1,0
501702,117843,2026-04-12,23:55:00,1812.52,ATM Withdrawal,ONLINE,Mobile App,Yes,Kolkata,Kolkata,1.0,3873,2,0
501629,138817,2026-02-17,17:33:00,1094.36,Dining,POS,ATM Machine,No,Ahmedabad,Ahmedabad,1.4,2230,0,0
503201,192132,2026-07-06,00:51:00,781.38,Jewellery,POS,Mobile App,Yes,Kolkata,Kolkata,11.4,1513,3,0
502715,150646,2026-01-25,06:11:00,1124.6,Travel,UPI,Web Browser,Yes,Pune,Pune,13.8,3793,2,0
502987,174760,2026-05-14,02:59:00,1180.73,Fuel,ATM,POS Terminal,No,Ahmedabad,Ahmedabad,6.4,2783,0,0
505246,122833,2026-01-31,04:25:00,12943.33,Travel,UPI,USSD,Yes,Hyderabad,Hyderabad,13.7,1317,0,0
501564,191878,2026-06-18,09:54:00,1293.92,Electronics,UPI,POS Terminal,No,Rajpura,Rajpura,13.5,2055,3,0
503579,188146,2026-04-13,23:10:00,290.7,Grocery,UPI,USSD,No,Delhi,Delhi,4.4,2023,2,0
500210,177874,2026-07-07,10:04:00,1761.09,ATM Withdrawal,POS,Web Browser,No,Hyderabad,Hyderabad,4.4,3990,0,0
500910,109172,2026-02-10,16:48:00,3524.61,Pharmacy,UPI,Mobile App,No,Jaipur,Jaipur,9.2,1418,1,0
501290,162189,2026-04-19,15:52:00,1349.62,Grocery,UPI,ATM Machine,Yes,Mumbai,Mumbai,14.6,3523,1,0
504529,144371,2026-04-19,22:02:00,3556.41,Dining,UPI,POS Terminal,Yes,Rajpura,Rajpura,10.1,3730,0,0
504953,178276,2026-01-28,12:59:00,4536.18,Dining,POS,Mobile App,No,Jaipur,Jaipur,12.6,1020,1,0
501843,181648,2026-04-13,03:26:00,1742.78,Pharmacy,ATM,Mobile App,Yes,Rajpura,Rajpura,10.1,1208,2,0
502498,188835,2026-08-11,18:23:00,2055.11,Grocery,ONLINE,ATM Machine,No,Delhi,Delhi,3.7,1220,1,0
504905,118923,2026-06-06,23:32:00,4229.94,Pharmacy,ONLINE,USSD,Yes,Pune,Pune,9.7,2955,0,0
504324,126521,2026-04-12,13:48:00,1730.96,Jewellery,POS,ATM Machine,No,Jaipur,Jaipur,11.5,3886,2,0
500959,197145,2026-04-17,10:46:00,1532.03,Dining,UPI,Mobile App,No,Bengaluru,Bengaluru,11.0,2796,4,0
501794,127811,2026-04-21,22:04:00,1408.03,Electronics,ONLINE,Web Browser,Yes,Chennai,Chennai,7.0,3266,3,0
502089,130502,2026-01-19,02:37:00,2264.43,Grocery,ATM,Web Browser,Yes,Ahmedabad,Ahmedabad,4.3,3678,2,0
502703,122120,2026-04-14,14:12:00,2145.71,Utility Bill,ONLINE,Mobile App,Yes,Jaipur,Jaipur,13.2,725,4,0
500332,137091,2026-02-17,15:45:00,3701.9,Grocery,ONLINE,ATM Machine,Yes,Hyderabad,Hyderabad,14.0,3458,2,0
503335,107247,2026-08-24,11:33:00,6012.34,E-commerce,ONLINE,Mobile App,Yes,Jaipur,Jaipur,4.3,887,0,0
503882,122358,2026-07-04,04:47:00,1862.25,E-commerce,POS,Mobile App,No,Rajpura,Rajpura,2.0,1167,2,0
502992,163793,2026-02-12,17:22:00,3700.55,Pharmacy,UPI,Web Browser,No,Chennai,Chennai,8.2,2536,2,0
502460,105948,2026-07-03,23:52:00,982.91,Fuel,ONLINE,Mobile App,No,Bengaluru,Bengaluru,0.8,3096,4,0
501775,176891,2026-08-25,01:19:00,28282.92,Fuel,POS,USSD,No,Mumbai,Delhi,669.3,14,12,1
504212,171035,2026-08-16,00:55:00,6772.27,Pharmacy,UPI,USSD,No,Kolkata,Kolkata,6.5,2025,0,0
504742,146222,2026-07-22,10:52:00,2295.74,Grocery,ATM,POS Terminal,Yes,Delhi,Delhi,2.2,1085,0,0
504152,153071,2026-04-15,11:26:00,5693.98,Grocery,POS,Mobile App,No,Bengaluru,Bengaluru,1.8,3596,3,0
504164,120018,2026-08-03,14:52:00,2152.31,Electronics,POS,POS Terminal,Yes,Pune,Pune,4.2,1437,1,0
504868,132246,2026-07-21,15:18:00,5424.5,Electronics,ATM,Web Browser,Yes,Kolkata,Kolkata,1.9,420,1,0
505291,182848,2026-07-30,23:09:00,6669.72,Utility Bill,UPI,POS Terminal,No,Rajpura,Rajpura,7.8,421,1,0
503766,140831,2026-03-21,07:23:00,8174.09,Dining,UPI,USSD,No,Hyderabad,Hyderabad,1.1,1883,0,0
502810,118936,2026-03-13,13:02:00,1785.01,Grocery,UPI,ATM Machine,No,Kolkata,Kolkata,0.3,2785,2,0
501711,134263,2026-08-13,00:14:00,1619.7,Grocery,POS,POS Terminal,No,Bengaluru,Bengaluru,2.1,3244,2,0
504580,129230,2026-08-24,05:00:00,3913.73,Utility Bill,ATM,ATM Machine,No,Hyderabad,Hyderabad,7.5,2323,0,0
502479,107779,2026-02-06,08:55:00,5989.86,Grocery,POS,Web Browser,Yes,Hyderabad,Hyderabad,13.3,1292,1,0
501367,130180,2026-02-01,00:48:00,3282.05,Utility Bill,ONLINE,Web Browser,No,Ahmedabad,Ahmedabad,12.9,256,1,0
500174,172235,2026-07-10,11:02:00,2816.16,Pharmacy,POS,POS Terminal,No,Bengaluru,Bengaluru,6.5,3914,3,0
504040,137371,2026-03-24,15:23:00,3055.59,Travel,UPI,ATM Machine,Yes,Kolkata,Kolkata,7.3,692,0,0
504420,110415,2026-03-24,23:19:00,3290.96,Electronics,ONLINE,POS Terminal,No,Mumbai,Mumbai,9.4,3525,1,0
504444,145244,2026-04-06,18:18:00,4255.04,Jewellery,ONLINE,Web Browser,No,Pune,Pune,12.1,1329,1,0
505998,197923,2026-07-20,23:41:00,4701.16,Electronics,POS,ATM Machine,Yes,Rajpura,Rajpura,12.3,2275,2,0
504093,136645,2026-07-13,23:16:00,39486.08,ATM Withdrawal,POS,USSD,No,Pune,Jaipur,726.1,17,4,1
501953,107175,2026-05-04,16:56:00,980.75,Utility Bill,ONLINE,USSD,Yes,Jaipur,Jaipur,8.9,3547,1,0
503204,114005,2026-05-10,01:44:00,85583.39,Grocery,NEFT,USSD,No,Jaipur,Rajpura,480.6,51,7,1
503354,172836,2026-08-19,06:01:00,5340.89,Jewellery,ATM,USSD,Yes,Delhi,Delhi,9.3,2223,1,0
502037,158365,2026-01-01,12:24:00,1302.17,ATM Withdrawal,ATM,USSD,No,Jaipur,Jaipur,13.0,2084,2,0
503879,117825,2026-05-31,23:04:00,85899.35,Pharmacy,ATM,Web Browser,No,Pune,Chennai,930.3,23,8,1
504401,137902,2026-08-01,07:06:00,3751.45,Travel,ONLINE,USSD,Yes,Jaipur,Jaipur,3.4,2451,1,0
500019,183973,2026-03-10,02:27:00,3549.89,Fuel,ONLINE,Mobile App,Yes,Ahmedabad,Ahmedabad,5.8,326,1,0
500001,108925,2026-06-16,12:43:00,683.95,Grocery,UPI,USSD,No,Hyderabad,Hyderabad,12.6,3591,1,0
502175,123317,2026-04-21,05:45:00,6403.82,Jewellery,UPI,ATM Machine,No,Mumbai,Mumbai,10.0,833,3,0
501357,134406,2026-05-11,15:18:00,1427.31,Travel,POS,Web Browser,Yes,Bengaluru,Bengaluru,13.1,3049,1,0
505577,157838,2026-02-08,10:21:00,1105.17,Jewellery,ATM,POS Terminal,No,Ahmedabad,Ahmedabad,3.6,1445,0,0
504773,117727,2026-02-15,03:49:00,2550.57,E-commerce,ONLINE,USSD,No,Hyderabad,Hyderabad,10.0,3524,4,0
503160,187290,2026-08-04,08:41:00,2814.34,ATM Withdrawal,POS,Web Browser,No,Mumbai,Mumbai,5.9,1203,2,0
500397,104478,2026-06-04,23:08:00,2861.71,Pharmacy,POS,ATM Machine,No,Pune,Pune,2.8,3230,1,0
504508,158751,2026-08-13,20:52:00,3069.09,Travel,POS,USSD,No,Rajpura,Rajpura,1.8,1947,3,0
503342,130579,2026-04-15,23:18:00,630.76,Dining,POS,Mobile App,Yes,Delhi,Delhi,8.7,2490,1,0
501813,167348,2026-06-02,06:18:00,1007.37,ATM Withdrawal,ATM,ATM Machine,Yes,Mumbai,Mumbai,8.2,1706,1,0
503897,153258,2026-03-30,21:59:00,398.23,ATM Withdrawal,UPI,Web Browser,No,Rajpura,Rajpura,15.0,3453,1,0
504350,135192,2026-01-01,01:43:00,3240.46,Jewellery,POS,Mobile App,Yes,Delhi,Delhi,11.9,3433,2,0
500817,104321,2026-07-08,10:23:00,1561.08,Jewellery,ATM,POS Terminal,No,Rajpura,Rajpura,8.6,1198,2,0
501573,173413,2026-04-08,02:06:00,4118.1,Dining,POS,ATM Machine,No,Delhi,Delhi,1.4,3732,1,0
504731,191862,2026-08-25,21:56:00,2480.64,Dining,ONLINE,Web Browser,No,Kolkata,Kolkata,4.9,830,1,0
501801,105704,2026-01-25,09:05:00,2645.89,Utility Bill,ONLINE,Web Browser,No,Kolkata,Kolkata,0.8,1055,4,0
502281,176308,2026-07-27,14:19:00,7554.28,Dining,NEFT,Web Browser,Yes,Hyderabad,Hyderabad,12.2,2852,2,0
505059,125499,2026-07-29,17:53:00,4701.2,ATM Withdrawal,NEFT,Web Browser,No,Rajpura,Rajpura,9.3,1878,1,0
505822,170438,2026-04-26,08:21:00,1735.54,Utility Bill,ONLINE,ATM Machine,No,Jaipur,Jaipur,1.5,3173,0,0
503911,123262,2026-01-10,19:29:00,8567.63,Travel,ONLINE,Mobile App,No,Jaipur,Jaipur,10.4,2603,1,0
504536,150767,2026-03-01,04:42:00,738.79,Travel,POS,Mobile App,Yes,Rajpura,Rajpura,4.0,2891,2,0
505145,164032,2026-04-04,22:17:00,2486.66,Electronics,UPI,POS Terminal,No,Hyderabad,Hyderabad,7.6,1245,4,0
505172,144525,2026-03-28,08:39:00,4658.67,Utility Bill,POS,POS Terminal,Yes,Jaipur,Jaipur,8.0,2100,0,0
504396,151223,2026-06-08,05:13:00,5333.64,Grocery,ATM,Mobile App,No,Chennai,Chennai,7.8,2781,1,0
504156,118648,2026-03-04,05:08:00,1751.62,Fuel,ONLINE,ATM Machine,Yes,Delhi,Delhi,4.2,3592,2,0
503836,172480,2026-03-05,01:10:00,2427.52,Grocery,ONLINE,Mobile App,No,Hyderabad,Hyderabad,1.4,501,1,0
504732,168520,2026-02-10,23:41:00,3677.05,Travel,POS,Web Browser,No,Jaipur,Jaipur,3.9,327,3,0
505338,157481,2026-05-18,14:56:00,4255.28,Grocery,UPI,USSD,No,Hyderabad,Hyderabad,9.9,2285,1,0
500555,198441,2026-05-13,15:53:00,620.35,Grocery,ONLINE,USSD,Yes,Kolkata,Kolkata,14.5,2911,0,0
501160,134058,2026-05-19,23:01:00,708.61,E-commerce,ONLINE,ATM Machine,No,Mumbai,Mumbai,12.9,304,2,0
501214,186679,2026-02-22,20:08:00,1942.97,ATM Withdrawal,ATM,Mobile App,Yes,Delhi,Delhi,8.9,2309,1,0
504033,126885,2026-04-22,12:40:00,2984.01,ATM Withdrawal,UPI,Mobile App,No,Rajpura,Rajpura,6.9,3884,1,0
501326,118759,2026-07-15,03:19:00,1817.92,Pharmacy,UPI,Mobile App,Yes,Rajpura,Rajpura,12.7,3768,3,0
503287,113101,2026-07-25,14:32:00,1569.99,Utility Bill,ONLINE,POS Terminal,No,Kolkata,Kolkata,9.0,498,2,0
503350,178083,2026-01-27,11:24:00,4051.22,Pharmacy,NEFT,Mobile App,No,Hyderabad,Hyderabad,14.2,2540,2,0
500701,152054,2026-01-22,21:19:00,8706.82,Fuel,POS,POS Terminal,Yes,Rajpura,Rajpura,3.8,3945,0,0
502701,188119,2026-01-07,01:09:00,13020.12,Travel,ONLINE,ATM Machine,No,Pune,Pune,8.6,1904,0,0
504294,109434,2026-04-26,06:56:00,6838.1,E-commerce,POS,Web Browser,Yes,Rajpura,Rajpura,11.1,538,0,0
501848,154235,2026-08-13,12:05:00,3185.43,Jewellery,UPI,Mobile App,Yes,Jaipur,Jaipur,6.8,982,1,0
504407,125874,2026-02-27,16:13:00,3522.53,Grocery,ONLINE,Mobile App,Yes,Bengaluru,Bengaluru,11.8,1360,4,0
505635,176656,2026-02-27,13:48:00,3095.88,Travel,ONLINE,USSD,No,Kolkata,Kolkata,1.3,609,1,0
501456,106552,2026-02-15,06:39:00,777.64,Electronics,POS,USSD,Yes,Bengaluru,Bengaluru,12.4,252,3,0
505020,164231,2026-04-20,20:21:00,5019.32,Utility Bill,NEFT,Web Browser,No,Pune,Pune,13.6,1485,2,0
505615,157144,2026-02-03,00:29:00,5010.36,Dining,NEFT,ATM Machine,Yes,Ahmedabad,Ahmedabad,9.0,3818,3,0
504128,109070,2026-04-10,18:36:00,6355.44,Dining,POS,USSD,No,Delhi,Delhi,7.2,674,1,0
500867,181979,2026-03-05,14:23:00,2577.41,Fuel,ONLINE,Mobile App,No,Kolkata,Kolkata,10.2,2810,2,0
504585,158674,2026-02-05,02:40:00,3281.14,Utility Bill,ONLINE,USSD,Yes,Pune,Pune,7.2,2702,2,0
501645,113202,2026-03-01,07:39:00,3261.37,Dining,POS,ATM Machine,Yes,Delhi,Delhi,4.3,2435,2,0
502141,170079,2026-07-21,02:37:00,1555.11,Jewellery,POS,POS Terminal,Yes,Ahmedabad,Ahmedabad,2.6,3695,1,0
504464,165545,2026-06-27,05:28:00,546.25,Utility Bill,NEFT,POS Terminal,No,Jaipur,Jaipur,12.6,241,1,0
503989,141514,2026-04-14,12:31:00,2912.72,Fuel,UPI,Web Browser,No,Hyderabad,Hyderabad,2.9,2598,1,0
501491,127483,2026-06-03,08:40:00,3877.71,Grocery,ATM,Mobile App,No,Delhi,Delhi,14.3,1531,0,0
505507,110835,2026-06-01,04:34:00,1512.4,Jewellery,POS,ATM Machine,Yes,Chennai,Chennai,12.3,2909,1,0
500730,165785,2026-07-19,20:41:00,2467.26,ATM Withdrawal,ATM,Mobile App,Yes,Chennai,Chennai,11.9,822,1,0
504583,116495,2026-03-14,22:10:00,1748.79,E-commerce,ONLINE,ATM Machine,Yes,Hyderabad,Hyderabad,7.6,3910,3,0
503500,144952,2026-05-22,19:11:00,2825.29,Dining,ONLINE,ATM Machine,Yes,Delhi,Delhi,4.3,846,2,0
502621,184717,2026-07-03,05:47:00,5113.42,E-commerce,UPI,USSD,Yes,Mumbai,Mumbai,3.3,790,0,0
501937,137259,2026-06-02,03:51:00,32720.71,Electronics,POS,Web Browser,No,Delhi,Kolkata,1726.8,47,1,1
505552,135472,2026-04-22,04:54:00,7603.99,Pharmacy,ONLINE,Web Browser,Yes,Mumbai,Mumbai,7.1,3361,0,0
501111,163208,2026-06-15,03:40:00,7963.24,Pharmacy,POS,POS Terminal,Yes,Mumbai,Mumbai,4.1,1907,2,0
504871,119049,2026-04-27,15:06:00,3612.2,Fuel,ONLINE,USSD,No,Bengaluru,Bengaluru,5.7,3606,1,0
505361,165424,2026-06-23,04:04:00,4032.88,Electronics,POS,POS Terminal,No,Rajpura,Rajpura,4.0,457,0,0
502395,147315,2026-07-01,09:51:00,4517.21,Pharmacy,POS,POS Terminal,No,Mumbai,Mumbai,4.7,383,2,0
501186,130753,2026-01-05,10:39:00,3884.0,Electronics,ONLINE,Web Browser,No,Rajpura,Rajpura,0.1,1807,2,0
502008,115232,2026-05-19,12:28:00,3730.09,Dining,UPI,Mobile App,No,Bengaluru,Bengaluru,14.3,2382,2,0
500194,136180,2026-06-17,01:31:00,6052.8,Fuel,UPI,Web Browser,No,Mumbai,Mumbai,6.6,1487,0,0
501516,193037,2026-05-15,21:43:00,2803.6,Electronics,ATM,POS Terminal,Yes,Bengaluru,Bengaluru,0.5,2287,1,0
500579,189353,2026-03-22,08:09:00,2851.68,Utility Bill,UPI,Mobile App,No,Delhi,Delhi,6.7,3278,1,0
502124,161005,2026-06-23,00:57:00,3605.33,Grocery,ATM,ATM Machine,No,Ahmedabad,Ahmedabad,11.2,1056,2,0
501430,178758,2026-04-06,15:58:00,917.58,Pharmacy,ATM,ATM Machine,No,Rajpura,Rajpura,14.6,960,5,0
500772,198662,2026-07-05,21:36:00,9332.0,Fuel,NEFT,Web Browser,Yes,Hyderabad,Hyderabad,5.8,1699,0,0
505206,145674,2026-05-09,07:51:00,2100.27,Jewellery,ATM,Mobile App,Yes,Rajpura,Rajpura,6.0,1307,2,0
502396,165606,2026-03-01,21:39:00,2841.52,ATM Withdrawal,POS,Mobile App,Yes,Rajpura,Rajpura,4.3,1777,1,0
505942,146912,2026-05-22,20:34:00,234.53,Jewellery,ATM,POS Terminal,No,Chennai,Chennai,4.8,619,2,0
501847,140255,2026-07-25,11:16:00,2993.57,Utility Bill,POS,USSD,Yes,Bengaluru,Bengaluru,4.7,2425,0,0
500132,155357,2026-06-18,20:35:00,4227.77,Grocery,ATM,Mobile App,No,Kolkata,Kolkata,13.1,2125,3,0
500179,190061,2026-03-14,00:48:00,1348.25,Jewellery,ATM,USSD,Yes,Ahmedabad,Ahmedabad,7.2,2502,1,0
505356,181782,2026-02-23,16:16:00,2542.97,Pharmacy,ONLINE,ATM Machine,Yes,Pune,Pune,9.0,2407,2,0
503810,160656,2026-02-23,22:01:00,3375.0,Travel,ONLINE,ATM Machine,Yes,Ahmedabad,Ahmedabad,2.9,3831,5,0
503568,115353,2026-08-12,05:03:00,1162.13,Fuel,POS,USSD,No,Pune,Pune,8.0,345,2,0
502581,138368,2026-04-19,04:34:00,528.92,Fuel,UPI,Web Browser,No,Delhi,Delhi,12.4,3600,0,0
503626,174289,2026-01-09,16:15:00,2044.64,Pharmacy,UPI,Web Browser,No,Pune,Pune,0.4,977,1,0
504280,184426,2026-06-07,07:55:00,10130.68,Dining,ATM,USSD,Yes,Rajpura,Rajpura,13.5,1234,3,0
502653,198837,2026-05-16,03:12:00,4585.09,Electronics,UPI,Mobile App,Yes,Chennai,Chennai,9.1,1064,1,0
504220,116285,2026-07-08,14:06:00,1348.51,Fuel,ONLINE,ATM Machine,No,Rajpura,Rajpura,13.1,212,0,0
502074,134235,2026-04-03,02:11:00,6523.3,Jewellery,ONLINE,Mobile App,No,Chennai,Chennai,6.3,3535,1,0
500659,107246,2026-01-08,01:04:00,5319.7,Electronics,UPI,POS Terminal,No,Pune,Pune,11.1,3344,1,0
501897,157430,2026-03-23,23:34:00,794.21,Electronics,ATM,ATM Machine,Yes,Rajpura,Rajpura,7.8,682,2,0
504412,158762,2026-05-29,08:34:00,7486.67,Dining,ONLINE,USSD,No,Mumbai,Mumbai,14.7,1062,0,0
504064,151512,2026-02-19,08:01:00,7170.77,Utility Bill,UPI,POS Terminal,No,Rajpura,Rajpura,1.5,2761,0,0
502222,115396,2026-01-22,22:37:00,1730.0,E-commerce,NEFT,Web Browser,No,Chennai,Chennai,11.5,3129,0,0
505679,161126,2026-07-31,13:13:00,6798.66,Utility Bill,POS,POS Terminal,No,Mumbai,Mumbai,12.0,1098,2,0
502380,165353,2026-06-15,15:30:00,441.2,Travel,POS,Mobile App,No,Kolkata,Kolkata,13.6,3280,4,0
501448,195976,2026-08-23,23:35:00,43486.81,Jewellery,POS,USSD,No,Kolkata,Bengaluru,1267.9,26,9,1
500343,162185,2026-07-14,09:39:00,3362.47,Grocery,POS,ATM Machine,Yes,Hyderabad,Hyderabad,9.0,2558,0,0
503605,192473,2026-03-22,21:10:00,1970.01,Fuel,ONLINE,USSD,No,Kolkata,Kolkata,9.2,1332,3,0
502528,194863,2026-02-14,00:10:00,3183.93,Jewellery,POS,Mobile App,No,Rajpura,Rajpura,8.8,3926,2,0
500728,108770,2026-02-17,03:20:00,4569.4,Travel,ONLINE,Mobile App,Yes,Pune,Pune,2.3,3304,1,0
504723,194499,2026-02-07,16:39:00,5527.68,Dining,ONLINE,POS Terminal,Yes,Mumbai,Mumbai,6.6,3665,1,0
500977,109524,2026-07-26,11:43:00,3326.6,Pharmacy,ONLINE,ATM Machine,Yes,Ahmedabad,Ahmedabad,5.1,3656,2,0
503615,175127,2026-06-08,16:17:00,3238.3,ATM Withdrawal,UPI,USSD,No,Ahmedabad,Ahmedabad,14.5,2478,2,0
504162,139183,2026-08-01,05:38:00,4644.23,ATM Withdrawal,ONLINE,ATM Machine,Yes,Delhi,Delhi,5.5,3172,2,0
501929,118250,2026-06-16,16:36:00,7400.8,Fuel,UPI,POS Terminal,No,Jaipur,Jaipur,6.7,3484,1,0
503695,139528,2026-06-20,22:08:00,2405.56,Utility Bill,UPI,Web Browser,No,Delhi,Delhi,6.7,2292,3,0
505761,112487,2026-06-07,03:47:00,4576.41,Electronics,ONLINE,Mobile App,Yes,Bengaluru,Bengaluru,2.2,2802,1,0
501300,102960,2026-02-03,07:29:00,4257.26,Dining,NEFT,USSD,No,Rajpura,Rajpura,14.3,3758,1,0
504174,135521,2026-07-05,22:43:00,354.36,ATM Withdrawal,POS,POS Terminal,Yes,Ahmedabad,Ahmedabad,0.6,3339,1,0
505509,156724,2026-05-15,07:43:00,10507.51,Jewellery,ATM,ATM Machine,No,Delhi,Delhi,11.5,2050,1,0
500661,117671,2026-05-24,10:45:00,4933.32,ATM Withdrawal,ATM,ATM Machine,Yes,Mumbai,Mumbai,0.5,3440,1,0
501791,158420,2026-02-20,02:44:00,1691.05,Utility Bill,ONLINE,Mobile App,No,Jaipur,Jaipur,5.0,391,2,0
503391,125296,2026-01-15,07:02:00,1702.61,Travel,UPI,Mobile App,No,Chennai,Chennai,5.6,761,2,0
505934,132045,2026-04-29,12:35:00,1040.81,Pharmacy,ONLINE,ATM Machine,No,Ahmedabad,Ahmedabad,11.9,581,1,0
500494,160310,2026-01-22,22:32:00,5105.86,Pharmacy,POS,Web Browser,Yes,Chennai,Chennai,12.7,3980,3,0
503113,105903,2026-05-05,00:52:00,1469.92,E-commerce,ATM,ATM Machine,No,Rajpura,Rajpura,11.4,2687,0,0
504903,162142,2026-04-18,14:13:00,1976.77,Jewellery,ONLINE,Web Browser,Yes,Mumbai,Mumbai,3.9,3648,4,0
504990,188365,2026-07-11,14:41:00,748.54,ATM Withdrawal,UPI,POS Terminal,No,Rajpura,Rajpura,6.0,3315,1,0
503827,133713,2026-08-10,10:35:00,3408.17,Jewellery,POS,ATM Machine,Yes,Jaipur,Jaipur,10.2,361,2,0
505523,175109,2026-07-21,00:25:00,6221.32,Jewellery,UPI,Mobile App,Yes,Bengaluru,Bengaluru,10.9,2747,1,0
501086,183906,2026-05-23,22:06:00,3115.26,Pharmacy,POS,USSD,No,Rajpura,Rajpura,11.3,2209,1,0
505663,186046,2026-07-02,15:08:00,649.61,E-commerce,UPI,USSD,No,Rajpura,Rajpura,6.4,717,0,0
500695,109010,2026-05-16,01:04:00,77269.82,Dining,ONLINE,USSD,No,Delhi,Rajpura,1301.3,53,7,1
501279,100812,2026-04-04,01:25:00,3280.97,Fuel,UPI,POS Terminal,Yes,Pune,Pune,0.6,1871,1,0
504230,101412,2026-04-11,03:24:00,867.86,Dining,ONLINE,Mobile App,Yes,Delhi,Delhi,11.9,2983,1,0
501622,100400,2026-06-27,04:23:00,3413.44,Travel,ONLINE,POS Terminal,Yes,Pune,Pune,9.4,625,1,0
502562,135866,2026-05-24,17:49:00,5233.89,Dining,UPI,USSD,Yes,Mumbai,Mumbai,14.0,3841,0,0
505185,178020,2026-06-20,09:06:00,6312.02,Travel,UPI,Web Browser,No,Bengaluru,Bengaluru,2.2,2656,3,0
504009,118968,2026-04-17,19:03:00,1860.58,Grocery,UPI,ATM Machine,Yes,Jaipur,Jaipur,9.5,2058,1,0
500068,137045,2026-01-24,00:53:00,39189.96,Pharmacy,UPI,USSD,No,Bengaluru,Chennai,917.5,39,4,1
504083,176966,2026-01-28,00:27:00,2428.49,Jewellery,POS,Web Browser,Yes,Bengaluru,Bengaluru,1.0,616,5,0
504838,106737,2026-08-01,08:35:00,428.15,Utility Bill,POS,Mobile App,Yes,Delhi,Delhi,14.3,1421,2,0
502270,197665,2026-05-12,07:06:00,6786.78,Pharmacy,POS,Web Browser,Yes,Pune,Pune,9.3,1100,1,0
505780,112685,2026-01-17,00:09:00,1375.83,Travel,POS,Mobile App,No,Mumbai,Mumbai,14.5,3067,1,0
504726,147764,2026-08-27,11:49:00,1790.72,Electronics,UPI,USSD,Yes,Delhi,Delhi,8.4,3301,2,0
500821,102396,2026-06-26,10:57:00,3722.92,Utility Bill,ATM,POS Terminal,Yes,Ahmedabad,Ahmedabad,4.9,2166,1,0
501227,110725,2026-07-26,03:49:00,3708.53,ATM Withdrawal,UPI,ATM Machine,Yes,Mumbai,Mumbai,8.8,2601,2,0
501678,141926,2026-07-02,23:32:00,1987.18,Utility Bill,ONLINE,USSD,Yes,Ahmedabad,Ahmedabad,2.7,1622,2,0
505012,105332,2026-04-13,06:21:00,7512.72,Electronics,ONLINE,ATM Machine,Yes,Chennai,Chennai,12.5,1676,2,0
502868,115752,2026-07-29,03:35:00,4763.16,Jewellery,POS,Web Browser,Yes,Chennai,Chennai,8.7,478,4,0
504377,131653,2026-03-05,11:08:00,3149.04,Dining,ONLINE,Web Browser,No,Kolkata,Kolkata,6.2,3529,3,0
502368,117628,2026-05-14,08:15:00,3969.21,ATM Withdrawal,UPI,POS Terminal,Yes,Kolkata,Kolkata,9.0,2569,1,0
504026,113978,2026-05-20,16:15:00,4980.66,Jewellery,UPI,Mobile App,Yes,Bengaluru,Bengaluru,14.8,1391,1,0
503922,161473,2026-07-02,03:55:00,4234.31,Grocery,ATM,POS Terminal,No,Delhi,Delhi,6.2,1058,1,0
502513,196261,2026-03-21,07:51:00,1258.45,Pharmacy,UPI,Mobile App,Yes,Rajpura,Rajpura,5.9,858,4,0
502724,137673,2026-04-30,18:17:00,2457.18,Grocery,POS,USSD,No,Pune,Pune,10.3,2239,2,0
505344,144727,2026-01-08,08:46:00,2782.47,Dining,UPI,Web Browser,No,Rajpura,Rajpura,10.1,2007,1,0
505452,174080,2026-01-13,22:49:00,7516.72,E-commerce,UPI,Mobile App,No,Rajpura,Rajpura,0.9,2973,3,0
504435,158447,2026-04-04,03:33:00,1582.24,Dining,POS,ATM Machine,No,Hyderabad,Hyderabad,1.5,2120,0,0
501144,184447,2026-03-17,12:42:00,8115.93,Dining,POS,USSD,Yes,Delhi,Delhi,6.9,1265,1,0
500398,119643,2026-04-03,11:11:00,2133.79,Fuel,ATM,ATM Machine,No,Delhi,Delhi,3.0,1714,1,0
500787,103237,2026-06-23,04:00:00,10269.4,Dining,POS,POS Terminal,Yes,Hyderabad,Hyderabad,8.5,2231,1,0
505140,199554,2026-05-17,19:23:00,2413.98,Fuel,ONLINE,USSD,Yes,Rajpura,Rajpura,4.4,449,2,0
503908,197019,2026-02-24,01:48:00,3670.86,Electronics,ONLINE,Mobile App,No,Jaipur,Jaipur,2.8,3419,3,0
501399,102501,2026-05-20,13:45:00,2918.55,Dining,UPI,Web Browser,No,Mumbai,Mumbai,9.9,907,1,0
501660,125366,2026-06-30,17:50:00,3392.3,Travel,ONLINE,Mobile App,Yes,Hyderabad,Hyderabad,14.0,2834,0,0
505736,155692,2026-07-24,09:53:00,1811.08,Travel,POS,POS Terminal,No,Ahmedabad,Ahmedabad,8.8,1667,2,0
502221,194589,2026-07-04,22:01:00,5696.42,ATM Withdrawal,ONLINE,Web Browser,No,Chennai,Chennai,9.1,1958,3,0
500980,156576,2026-07-03,23:40:00,5735.9,Jewellery,ONLINE,Web Browser,Yes,Kolkata,Kolkata,6.6,3571,2,0
502332,186079,2026-03-04,10:58:00,2333.9,Utility Bill,NEFT,ATM Machine,Yes,Bengaluru,Bengaluru,6.8,2667,1,0
501299,153060,2026-02-26,04:53:00,3474.45,Electronics,ONLINE,Web Browser,No,Kolkata,Kolkata,13.9,3021,1,0
505420,164279,2026-04-13,08:39:00,2655.35,Dining,UPI,Mobile App,No,Hyderabad,Hyderabad,9.8,2495,0,0
500083,116068,2026-06-13,19:34:00,601.17,Grocery,UPI,POS Terminal,No,Bengaluru,Bengaluru,5.9,2849,0,0
503101,136549,2026-02-12,07:34:00,1167.89,Travel,ONLINE,Web Browser,Yes,Bengaluru,Bengaluru,0.8,3684,1,0
503482,124569,2026-01-22,12:08:00,3588.0,Electronics,POS,USSD,Yes,Bengaluru,Bengaluru,2.4,3201,0,0
504794,125761,2026-06-02,13:50:00,1014.01,Grocery,UPI,POS Terminal,No,Chennai,Chennai,6.5,3436,3,0
504530,156200,2026-01-28,15:27:00,9369.27,Pharmacy,POS,USSD,Yes,Chennai,Chennai,7.7,101,0,0
505634,128253,2026-07-20,20:25:00,10144.4,Jewellery,UPI,Mobile App,Yes,Chennai,Chennai,6.5,3046,0,0
505515,150866,2026-04-22,11:57:00,2289.18,Fuel,NEFT,ATM Machine,Yes,Ahmedabad,Ahmedabad,9.9,663,2,0
502904,161778,2026-07-30,07:08:00,4674.88,Travel,POS,USSD,Yes,Jaipur,Jaipur,1.8,2183,3,0
500424,158111,2026-08-11,17:39:00,5859.64,Jewellery,ONLINE,Web Browser,Yes,Ahmedabad,Ahmedabad,13.0,2535,4,0
505190,129538,2026-07-19,01:41:00,1239.4,Dining,UPI,POS Terminal,Yes,Pune,Pune,7.8,3797,1,0
501905,133308,2026-05-10,09:04:00,1706.16,Dining,POS,Mobile App,Yes,Hyderabad,Hyderabad,8.8,2602,1,0
505440,155648,2026-07-18,00:43:00,5568.33,Jewellery,UPI,Web Browser,No,Delhi,Delhi,11.4,3940,5,0
501531,108981,2026-02-01,19:27:00,4689.46,Utility Bill,POS,USSD,No,Kolkata,Kolkata,8.9,1568,1,0
504252,138516,2026-02-23,08:57:00,3240.29,Grocery,POS,USSD,No,Mumbai,Mumbai,14.5,2210,2,0
501566,145445,2026-05-11,14:55:00,3531.42,Utility Bill,ONLINE,Mobile App,No,Jaipur,Jaipur,4.9,2933,3,0
504437,165479,2026-02-08,02:07:00,5319.75,ATM Withdrawal,POS,Web Browser,No,Chennai,Chennai,13.1,224,2,0
502750,197440,2026-05-16,13:32:00,1697.61,Utility Bill,UPI,Web Browser,Yes,Pune,Pune,11.1,2927,0,0
500840,191062,2026-04-16,16:28:00,1084.34,Jewellery,UPI,USSD,No,Rajpura,Rajpura,1.9,3158,2,0
500501,111372,2026-07-29,04:18:00,5647.17,Pharmacy,ONLINE,ATM Machine,Yes,Delhi,Delhi,2.8,3025,0,0
504031,154171,2026-05-25,14:12:00,588.84,ATM Withdrawal,ATM,Mobile App,No,Mumbai,Mumbai,3.2,2583,3,0
500142,121458,2026-04-27,22:07:00,1900.06,Utility Bill,UPI,USSD,No,Mumbai,Mumbai,5.8,3161,1,0
504950,136822,2026-02-02,06:20:00,4241.1,Travel,ATM,ATM Machine,No,Hyderabad,Hyderabad,4.3,558,3,0
502606,175553,2026-04-09,21:18:00,3501.35,Utility Bill,POS,POS Terminal,No,Jaipur,Jaipur,2.9,1677,2,0
503506,188804,2026-01-01,21:09:00,5219.69,Fuel,POS,POS Terminal,Yes,Chennai,Chennai,11.7,3169,2,0
501378,175195,2026-06-02,13:19:00,2198.63,Travel,UPI,Web Browser,No,Hyderabad,Hyderabad,5.1,1590,0,0
504662,158043,2026-04-29,04:47:00,728.03,Electronics,POS,Web Browser,Yes,Ahmedabad,Ahmedabad,9.9,3883,0,0
505883,183335,2026-03-11,03:21:00,8405.82,Pharmacy,UPI,Web Browser,No,Hyderabad,Hyderabad,7.3,1397,0,0
502267,168338,2026-03-24,23:49:00,2050.78,Jewellery,ONLINE,Mobile App,Yes,Delhi,Delhi,2.5,2070,0,0
505341,130178,2026-02-07,02:15:00,4685.45,Electronics,ONLINE,ATM Machine,Yes,Jaipur,Jaipur,10.2,2192,4,0
501139,174365,2026-05-09,18:40:00,2107.97,ATM Withdrawal,ONLINE,Mobile App,Yes,Bengaluru,Bengaluru,13.4,1175,1,0
502258,165268,2026-07-07,20:14:00,3591.13,ATM Withdrawal,POS,USSD,No,Ahmedabad,Ahmedabad,3.0,3168,1,0
505446,135527,2026-08-09,17:24:00,7752.66,Pharmacy,ATM,Mobile App,No,Mumbai,Mumbai,8.6,339,1,0
501788,109892,2026-06-16,05:58:00,1982.88,Electronics,UPI,ATM Machine,No,Pune,Pune,8.7,172,3,0
503635,196091,2026-07-27,08:46:00,6630.48,Jewellery,UPI,POS Terminal,Yes,Ahmedabad,Ahmedabad,10.9,2916,0,0
500551,180309,2026-08-12,09:49:00,998.94,Pharmacy,UPI,USSD,Yes,Pune,Pune,6.5,641,2,0
500460,110589,2026-07-31,10:48:00,5354.48,E-commerce,POS,POS Terminal,Yes,Kolkata,Kolkata,9.4,1556,1,0
502020,146109,2026-08-25,12:52:00,3879.24,E-commerce,UPI,ATM Machine,No,Hyderabad,Hyderabad,10.2,1506,0,0
500949,194784,2026-02-07,13:24:00,6514.08,ATM Withdrawal,UPI,Mobile App,No,Chennai,Chennai,14.0,1471,5,0
503219,198599,2026-05-13,18:35:00,4307.38,Grocery,POS,Mobile App,No,Delhi,Delhi,5.8,3901,0,0
505181,185467,2026-06-27,00:25:00,5831.68,Fuel,ONLINE,USSD,No,Kolkata,Kolkata,12.2,2276,1,0
500533,115585,2026-08-20,04:23:00,2052.94,Jewellery,POS,POS Terminal,No,Kolkata,Kolkata,10.9,2491,2,0
503843,155953,2026-02-24,16:36:00,4094.69,Grocery,UPI,Web Browser,Yes,Hyderabad,Hyderabad,5.5,1117,1,0
501830,198235,2026-08-12,17:11:00,2839.06,ATM Withdrawal,ONLINE,USSD,Yes,Chennai,Chennai,7.8,2421,0,0
505407,173053,2026-02-11,16:11:00,1138.08,E-commerce,POS,POS Terminal,Yes,Jaipur,Jaipur,14.1,2270,1,0
505293,133933,2026-02-26,15:20:00,3349.22,E-commerce,ATM,ATM Machine,No,Ahmedabad,Ahmedabad,12.7,2463,1,0
504775,126953,2026-04-18,07:04:00,925.58,ATM Withdrawal,UPI,Mobile App,Yes,Delhi,Delhi,1.0,2086,1,0
503915,178933,2026-01-11,10:26:00,3716.5,Dining,POS,ATM Machine,No,Pune,Pune,14.4,2564,4,0
501603,182594,2026-02-12,07:32:00,2584.87,Pharmacy,ATM,USSD,No,Bengaluru,Bengaluru,15.0,239,1,0
502239,147617,2026-04-19,07:20:00,2847.14,Grocery,POS,POS Terminal,Yes,Pune,Pune,13.7,569,0,0
500640,194884,2026-05-21,14:14:00,538.5,Fuel,UPI,USSD,No,Chennai,Chennai,3.7,2094,2,0
505793,139193,2026-03-31,13:21:00,1237.06,Utility Bill,UPI,Web Browser,Yes,Bengaluru,Bengaluru,7.4,742,2,0
500968,131703,2026-07-22,17:16:00,4870.15,Utility Bill,ONLINE,Mobile App,Yes,Pune,Pune,14.1,1565,0,0
505067,152660,2026-01-27,23:55:00,1572.35,Fuel,POS,ATM Machine,Yes,Rajpura,Rajpura,2.3,2969,2,0
503712,199881,2026-01-12,19:14:00,6998.42,Pharmacy,ONLINE,POS Terminal,Yes,Jaipur,Jaipur,10.9,3746,0,0
501684,179602,2026-05-09,23:50:00,3698.33,Fuel,ONLINE,USSD,No,Hyderabad,Hyderabad,11.0,3058,1,0
502249,115572,2026-07-20,05:54:00,1238.78,Jewellery,POS,Mobile App,No,Kolkata,Kolkata,0.2,2233,1,0
504127,104585,2026-01-14,15:44:00,6501.86,Pharmacy,UPI,Mobile App,No,Kolkata,Kolkata,7.1,151,3,0
505360,134137,2026-02-20,16:38:00,686.95,Grocery,ATM,USSD,Yes,Chennai,Chennai,9.5,3790,0,0
503320,103511,2026-04-30,13:35:00,4081.19,Pharmacy,POS,POS Terminal,Yes,Delhi,Delhi,5.0,932,1,0
500156,166190,2026-06-18,08:08:00,1607.67,Pharmacy,ONLINE,USSD,Yes,Hyderabad,Hyderabad,0.8,2256,5,0
502296,180138,2026-08-26,18:26:00,395.37,ATM Withdrawal,ATM,USSD,Yes,Hyderabad,Hyderabad,14.7,3688,1,0
503524,116913,2026-02-19,22:09:00,15398.93,Electronics,UPI,ATM Machine,No,Pune,Pune,4.9,2638,1,0
504020,168752,2026-02-24,14:29:00,2081.11,Utility Bill,POS,POS Terminal,Yes,Kolkata,Kolkata,8.2,3893,1,0
501090,114159,2026-01-18,06:49:00,3043.85,Fuel,NEFT,Mobile App,Yes,Chennai,Chennai,10.8,3787,1,0
505820,156780,2026-02-26,05:15:00,5216.53,Dining,UPI,Web Browser,No,Delhi,Delhi,2.9,1794,1,0
502320,177461,2026-08-03,03:00:00,6613.59,Utility Bill,POS,USSD,Yes,Bengaluru,Bengaluru,12.1,2734,1,0
502941,171510,2026-04-06,08:08:00,2354.73,Pharmacy,ATM,Web Browser,Yes,Mumbai,Mumbai,6.2,496,3,0
505072,158559,2026-04-26,05:43:00,1795.41,ATM Withdrawal,ONLINE,USSD,Yes,Ahmedabad,Ahmedabad,1.2,1364,3,0
500289,154223,2026-01-26,06:41:00,2663.12,Jewellery,POS,ATM Machine,No,Bengaluru,Bengaluru,1.9,1286,1,0
500931,153754,2026-06-04,09:24:00,1721.84,Grocery,UPI,ATM Machine,Yes,Mumbai,Mumbai,3.7,279,3,0
502910,134789,2026-03-23,22:20:00,2156.46,ATM Withdrawal,ONLINE,USSD,Yes,Pune,Pune,5.0,1072,2,0
503586,121662,2026-03-16,04:20:00,2176.73,ATM Withdrawal,ONLINE,Web Browser,No,Bengaluru,Bengaluru,5.7,1019,1,0
504657,113313,2026-06-22,15:41:00,5256.69,Travel,ONLINE,ATM Machine,Yes,Ahmedabad,Ahmedabad,6.5,3455,0,0
502885,135533,2026-02-16,20:13:00,3027.94,Grocery,ONLINE,ATM Machine,Yes,Delhi,Delhi,10.4,1527,1,0
503378,158263,2026-08-14,08:43:00,6439.32,Utility Bill,UPI,Mobile App,Yes,Rajpura,Rajpura,13.6,3561,1,0
503221,169952,2026-01-11,10:14:00,7669.0,Grocery,ATM,POS Terminal,No,Delhi,Delhi,6.9,3242,2,0
505445,125170,2026-03-13,20:20:00,2604.22,Electronics,ONLINE,Mobile App,Yes,Chennai,Chennai,13.1,2094,3,0
503001,177802,2026-04-04,03:48:00,33168.25,Utility Bill,UPI,Web Browser,No,Kolkata,Bengaluru,1754.9,53,6,1
504451,185895,2026-03-07,09:14:00,5014.54,Dining,ATM,ATM Machine,Yes,Ahmedabad,Ahmedabad,12.3,1220,3,0
504698,108892,2026-04-16,00:10:00,1405.61,Fuel,ATM,Web Browser,No,Hyderabad,Hyderabad,13.1,1059,3,0
505914,115702,2026-03-25,16:25:00,2977.82,Electronics,POS,ATM Machine,No,Pune,Pune,6.8,113,1,0
500943,191370,2026-08-13,01:44:00,5047.75,E-commerce,POS,Web Browser,Yes,Pune,Pune,13.7,573,1,0
502355,130916,2026-03-30,21:43:00,2993.99,Electronics,UPI,ATM Machine,No,Pune,Pune,3.5,3019,0,0
504765,143670,2026-05-16,06:52:00,4318.42,Grocery,ATM,ATM Machine,Yes,Jaipur,Jaipur,0.7,1259,2,0
505789,154409,2026-01-08,04:34:00,4707.25,Grocery,ONLINE,POS Terminal,No,Pune,Pune,4.2,393,3,0
505594,162675,2026-03-31,11:23:00,6476.93,Electronics,ONLINE,USSD,No,Pune,Pune,8.2,671,0,0
501699,135964,2026-08-14,09:16:00,7149.23,Grocery,ONLINE,ATM Machine,No,Mumbai,Mumbai,8.4,1364,5,0
505647,187851,2026-08-14,18:22:00,3883.95,Travel,NEFT,POS Terminal,No,Delhi,Delhi,5.7,415,2,0
505200,195065,2026-04-25,09:55:00,729.12,Jewellery,NEFT,ATM Machine,Yes,Kolkata,Kolkata,12.8,3127,1,0
503546,163090,2026-07-18,02:49:00,1402.32,Travel,UPI,USSD,Yes,Mumbai,Mumbai,10.6,723,3,0
503978,198730,2026-06-13,15:50:00,732.28,Jewellery,POS,Mobile App,No,Jaipur,Jaipur,2.8,1478,0,0
505015,165895,2026-05-09,02:23:00,66494.06,Utility Bill,NEFT,USSD,No,Kolkata,Delhi,1305.4,59,9,1
500986,165242,2026-05-26,20:55:00,2596.26,Travel,POS,ATM Machine,No,Rajpura,Rajpura,2.6,2280,1,0
505279,137772,2026-07-11,04:49:00,2304.87,Pharmacy,UPI,ATM Machine,Yes,Delhi,Delhi,8.2,2343,2,0
503108,136926,2026-08-08,05:14:00,860.07,Grocery,POS,Mobile App,No,Hyderabad,Hyderabad,2.3,287,2,0
503166,140165,2026-08-26,03:25:00,3627.88,Pharmacy,UPI,POS Terminal,No,Rajpura,Rajpura,12.0,1443,2,0
505727,152352,2026-07-21,09:51:00,1109.7,E-commerce,ATM,POS Terminal,No,Hyderabad,Hyderabad,5.6,3151,2,0
500982,170199,2026-06-11,06:39:00,4950.92,ATM Withdrawal,UPI,POS Terminal,No,Pune,Pune,0.6,1878,1,0
503529,118739,2026-05-04,11:06:00,4196.02,E-commerce,POS,Web Browser,Yes,Delhi,Delhi,11.1,1876,0,0
503263,174105,2026-05-05,13:35:00,323.71,Utility Bill,NEFT,ATM Machine,No,Delhi,Delhi,0.6,573,1,0
505459,151775,2026-06-18,22:15:00,1694.83,Fuel,ONLINE,USSD,Yes,Chennai,Chennai,12.2,636,1,0
503443,145545,2026-04-06,13:20:00,5378.65,Electronics,ONLINE,Web Browser,Yes,Delhi,Delhi,11.5,1630,0,0
504297,144549,2026-03-20,03:33:00,1778.27,Travel,ATM,Mobile App,No,Pune,Pune,2.1,391,1,0
503498,147612,2026-07-24,06:58:00,1981.38,Fuel,ONLINE,USSD,Yes,Rajpura,Rajpura,13.5,631,1,0
501474,120701,2026-01-18,00:50:00,3383.33,Dining,POS,ATM Machine,Yes,Bengaluru,Bengaluru,4.3,3266,3,0
504551,104486,2026-08-24,15:44:00,711.34,Utility Bill,UPI,Mobile App,Yes,Jaipur,Jaipur,9.1,1248,2,0
504458,103875,2026-07-26,22:24:00,4823.51,Electronics,ATM,Mobile App,Yes,Delhi,Delhi,2.8,2198,2,0
504883,149846,2026-02-01,16:09:00,6644.63,Pharmacy,POS,Web Browser,Yes,Chennai,Chennai,7.1,397,1,0
501458,145511,2026-02-20,18:29:00,1960.91,Jewellery,UPI,POS Terminal,No,Ahmedabad,Ahmedabad,14.2,743,2,0
501396,159073,2026-02-16,02:30:00,1480.11,ATM Withdrawal,POS,POS Terminal,Yes,Mumbai,Mumbai,0.1,998,4,0
500265,198967,2026-02-17,07:51:00,3429.22,E-commerce,ATM,POS Terminal,Yes,Pune,Pune,6.2,2704,2,0
502749,141489,2026-08-20,07:35:00,5563.34,Fuel,ONLINE,Web Browser,Yes,Jaipur,Jaipur,11.9,3405,1,0
503394,118852,2026-04-19,07:11:00,1718.89,Dining,ONLINE,Mobile App,Yes,Kolkata,Kolkata,0.9,2854,2,0
502693,191006,2026-07-01,00:28:00,4910.87,Grocery,POS,Mobile App,Yes,Jaipur,Jaipur,13.4,1061,0,0
500930,157801,2026-08-23,13:03:00,9675.67,Pharmacy,UPI,Mobile App,Yes,Ahmedabad,Ahmedabad,3.1,1510,1,0
504221,111175,2026-02-27,13:31:00,8932.0,Grocery,ONLINE,ATM Machine,No,Chennai,Chennai,0.3,1946,1,0
505704,143131,2026-01-09,03:41:00,6146.95,Grocery,POS,ATM Machine,Yes,Rajpura,Rajpura,3.8,1836,2,0
502401,100645,2026-06-01,02:05:00,1149.84,Travel,POS,ATM Machine,No,Hyderabad,Hyderabad,4.4,2522,0,0
502179,162622,2026-01-08,23:13:00,3250.8,Grocery,ONLINE,Mobile App,Yes,Hyderabad,Hyderabad,3.5,1603,2,0
503807,110260,2026-04-19,09:02:00,2675.33,Electronics,NEFT,USSD,Yes,Rajpura,Rajpura,7.4,2719,4,0
500247,175748,2026-05-11,04:06:00,3538.72,Grocery,UPI,Mobile App,Yes,Ahmedabad,Ahmedabad,8.4,2146,5,0
501595,170209,2026-06-30,23:47:00,2760.3,Jewellery,POS,USSD,No,Kolkata,Kolkata,6.1,3795,1,0
501759,157139,2026-07-23,23:26:00,1513.3,Fuel,POS,Mobile App,Yes,Rajpura,Rajpura,3.0,1047,1,0
505837,187735,2026-01-29,04:12:00,3275.48,Pharmacy,ONLINE,Web Browser,No,Ahmedabad,Ahmedabad,13.7,1126,1,0
504055,100586,2026-07-14,21:13:00,4272.13,ATM Withdrawal,UPI,USSD,Yes,Kolkata,Kolkata,12.7,2826,0,0
500924,114512,2026-01-18,17:11:00,4471.33,E-commerce,UPI,USSD,Yes,Ahmedabad,Ahmedabad,12.8,2567,1,0
503323,178661,2026-06-04,04:07:00,3227.77,Utility Bill,ATM,POS Terminal,No,Rajpura,Rajpura,1.6,85,1,0
500269,161244,2026-05-12,06:40:00,1435.77,Electronics,NEFT,POS Terminal,No,Bengaluru,Bengaluru,5.0,3533,0,0
500670,113210,2026-07-17,17:43:00,1866.87,Jewellery,POS,Web Browser,Yes,Chennai,Chennai,4.3,2742,0,0
504257,132696,2026-08-25,05:18:00,1316.94,Fuel,UPI,POS Terminal,No,Ahmedabad,Ahmedabad,12.9,703,0,0
501911,107431,2026-06-12,00:23:00,1653.24,Travel,POS,Mobile App,No,Mumbai,Mumbai,5.5,1599,0,0
504397,129488,2026-05-11,10:49:00,1010.85,ATM Withdrawal,ONLINE,POS Terminal,Yes,Ahmedabad,Ahmedabad,0.4,3408,1,0
501153,143086,2026-04-28,04:00:00,817.31,Jewellery,POS,ATM Machine,Yes,Delhi,Delhi,0.7,3198,2,0
504919,184423,2026-06-25,16:49:00,4136.86,Fuel,POS,USSD,No,Delhi,Delhi,5.7,2724,3,0
505773,140937,2026-02-12,16:00:00,4172.06,Travel,UPI,Mobile App,Yes,Chennai,Chennai,1.4,2306,2,0
504501,169277,2026-05-06,23:26:00,44994.53,Jewellery,ONLINE,Web Browser,No,Mumbai,Delhi,1482.9,28,7,1
502697,112777,2026-03-10,13:49:00,2541.17,E-commerce,UPI,Web Browser,No,Ahmedabad,Ahmedabad,4.8,629,0,0
502592,137858,2026-01-04,01:10:00,64168.02,Electronics,POS,Web Browser,No,Kolkata,Hyderabad,1650.4,30,4,1
505073,117458,2026-06-26,19:26:00,1876.73,E-commerce,UPI,Mobile App,No,Kolkata,Kolkata,7.8,3623,2,0
501782,133947,2026-02-24,14:09:00,1368.08,Fuel,POS,USSD,No,Delhi,Delhi,12.1,701,0,0
502414,160155,2026-02-08,13:29:00,1728.78,Jewellery,UPI,POS Terminal,No,Delhi,Delhi,12.4,1395,0,0
503014,173656,2026-02-04,23:06:00,5002.25,Fuel,UPI,Web Browser,Yes,Kolkata,Kolkata,6.3,2585,0,0
505239,191389,2026-07-11,20:33:00,669.77,E-commerce,UPI,Mobile App,No,Jaipur,Jaipur,4.5,1413,0,0
502308,115352,2026-06-09,13:38:00,5338.89,ATM Withdrawal,POS,POS Terminal,No,Kolkata,Kolkata,6.7,2404,0,0
503823,154815,2026-08-17,03:07:00,3209.93,Utility Bill,ONLINE,USSD,No,Bengaluru,Bengaluru,5.1,2944,0,0
500688,159367,2026-02-16,10:43:00,2818.37,Jewellery,UPI,Web Browser,Yes,Delhi,Delhi,0.6,2353,0,0
501916,151765,2026-03-06,13:26:00,2184.82,E-commerce,POS,ATM Machine,No,Jaipur,Jaipur,10.4,2579,1,0
505646,105405,2026-03-24,15:18:00,10304.19,Electronics,POS,Web Browser,No,Ahmedabad,Ahmedabad,8.3,3299,2,0
500613,178413,2026-08-28,01:21:00,3858.38,Fuel,POS,POS Terminal,Yes,Jaipur,Jaipur,12.4,1559,1,0
503072,148111,2026-04-25,23:25:00,618.55,Electronics,POS,ATM Machine,Yes,Mumbai,Mumbai,8.7,3689,3,0
503406,135204,2026-04-25,13:15:00,906.52,Fuel,POS,USSD,Yes,Chennai,Chennai,12.4,2499,1,0
502268,172783,2026-06-28,10:02:00,4029.72,Travel,ATM,Web Browser,No,Pune,Pune,9.6,2920,3,0
505753,111940,2026-01-24,23:59:00,1621.01,Electronics,UPI,Web Browser,Yes,Pune,Pune,10.8,1737,2,0
502534,117033,2026-05-14,07:11:00,3950.97,Pharmacy,UPI,Mobile App,Yes,Kolkata,Kolkata,6.6,3541,2,0
500040,163165,2026-04-07,22:35:00,1995.04,Grocery,NEFT,Web Browser,No,Bengaluru,Bengaluru,14.9,2801,2,0
501899,174706,2026-07-28,20:11:00,3483.72,Fuel,ATM,POS Terminal,Yes,Rajpura,Rajpura,3.2,1084,1,0
501650,183623,2026-03-24,13:18:00,3073.23,Pharmacy,ONLINE,Mobile App,No,Ahmedabad,Ahmedabad,6.4,1674,3,0
503472,174606,2026-06-01,09:12:00,1460.29,Utility Bill,ATM,Mobile App,No,Ahmedabad,Ahmedabad,4.2,405,0,0
500259,117518,2026-01-15,00:06:00,3502.33,E-commerce,POS,Web Browser,No,Ahmedabad,Ahmedabad,2.5,1812,0,0
502925,142301,2026-07-19,17:06:00,3389.82,Dining,UPI,POS Terminal,No,Chennai,Chennai,1.6,3451,0,0
502435,145045,2026-07-05,21:03:00,2652.78,Utility Bill,UPI,POS Terminal,No,Chennai,Chennai,11.3,748,3,0
500848,105165,2026-02-12,18:09:00,7069.95,E-commerce,ATM,ATM Machine,No,Kolkata,Kolkata,11.7,1770,2,0
502823,112695,2026-01-31,07:46:00,2350.65,Electronics,POS,USSD,No,Hyderabad,Hyderabad,10.7,1123,4,0
504402,111867,2026-05-17,00:49:00,791.54,Grocery,POS,Mobile App,No,Bengaluru,Bengaluru,3.4,1320,1,0
505085,151957,2026-02-15,06:21:00,17621.34,E-commerce,NEFT,Mobile App,No,Mumbai,Mumbai,11.9,3272,1,0
503955,159311,2026-08-22,12:28:00,2827.07,Dining,POS,ATM Machine,Yes,Pune,Pune,9.4,2372,2,0
503642,192796,2026-06-28,15:39:00,210.7,Fuel,POS,ATM Machine,Yes,Ahmedabad,Ahmedabad,7.8,2884,2,0
501234,174997,2026-06-27,09:26:00,1921.74,Grocery,UPI,Web Browser,No,Chennai,Chennai,1.9,3873,1,0
501128,163758,2026-05-04,22:09:00,4100.89,Utility Bill,ONLINE,POS Terminal,No,Delhi,Delhi,0.9,1011,1,0
503490,171000,2026-04-28,18:05:00,2372.93,Dining,ONLINE,Web Browser,Yes,Mumbai,Mumbai,8.8,524,3,0
501968,146875,2026-02-26,18:32:00,7629.04,E-commerce,UPI,Mobile App,Yes,Bengaluru,Bengaluru,2.5,1685,0,0
500559,179264,2026-01-16,10:42:00,5563.16,Pharmacy,ONLINE,USSD,Yes,Jaipur,Jaipur,5.1,1939,1,0
500905,145892,2026-07-21,22:40:00,1892.98,Electronics,ATM,USSD,Yes,Hyderabad,Hyderabad,10.1,544,0,0
502615,110459,2026-05-28,19:29:00,1692.39,Jewellery,ONLINE,Mobile App,Yes,Delhi,Delhi,12.8,1229,2,0
500485,146300,2026-01-30,10:20:00,4431.69,ATM Withdrawal,POS,ATM Machine,Yes,Ahmedabad,Ahmedabad,1.7,2753,2,0
502212,177432,2026-08-06,01:43:00,5484.91,Utility Bill,POS,USSD,No,Mumbai,Mumbai,9.1,1358,2,0
501321,111455,2026-07-17,10:51:00,5009.3,Fuel,UPI,Mobile App,No,Bengaluru,Bengaluru,11.8,519,3,0
503333,124815,2026-03-14,19:55:00,4024.8,Utility Bill,ATM,ATM Machine,No,Hyderabad,Hyderabad,2.1,3199,0,0
502556,110328,2026-08-20,15:27:00,4350.91,Jewellery,ATM,USSD,No,Rajpura,Rajpura,9.7,2051,0,0
500008,169736,2026-07-19,03:17:00,6529.39,ATM Withdrawal,UPI,Web Browser,No,Ahmedabad,Ahmedabad,1.8,3081,2,0
502316,100051,2026-03-25,22:34:00,3103.53,Jewellery,UPI,Mobile App,Yes,Mumbai,Mumbai,1.3,2657,3,0
505079,180700,2026-05-20,03:25:00,5371.86,E-commerce,POS,USSD,Yes,Ahmedabad,Ahmedabad,5.8,2323,0,0
504385,138328,2026-05-27,01:55:00,2254.32,Travel,UPI,Mobile App,Yes,Ahmedabad,Ahmedabad,13.5,102,0,0
504316,127592,2026-06-28,05:46:00,577.32,Jewellery,POS,Mobile App,Yes,Pune,Pune,3.3,3204,0,0
505268,163014,2026-05-20,15:43:00,5270.92,Pharmacy,UPI,USSD,Yes,Mumbai,Mumbai,13.0,859,0,0
501451,129364,2026-01-18,00:21:00,8612.3,Electronics,UPI,Mobile App,No,Ahmedabad,Ahmedabad,3.8,2051,2,0
501202,147750,2026-04-20,00:37:00,11530.85,Grocery,ATM,Mobile App,Yes,Bengaluru,Bengaluru,14.8,1096,2,0
502427,115775,2026-02-28,03:34:00,27530.06,Fuel,UPI,Web Browser,No,Bengaluru,Chennai,1248.5,40,8,1
502649,193626,2026-04-16,19:41:00,1887.77,Grocery,ATM,ATM Machine,Yes,Rajpura,Rajpura,3.2,470,2,0
501815,188360,2026-01-19,19:26:00,1734.16,ATM Withdrawal,ATM,USSD,No,Kolkata,Kolkata,9.4,3175,0,0
502727,113636,2026-01-27,08:53:00,1556.04,ATM Withdrawal,ATM,USSD,Yes,Rajpura,Rajpura,6.0,553,2,0
500774,171775,2026-03-16,06:31:00,564.38,Grocery,POS,Mobile App,Yes,Pune,Pune,13.2,3848,0,0
502275,117783,2026-01-15,11:27:00,2528.49,Utility Bill,ONLINE,POS Terminal,Yes,Mumbai,Mumbai,3.8,2392,1,0
501012,179986,2026-08-05,00:59:00,2163.55,ATM Withdrawal,UPI,Mobile App,No,Pune,Pune,1.5,2602,2,0
504060,159350,2026-04-07,14:03:00,7032.16,ATM Withdrawal,NEFT,USSD,Yes,Mumbai,Mumbai,8.2,898,1,0
503468,125761,2026-01-03,05:47:00,2709.39,Dining,ONLINE,Mobile App,No,Bengaluru,Bengaluru,4.5,2399,0,0
501992,143798,2026-03-15,20:33:00,4283.45,Travel,POS,ATM Machine,Yes,Mumbai,Mumbai,7.1,3644,2,0
501278,177371,2026-01-25,19:10:00,4446.49,E-commerce,UPI,Mobile App,Yes,Rajpura,Rajpura,14.2,2447,2,0
501784,195488,2026-03-06,07:13:00,5688.8,Travel,ONLINE,Web Browser,Yes,Hyderabad,Hyderabad,7.0,3094,4,0
504254,133900,2026-03-09,10:54:00,7728.53,Dining,POS,ATM Machine,No,Kolkata,Kolkata,4.7,3750,1,0
500447,131373,2026-01-07,01:49:00,5867.92,Jewellery,POS,Web Browser,Yes,Bengaluru,Bengaluru,10.4,3568,0,0
500881,108602,2026-01-08,17:39:00,2263.03,Dining,POS,Mobile App,Yes,Chennai,Chennai,4.8,3829,4,0
504054,181029,2026-06-04,09:58:00,2462.1,Pharmacy,POS,Web Browser,No,Kolkata,Kolkata,9.4,1196,1,0
505347,149783,2026-05-04,10:43:00,2877.47,Dining,ONLINE,USSD,No,Hyderabad,Hyderabad,0.6,3247,0,0
502728,104009,2026-07-10,19:14:00,4854.65,E-commerce,POS,Mobile App,Yes,Jaipur,Jaipur,5.7,253,3,0
503049,116947,2026-03-28,07:37:00,10275.03,E-commerce,ONLINE,ATM Machine,Yes,Kolkata,Kolkata,7.2,2446,1,0
500782,163706,2026-02-27,03:51:00,859.28,Dining,POS,USSD,No,Delhi,Delhi,7.8,1935,0,0
502652,187875,2026-03-22,08:52:00,4076.16,Electronics,ONLINE,Web Browser,Yes,Pune,Pune,7.3,1673,0,0
505828,167350,2026-04-14,09:54:00,3939.98,E-commerce,ONLINE,POS Terminal,Yes,Bengaluru,Bengaluru,3.9,3870,2,0
501750,171930,2026-08-28,05:11:00,3499.88,Jewellery,ONLINE,Web Browser,Yes,Jaipur,Jaipur,11.3,2734,2,0
502127,130770,2026-02-07,03:42:00,2595.89,Grocery,POS,ATM Machine,No,Kolkata,Kolkata,8.0,1103,1,0
504422,199975,2026-04-10,10:06:00,4056.83,E-commerce,ONLINE,Web Browser,No,Kolkata,Kolkata,4.9,1254,3,0
502792,115575,2026-04-13,21:00:00,6506.4,Fuel,UPI,ATM Machine,Yes,Kolkata,Kolkata,2.3,1265,1,0
502424,182660,2026-02-20,18:29:00,9751.08,Dining,ATM,POS Terminal,Yes,Chennai,Chennai,13.0,1518,4,0
505858,136518,2026-04-26,09:04:00,2356.12,Fuel,NEFT,ATM Machine,Yes,Rajpura,Rajpura,13.1,1952,0,0
505169,135279,2026-04-24,12:51:00,2918.28,Fuel,UPI,USSD,No,Ahmedabad,Ahmedabad,9.4,457,1,0
500884,115521,2026-07-10,21:26:00,2700.29,Electronics,POS,POS Terminal,No,Delhi,Delhi,12.5,2839,0,0
503358,187666,2026-02-26,21:38:00,6854.12,E-commerce,ATM,Mobile App,No,Mumbai,Mumbai,2.9,503,3,0
501092,144824,2026-05-07,20:51:00,9278.23,Jewellery,POS,USSD,No,Kolkata,Kolkata,5.6,3698,1,0
505623,120103,2026-03-10,09:09:00,4340.67,Jewellery,POS,ATM Machine,Yes,Ahmedabad,Ahmedabad,1.8,3181,0,0
505129,167687,2026-03-07,13:55:00,1637.54,ATM Withdrawal,UPI,Mobile App,No,Jaipur,Jaipur,2.4,2805,0,0
500532,116553,2026-05-16,20:59:00,3620.03,E-commerce,POS,USSD,Yes,Bengaluru,Bengaluru,1.9,1294,0,0
503591,111153,2026-01-04,03:39:00,3182.68,Dining,POS,ATM Machine,Yes,Bengaluru,Bengaluru,0.7,2491,0,0
502439,184427,2026-04-23,04:26:00,593.24,ATM Withdrawal,POS,POS Terminal,Yes,Bengaluru,Bengaluru,14.7,2261,0,0
504862,182818,2026-03-29,00:57:00,878.07,Dining,ONLINE,ATM Machine,Yes,Chennai,Chennai,10.8,3290,4,0
505065,151399,2026-01-15,21:31:00,8216.66,E-commerce,POS,Web Browser,No,Rajpura,Rajpura,5.0,926,2,0
503956,194255,2026-03-12,23:40:00,6294.32,Jewellery,ATM,Mobile App,Yes,Bengaluru,Bengaluru,7.0,2955,1,0
504967,122585,2026-08-03,18:21:00,4009.9,Travel,POS,ATM Machine,Yes,Jaipur,Jaipur,7.4,688,4,0
502291,139466,2026-07-12,13:22:00,5805.44,Grocery,UPI,ATM Machine,No,Kolkata,Kolkata,10.9,768,0,0
501728,156992,2026-03-12,07:50:00,2682.24,Travel,POS,USSD,Yes,Chennai,Chennai,6.5,3313,0,0
500611,183369,2026-04-22,20:16:00,2421.13,Fuel,UPI,POS Terminal,Yes,Chennai,Chennai,9.8,1200,4,0
500571,194883,2026-04-14,04:13:00,6669.85,Fuel,ONLINE,Mobile App,Yes,Rajpura,Rajpura,3.8,1048,3,0
503775,143008,2026-03-18,08:03:00,4836.25,Jewellery,ONLINE,Mobile App,Yes,Delhi,Delhi,13.0,1253,0,0
501318,159031,2026-08-27,18:49:00,4285.67,Travel,POS,Mobile App,Yes,Rajpura,Rajpura,10.6,347,1,0
500344,151505,2026-06-18,10:06:00,4458.01,Dining,UPI,USSD,Yes,Hyderabad,Hyderabad,4.9,951,0,0
500588,109911,2026-06-07,23:30:00,1313.78,Dining,UPI,USSD,Yes,Kolkata,Kolkata,6.2,1828,1,0
504678,156773,2026-04-17,09:33:00,2304.0,Grocery,ATM,POS Terminal,No,Rajpura,Rajpura,4.3,3696,3,0
500637,123544,2026-02-06,02:13:00,56679.32,Travel,POS,Web Browser,No,Mumbai,Kolkata,1218.8,32,6,1
500435,143383,2026-01-03,08:09:00,6398.67,Travel,POS,USSD,No,Hyderabad,Hyderabad,8.3,2744,0,0
501904,124840,2026-07-08,23:37:00,2875.75,Utility Bill,ATM,ATM Machine,Yes,Jaipur,Jaipur,0.5,819,1,0
500098,168248,2026-01-15,06:25:00,3984.97,E-commerce,UPI,Web Browser,Yes,Jaipur,Jaipur,8.5,2335,0,0
504929,118219,2026-02-19,05:47:00,2424.17,Fuel,NEFT,Web Browser,Yes,Bengaluru,Bengaluru,3.6,1709,2,0
503426,197996,2026-07-25,10:44:00,1002.27,Fuel,ONLINE,Mobile App,No,Hyderabad,Hyderabad,12.1,1959,3,0
504421,172152,2026-08-12,17:03:00,2787.8,Grocery,ONLINE,Mobile App,Yes,Rajpura,Rajpura,9.6,2956,0,0
502070,141929,2026-05-03,03:40:00,753.83,Jewellery,NEFT,Mobile App,Yes,Delhi,Delhi,6.0,757,1,0
501538,111062,2026-06-24,19:08:00,2612.58,Fuel,POS,Web Browser,Yes,Hyderabad,Hyderabad,10.9,1157,2,0
503207,199920,2026-05-29,10:13:00,2513.08,Dining,POS,ATM Machine,Yes,Chennai,Chennai,1.1,3196,2,0
504547,159083,2026-03-19,17:58:00,4168.29,ATM Withdrawal,POS,Web Browser,Yes,Rajpura,Rajpura,14.4,225,1,0
504772,176224,2026-02-16,09:28:00,2537.7,E-commerce,ONLINE,Web Browser,Yes,Ahmedabad,Ahmedabad,15.0,2913,3,0
503324,163924,2026-01-12,23:50:00,1319.49,Grocery,ATM,ATM Machine,No,Jaipur,Jaipur,9.3,63,0,0
501518,104856,2026-06-16,09:20:00,2433.59,Electronics,UPI,Web Browser,Yes,Jaipur,Jaipur,10.1,906,5,0
500966,158830,2026-01-24,20:03:00,1039.02,Pharmacy,POS,ATM Machine,Yes,Rajpura,Rajpura,8.7,3890,0,0
505276,120927,2026-01-06,09:51:00,2802.5,Utility Bill,NEFT,Mobile App,Yes,Ahmedabad,Ahmedabad,9.4,3912,1,0
500529,191525,2026-04-26,17:46:00,3331.08,Grocery,ATM,USSD,No,Rajpura,Rajpura,0.4,2191,1,0
500177,171705,2026-07-16,20:22:00,3991.56,Electronics,POS,POS Terminal,Yes,Ahmedabad,Ahmedabad,12.0,936,1,0
502471,189233,2026-01-07,14:26:00,4488.57,ATM Withdrawal,NEFT,Mobile App,Yes,Pune,Pune,10.3,436,2,0
504522,169831,2026-06-25,08:51:00,2169.18,ATM Withdrawal,ONLINE,POS Terminal,Yes,Hyderabad,Hyderabad,8.7,200,3,0
503600,162185,2026-08-05,06:21:00,3094.97,Grocery,UPI,USSD,Yes,Ahmedabad,Ahmedabad,2.7,1577,1,0
503002,167184,2026-01-03,12:42:00,950.24,Electronics,ATM,USSD,No,Mumbai,Mumbai,12.7,2282,3,0
505866,156312,2026-06-10,03:06:00,7594.52,E-commerce,ONLINE,USSD,No,Chennai,Chennai,1.6,976,5,0
500573,128227,2026-03-04,18:52:00,5304.23,Jewellery,POS,ATM Machine,No,Mumbai,Mumbai,6.1,2083,1,0
503266,164224,2026-02-12,21:30:00,1582.18,Pharmacy,ONLINE,ATM Machine,Yes,Chennai,Chennai,14.9,3474,1,0
500593,123987,2026-07-19,07:38:00,1981.78,Jewellery,POS,Web Browser,No,Chennai,Chennai,3.2,3393,2,0
504975,180139,2026-06-12,18:17:00,5834.51,Utility Bill,POS,USSD,Yes,Rajpura,Rajpura,3.2,2638,2,0
503063,138242,2026-07-29,18:09:00,1953.35,Utility Bill,POS,Web Browser,Yes,Hyderabad,Hyderabad,3.5,1301,1,0
503483,179552,2026-01-14,18:09:00,1377.22,Grocery,POS,USSD,No,Mumbai,Mumbai,2.6,2304,1,0
502375,169915,2026-02-25,15:01:00,3994.7,Utility Bill,ATM,ATM Machine,Yes,Jaipur,Jaipur,10.2,1196,1,0
503065,170707,2026-01-14,05:15:00,1089.88,Utility Bill,UPI,USSD,Yes,Hyderabad,Hyderabad,9.0,194,2,0
505628,103994,2026-01-11,23:36:00,9347.03,ATM Withdrawal,POS,POS Terminal,No,Ahmedabad,Ahmedabad,11.8,1506,0,0
504333,186109,2026-04-20,18:40:00,3122.75,Fuel,UPI,Mobile App,No,Pune,Pune,2.8,1828,2,0
503657,151463,2026-05-04,09:47:00,5638.05,Grocery,ATM,POS Terminal,Yes,Rajpura,Rajpura,1.7,559,0,0
502209,123452,2026-04-05,19:49:00,485.09,Travel,ATM,ATM Machine,No,Chennai,Chennai,7.5,2723,1,0
504417,147098,2026-01-11,20:18:00,843.1,Travel,ATM,ATM Machine,No,Delhi,Delhi,11.8,815,1,0
502493,192933,2026-05-12,03:11:00,293.04,ATM Withdrawal,UPI,Mobile App,Yes,Kolkata,Kolkata,13.1,61,2,0
503902,195191,2026-06-29,15:07:00,2384.98,Electronics,NEFT,Mobile App,No,Bengaluru,Bengaluru,3.8,1156,4,0
500384,124096,2026-05-20,03:46:00,2511.16,Utility Bill,POS,ATM Machine,Yes,Mumbai,Mumbai,12.1,2653,1,0
500853,196317,2026-01-31,06:58:00,1056.52,Dining,POS,POS Terminal,No,Hyderabad,Hyderabad,14.7,2412,1,0
501881,138489,2026-05-25,06:45:00,2463.87,Grocery,POS,ATM Machine,Yes,Chennai,Chennai,2.5,3837,5,0
500371,133558,2026-03-20,02:13:00,1806.53,E-commerce,UPI,POS Terminal,Yes,Jaipur,Jaipur,6.5,793,2,0
503363,104631,2026-02-12,15:22:00,3727.77,E-commerce,UPI,POS Terminal,No,Jaipur,Jaipur,0.9,1668,2,0
504232,192765,2026-02-04,22:30:00,5978.85,Electronics,ONLINE,ATM Machine,Yes,Jaipur,Jaipur,7.3,3815,3,0
505205,152237,2026-02-05,04:30:00,3386.36,Dining,UPI,Web Browser,Yes,Bengaluru,Bengaluru,3.9,656,1,0
505171,160199,2026-04-22,14:12:00,6452.46,E-commerce,UPI,USSD,No,Kolkata,Kolkata,12.4,1082,2,0
505958,171612,2026-02-08,17:44:00,3158.6,Electronics,ONLINE,USSD,Yes,Delhi,Delhi,9.3,302,3,0
501106,118092,2026-03-10,20:01:00,6680.01,Utility Bill,POS,ATM Machine,No,Chennai,Chennai,0.3,3045,0,0
504685,151695,2026-06-16,08:50:00,2067.45,Utility Bill,POS,Mobile App,No,Hyderabad,Hyderabad,14.5,1003,1,0
502362,175148,2026-04-06,06:57:00,5191.75,Pharmacy,NEFT,Web Browser,No,Ahmedabad,Ahmedabad,14.9,3265,1,0
505154,169671,2026-04-02,00:34:00,7805.73,Pharmacy,ATM,USSD,Yes,Jaipur,Jaipur,9.8,1855,3,0
501337,163823,2026-07-09,01:52:00,4079.25,Travel,UPI,USSD,No,Jaipur,Jaipur,3.8,3504,2,0
502190,158595,2026-01-20,16:25:00,3305.48,Fuel,POS,USSD,No,Bengaluru,Bengaluru,7.0,2481,1,0
505503,103508,2026-06-14,10:22:00,1786.69,Utility Bill,POS,POS Terminal,Yes,Ahmedabad,Ahmedabad,2.7,1866,2,0
505404,153273,2026-06-12,13:30:00,1274.3,Travel,UPI,POS Terminal,No,Mumbai,Mumbai,9.0,1062,6,0
504849,115321,2026-08-01,03:37:00,2802.22,Grocery,NEFT,Web Browser,No,Jaipur,Jaipur,3.6,170,0,0
502247,157562,2026-05-31,13:40:00,16512.58,Jewellery,ATM,POS Terminal,No,Kolkata,Kolkata,10.3,3696,3,0
505975,196348,2026-06-10,21:37:00,1761.19,Travel,ONLINE,POS Terminal,Yes,Kolkata,Kolkata,8.7,3997,1,0
505812,164876,2026-08-12,05:22:00,2867.5,ATM Withdrawal,UPI,POS Terminal,Yes,Rajpura,Rajpura,7.3,1599,1,0
501172,163082,2026-06-10,06:39:00,3205.21,Fuel,POS,ATM Machine,No,Rajpura,Rajpura,10.2,1487,2,0
503993,114025,2026-06-25,03:30:00,61249.68,Travel,POS,USSD,No,Jaipur,Chennai,1242.1,40,4,1
503809,151893,2026-03-13,12:24:00,1225.32,ATM Withdrawal,POS,USSD,No,Delhi,Delhi,11.5,148,0,0
501423,158901,2026-08-11,14:48:00,1019.01,Utility Bill,ONLINE,Web Browser,Yes,Delhi,Delhi,2.3,63,1,0
502687,124445,2026-03-14,05:59:00,3132.23,Dining,ATM,Mobile App,Yes,Mumbai,Mumbai,13.2,1608,0,0
505381,116595,2026-08-13,18:48:00,3228.34,ATM Withdrawal,POS,USSD,No,Bengaluru,Bengaluru,12.8,2518,2,0
503319,125582,2026-04-14,10:22:00,2513.25,Utility Bill,ATM,USSD,Yes,Kolkata,Kolkata,12.3,3639,0,0
505814,196789,2026-02-12,09:46:00,3749.99,Electronics,UPI,Web Browser,No,Hyderabad,Hyderabad,12.2,3671,0,0
505708,132083,2026-07-12,14:38:00,3388.56,Grocery,ONLINE,Mobile App,Yes,Bengaluru,Bengaluru,3.9,746,0,0
501465,185197,2026-08-03,18:36:00,2531.28,Jewellery,UPI,POS Terminal,No,Kolkata,Kolkata,9.3,713,0,0
500875,169736,2026-04-14,20:32:00,3504.71,Travel,UPI,ATM Machine,Yes,Kolkata,Kolkata,7.8,3432,2,0
502298,149125,2026-07-07,17:30:00,4153.83,Utility Bill,UPI,POS Terminal,No,Kolkata,Kolkata,9.0,1499,2,0
502644,146575,2026-04-01,00:07:00,3647.25,Electronics,ONLINE,Web Browser,Yes,Pune,Pune,12.2,3351,0,0
503946,173311,2026-02-13,12:42:00,1369.45,Fuel,POS,Web Browser,Yes,Chennai,Chennai,7.5,3250,1,0
505191,173305,2026-06-22,07:13:00,6257.62,Travel,NEFT,POS Terminal,Yes,Bengaluru,Bengaluru,0.6,2492,2,0
501252,141157,2026-07-26,21:43:00,5834.69,Dining,POS,USSD,Yes,Pune,Pune,11.0,456,3,0
503327,116077,2026-05-22,16:20:00,5112.84,Utility Bill,ONLINE,Mobile App,No,Delhi,Delhi,5.8,3972,1,0
500841,128890,2026-06-14,02:17:00,4632.81,Utility Bill,UPI,Mobile App,Yes,Bengaluru,Bengaluru,1.4,1183,0,0
504229,134767,2026-02-07,22:18:00,175.91,Utility Bill,UPI,Web Browser,Yes,Mumbai,Mumbai,12.8,924,2,0
500582,183345,2026-08-08,17:34:00,7032.93,ATM Withdrawal,UPI,Mobile App,No,Chennai,Chennai,11.6,478,1,0
500205,145741,2026-01-01,13:01:00,1325.9,Utility Bill,POS,Mobile App,Yes,Mumbai,Mumbai,11.8,388,2,0
501642,105051,2026-01-17,15:09:00,3221.95,Electronics,ONLINE,POS Terminal,No,Ahmedabad,Ahmedabad,2.8,1837,2,0
502015,164765,2026-08-21,02:19:00,1915.42,E-commerce,ATM,USSD,Yes,Ahmedabad,Ahmedabad,0.4,1644,2,0
500906,170957,2026-06-17,11:53:00,6348.32,Travel,POS,USSD,Yes,Mumbai,Mumbai,10.7,3556,0,0
500632,132749,2026-06-15,12:20:00,1290.11,Jewellery,UPI,Mobile App,Yes,Mumbai,Mumbai,4.9,343,0,0
504245,135228,2026-02-02,22:11:00,1823.04,ATM Withdrawal,POS,Mobile App,No,Delhi,Delhi,3.7,179,2,0
501975,155914,2026-06-02,19:31:00,7659.61,E-commerce,ONLINE,USSD,Yes,Delhi,Delhi,6.4,150,2,0
500163,140918,2026-04-22,04:55:00,908.74,Electronics,UPI,POS Terminal,Yes,Bengaluru,Bengaluru,8.1,667,3,0
504305,166876,2026-08-10,02:19:00,20615.59,Utility Bill,ONLINE,Web Browser,No,Jaipur,Delhi,989.9,10,6,1
504056,137783,2026-08-06,17:54:00,6383.23,Dining,UPI,Web Browser,Yes,Chennai,Chennai,8.4,3711,1,0
505389,149601,2026-05-24,02:18:00,4920.37,Utility Bill,UPI,Web Browser,Yes,Delhi,Delhi,2.5,2793,1,0
503514,114102,2026-07-24,02:24:00,6718.22,Utility Bill,ONLINE,Mobile App,No,Kolkata,Kolkata,6.0,1805,2,0
500618,126646,2026-01-31,08:07:00,7003.9,Pharmacy,POS,Web Browser,Yes,Pune,Pune,3.1,2354,2,0
500876,150452,2026-07-26,07:25:00,1911.14,E-commerce,ATM,USSD,Yes,Chennai,Chennai,8.0,1935,0,0
501432,118517,2026-03-11,20:18:00,10862.95,Jewellery,UPI,ATM Machine,Yes,Rajpura,Rajpura,3.2,3759,3,0
502974,198137,2026-03-18,06:29:00,3183.99,Grocery,UPI,Web Browser,No,Ahmedabad,Ahmedabad,3.0,1567,0,0
505363,158284,2026-08-04,09:39:00,1795.46,E-commerce,ONLINE,Mobile App,No,Pune,Pune,12.2,1367,3,0
500548,159113,2026-07-11,23:55:00,34595.07,ATM Withdrawal,ATM,USSD,No,Ahmedabad,Pune,892.5,12,6,1
504872,195696,2026-04-19,18:46:00,2035.64,Grocery,UPI,Web Browser,Yes,Mumbai,Mumbai,3.6,1631,1,0
505450,116793,2026-01-10,12:59:00,5025.68,Dining,ONLINE,USSD,No,Rajpura,Rajpura,14.0,3703,3,0
505049,129180,2026-05-07,03:49:00,57858.13,Utility Bill,POS,USSD,No,Mumbai,Ahmedabad,1593.5,45,9,1
503382,178688,2026-07-20,00:10:00,6237.47,Fuel,UPI,ATM Machine,Yes,Kolkata,Kolkata,13.8,172,1,0
505810,137912,2026-06-24,22:26:00,7286.71,Dining,POS,Web Browser,Yes,Kolkata,Kolkata,1.9,2585,3,0
505703,127724,2026-07-14,04:54:00,3041.5,Jewellery,POS,Web Browser,Yes,Rajpura,Rajpura,1.2,2547,1,0
504891,183811,2026-04-27,18:57:00,7700.82,Utility Bill,NEFT,Web Browser,Yes,Kolkata,Kolkata,11.0,1215,1,0
502857,156819,2026-04-08,07:22:00,4307.81,Pharmacy,ONLINE,ATM Machine,No,Delhi,Delhi,10.2,634,1,0
501862,129602,2026-06-27,00:06:00,40883.32,Pharmacy,ONLINE,USSD,No,Pune,Kolkata,1616.1,51,7,1
502660,116058,2026-05-18,10:47:00,3084.06,E-commerce,UPI,POS Terminal,Yes,Jaipur,Jaipur,1.7,362,0,0
505506,183737,2026-08-04,18:19:00,3824.26,Fuel,POS,POS Terminal,Yes,Ahmedabad,Ahmedabad,1.1,1899,0,0
500641,167083,2026-03-20,23:14:00,2890.07,Electronics,POS,ATM Machine,Yes,Chennai,Chennai,3.7,1719,3,0
505108,194999,2026-06-21,17:05:00,6720.26,Jewellery,ATM,ATM Machine,Yes,Delhi,Delhi,7.3,3429,1,0
501010,152026,2026-01-05,18:15:00,1881.48,Dining,UPI,USSD,Yes,Ahmedabad,Ahmedabad,3.8,861,0,0
505863,157730,2026-03-18,20:44:00,887.31,Grocery,ONLINE,USSD,No,Hyderabad,Hyderabad,10.1,2579,0,0
500638,129687,2026-05-28,11:50:00,2568.7,ATM Withdrawal,POS,Mobile App,Yes,Mumbai,Mumbai,10.9,98,3,0
504900,158518,2026-03-29,19:06:00,576.52,Utility Bill,ONLINE,ATM Machine,Yes,Kolkata,Kolkata,7.1,2540,2,0
504505,101683,2026-01-20,19:35:00,1495.24,Jewellery,UPI,POS Terminal,Yes,Chennai,Chennai,12.4,642,3,0
502309,130786,2026-05-08,21:08:00,2162.49,Electronics,ONLINE,ATM Machine,Yes,Ahmedabad,Ahmedabad,6.8,3588,2,0
504169,150695,2026-07-25,18:27:00,2371.63,ATM Withdrawal,UPI,USSD,No,Rajpura,Rajpura,5.0,447,1,0
503146,155215,2026-01-14,01:55:00,4025.96,Jewellery,POS,USSD,No,Delhi,Delhi,0.9,3658,0,0
503782,122786,2026-08-11,12:59:00,737.69,E-commerce,ONLINE,Mobile App,Yes,Bengaluru,Bengaluru,6.7,2399,5,0
502097,193972,2026-03-07,09:09:00,5613.61,Pharmacy,ONLINE,POS Terminal,Yes,Chennai,Chennai,2.0,1605,3,0
505520,152508,2026-04-21,04:35:00,8006.94,Grocery,ONLINE,POS Terminal,No,Mumbai,Mumbai,2.5,648,4,0
501957,152862,2026-01-25,18:01:00,6015.51,ATM Withdrawal,ATM,Web Browser,No,Hyderabad,Hyderabad,11.2,3947,2,0
501373,144970,2026-02-08,00:46:00,1635.6,Travel,ONLINE,USSD,Yes,Pune,Pune,2.2,2347,0,0
504023,154233,2026-02-23,13:50:00,4011.22,Utility Bill,ONLINE,ATM Machine,Yes,Hyderabad,Hyderabad,9.7,1848,1,0
500922,157240,2026-01-05,05:24:00,2260.72,Jewellery,POS,Mobile App,Yes,Kolkata,Kolkata,6.4,929,2,0
500547,142925,2026-01-30,19:31:00,3669.91,E-commerce,POS,Mobile App,No,Hyderabad,Hyderabad,6.1,3442,1,0
501450,110300,2026-05-12,10:30:00,2508.46,Grocery,POS,Web Browser,Yes,Rajpura,Rajpura,3.0,2115,2,0
502805,117214,2026-08-07,04:34:00,6385.41,Utility Bill,UPI,Mobile App,No,Pune,Pune,10.9,394,1,0
502611,197064,2026-03-09,19:09:00,1706.22,E-commerce,UPI,Mobile App,Yes,Bengaluru,Bengaluru,2.3,1008,2,0
501901,153486,2026-04-25,23:33:00,3468.46,Grocery,ONLINE,Web Browser,Yes,Delhi,Delhi,1.7,3519,2,0
502758,163422,2026-05-01,10:02:00,2052.29,E-commerce,UPI,USSD,Yes,Rajpura,Rajpura,14.9,1678,3,0
502029,152555,2026-06-28,17:18:00,10003.27,ATM Withdrawal,UPI,Mobile App,Yes,Kolkata,Kolkata,9.9,881,1,0
502302,114390,2026-08-06,13:24:00,5897.93,E-commerce,POS,ATM Machine,No,Bengaluru,Bengaluru,3.3,2404,3,0
501886,117949,2026-03-17,13:58:00,5588.3,Utility Bill,ONLINE,Mobile App,Yes,Delhi,Delhi,4.0,362,3,0
501643,144717,2026-04-12,23:49:00,2089.56,Fuel,POS,USSD,No,Kolkata,Kolkata,9.5,2970,2,0
500973,147727,2026-03-20,21:53:00,983.16,Jewellery,ATM,Mobile App,Yes,Bengaluru,Bengaluru,2.6,2941,2,0
505765,131463,2026-03-22,19:38:00,947.99,Pharmacy,ATM,USSD,Yes,Kolkata,Kolkata,12.8,730,1,0
502098,186062,2026-06-04,12:00:00,4915.82,Jewellery,UPI,Mobile App,Yes,Chennai,Chennai,3.3,2715,1,0
505209,149058,2026-07-02,11:38:00,3225.15,Dining,ONLINE,Web Browser,Yes,Pune,Pune,3.0,2653,2,0
504576,176420,2026-07-30,21:54:00,1620.53,Grocery,ONLINE,USSD,No,Pune,Pune,9.1,1824,5,0
505491,147382,2026-08-01,17:46:00,4825.25,E-commerce,POS,Mobile App,Yes,Pune,Pune,11.2,80,3,0
505959,161198,2026-05-09,07:54:00,2877.17,Dining,NEFT,Web Browser,Yes,Mumbai,Mumbai,7.6,3899,2,0
500837,180834,2026-06-07,02:57:00,3322.69,E-commerce,ONLINE,ATM Machine,Yes,Ahmedabad,Ahmedabad,8.3,3580,0,0
500602,177898,2026-03-11,04:52:00,587.2,Electronics,UPI,USSD,No,Jaipur,Jaipur,8.9,3733,0,0
502185,163378,2026-06-05,12:29:00,3322.44,Fuel,POS,Web Browser,Yes,Pune,Pune,7.1,1187,0,0
504769,111352,2026-06-28,14:36:00,1814.24,ATM Withdrawal,UPI,USSD,No,Bengaluru,Bengaluru,0.7,3075,1,0
503517,116961,2026-02-26,06:47:00,3750.75,Dining,UPI,USSD,Yes,Kolkata,Kolkata,14.7,1802,2,0
505150,154519,2026-07-25,22:16:00,4388.55,Electronics,ATM,POS Terminal,Yes,Chennai,Chennai,3.5,3670,1,0
501583,151539,2026-08-24,18:50:00,4149.62,Fuel,POS,ATM Machine,Yes,Hyderabad,Hyderabad,1.4,1987,2,0
505102,154330,2026-08-01,14:18:00,5139.8,Pharmacy,POS,Mobile App,No,Bengaluru,Bengaluru,6.8,2944,2,0
503584,130766,2026-01-06,12:03:00,466.43,Grocery,POS,ATM Machine,Yes,Mumbai,Mumbai,6.1,2732,4,0
503859,132539,2026-05-03,05:59:00,5452.78,Grocery,POS,POS Terminal,Yes,Chennai,Chennai,2.2,3256,0,0
501071,167495,2026-01-04,12:53:00,3224.78,Travel,ONLINE,Web Browser,Yes,Bengaluru,Bengaluru,5.4,3209,3,0
501776,113110,2026-08-15,06:02:00,2319.71,Utility Bill,POS,POS Terminal,No,Rajpura,Rajpura,12.7,3425,1,0
505764,109356,2026-04-07,22:26:00,7903.47,Fuel,ONLINE,Web Browser,No,Bengaluru,Bengaluru,8.1,400,2,0
501284,180086,2026-02-25,19:23:00,6335.03,ATM Withdrawal,POS,ATM Machine,Yes,Mumbai,Mumbai,12.3,2213,4,0
504988,192329,2026-08-26,21:07:00,1905.84,E-commerce,UPI,ATM Machine,Yes,Chennai,Chennai,8.1,1621,0,0
504885,100639,2026-05-05,00:00:00,3409.59,ATM Withdrawal,UPI,USSD,Yes,Delhi,Delhi,1.8,3556,1,0
505700,137646,2026-02-12,23:09:00,6009.25,Dining,POS,USSD,No,Ahmedabad,Ahmedabad,14.1,2318,0,0
501837,194127,2026-06-21,02:06:00,2017.35,Grocery,ONLINE,POS Terminal,Yes,Chennai,Chennai,14.5,672,0,0
505453,184292,2026-06-20,20:07:00,11825.04,Pharmacy,ATM,USSD,No,Ahmedabad,Ahmedabad,10.3,1277,1,0
501020,111585,2026-05-03,13:31:00,3546.64,Jewellery,ONLINE,USSD,No,Bengaluru,Bengaluru,4.8,674,0,0
500971,129866,2026-05-01,17:18:00,4825.76,Utility Bill,NEFT,Web Browser,No,Delhi,Delhi,1.5,1405,2,0
501327,167931,2026-07-30,19:12:00,4608.16,Jewellery,POS,ATM Machine,Yes,Bengaluru,Bengaluru,12.5,3537,0,0
503334,184837,2026-04-03,18:39:00,4968.02,Jewellery,NEFT,USSD,Yes,Rajpura,Rajpura,7.2,2570,1,0
500476,178475,2026-01-26,16:44:00,8985.11,Travel,POS,Web Browser,Yes,Bengaluru,Bengaluru,2.7,3000,1,0
502811,151353,2026-07-24,19:21:00,1740.67,Fuel,UPI,USSD,Yes,Jaipur,Jaipur,9.9,1786,2,0
505609,160760,2026-07-07,09:51:00,997.88,Jewellery,POS,ATM Machine,Yes,Hyderabad,Hyderabad,12.7,2502,1,0
501652,101816,2026-07-24,13:13:00,1061.82,Electronics,POS,USSD,Yes,Pune,Pune,14.3,324,2,0
505570,121663,2026-02-26,17:52:00,4458.31,Fuel,ATM,POS Terminal,Yes,Bengaluru,Bengaluru,10.5,3636,2,0
505122,161766,2026-06-16,07:31:00,1780.34,Dining,POS,POS Terminal,Yes,Jaipur,Jaipur,14.4,2662,0,0
502529,108637,2026-02-14,18:09:00,7357.83,Grocery,UPI,USSD,No,Jaipur,Jaipur,1.2,2390,6,0
503692,162663,2026-04-12,23:47:00,65048.54,Electronics,UPI,Web Browser,No,Chennai,Hyderabad,960.9,18,6,1
504510,196619,2026-02-08,16:10:00,2288.77,ATM Withdrawal,ONLINE,POS Terminal,Yes,Ahmedabad,Ahmedabad,9.5,1414,1,0
504087,126951,2026-03-29,21:54:00,741.73,Electronics,UPI,Mobile App,No,Pune,Pune,10.7,348,1,0
501374,142037,2026-05-17,22:54:00,7876.31,Electronics,POS,Mobile App,No,Chennai,Chennai,3.2,1961,1,0
500740,189835,2026-04-10,16:55:00,7186.75,E-commerce,ONLINE,Web Browser,Yes,Kolkata,Kolkata,6.6,2986,1,0
504609,187233,2026-06-23,18:22:00,3233.91,E-commerce,ONLINE,USSD,No,Delhi,Delhi,9.5,2802,5,0
505803,143747,2026-08-02,10:36:00,3069.35,ATM Withdrawal,POS,ATM Machine,No,Pune,Pune,14.2,2791,1,0
500868,183797,2026-08-23,21:38:00,6137.16,ATM Withdrawal,POS,ATM Machine,No,Bengaluru,Bengaluru,3.3,518,1,0
502975,101732,2026-04-08,20:16:00,6400.94,Utility Bill,POS,USSD,Yes,Delhi,Delhi,11.6,3108,1,0
501141,188117,2026-07-15,07:38:00,677.76,Travel,NEFT,Web Browser,No,Delhi,Delhi,3.0,3835,0,0
500998,136065,2026-01-20,08:52:00,1922.29,Pharmacy,POS,ATM Machine,Yes,Chennai,Chennai,14.3,2600,1,0
501338,129635,2026-02-15,04:50:00,3343.98,Grocery,UPI,Mobile App,Yes,Chennai,Chennai,1.2,455,2,0
500542,105539,2026-05-01,11:38:00,3757.24,Grocery,ONLINE,ATM Machine,No,Jaipur,Jaipur,7.1,3761,2,0
501100,143377,2026-03-04,06:59:00,2110.38,Dining,ONLINE,USSD,No,Rajpura,Rajpura,5.2,3243,0,0
501133,179443,2026-02-25,17:28:00,3495.82,ATM Withdrawal,ONLINE,ATM Machine,Yes,Ahmedabad,Ahmedabad,12.3,2577,3,0
505817,140756,2026-06-10,20:35:00,8809.38,Travel,ATM,ATM Machine,Yes,Pune,Pune,12.8,2245,4,0
505928,159217,2026-03-13,13:33:00,8762.01,Pharmacy,ONLINE,USSD,Yes,Chennai,Chennai,14.5,1485,1,0
502259,100124,2026-02-22,10:50:00,2784.47,Dining,POS,Mobile App,No,Pune,Pune,2.1,2575,1,0
505974,106070,2026-07-17,02:21:00,65404.2,Grocery,POS,Web Browser,No,Mumbai,Hyderabad,1087.4,22,6,1
502963,197329,2026-06-28,06:57:00,2002.72,Electronics,POS,USSD,No,Rajpura,Rajpura,6.6,2904,1,0
500060,168304,2026-04-21,04:29:00,391.59,E-commerce,ONLINE,Mobile App,No,Chennai,Chennai,7.3,1072,1,0
503260,141004,2026-06-28,20:47:00,2419.42,Jewellery,POS,USSD,No,Bengaluru,Bengaluru,2.3,2115,1,0
504084,178754,2026-06-03,09:45:00,3993.32,Fuel,ONLINE,USSD,No,Delhi,Delhi,14.4,2534,2,0
501939,195979,2026-03-12,19:50:00,4124.68,Jewellery,UPI,ATM Machine,Yes,Mumbai,Mumbai,0.4,286,3,0
503651,112000,2026-01-30,14:42:00,4680.73,Grocery,POS,Web Browser,No,Bengaluru,Bengaluru,10.2,3934,2,0
505924,196978,2026-02-28,09:50:00,2525.5,Jewellery,NEFT,POS Terminal,No,Delhi,Delhi,13.6,562,2,0
503396,179522,2026-07-06,19:35:00,913.73,Electronics,POS,POS Terminal,No,Kolkata,Kolkata,8.2,3047,1,0
502814,196436,2026-07-19,23:13:00,3355.2,Grocery,POS,ATM Machine,Yes,Jaipur,Jaipur,8.5,3705,1,0
505997,185436,2026-08-16,02:43:00,4327.43,Jewellery,ATM,ATM Machine,Yes,Mumbai,Mumbai,10.7,2243,2,0
505657,183060,2026-07-30,12:05:00,4505.95,Grocery,ONLINE,Web Browser,Yes,Chennai,Chennai,9.9,1179,3,0
501079,141774,2026-01-25,22:41:00,5497.14,Travel,UPI,Mobile App,Yes,Bengaluru,Bengaluru,2.8,2408,1,0
504533,170428,2026-06-15,14:38:00,1502.55,Pharmacy,POS,ATM Machine,Yes,Ahmedabad,Ahmedabad,1.8,2939,3,0
505832,115498,2026-06-27,06:55:00,3659.26,Fuel,UPI,POS Terminal,No,Pune,Pune,0.4,3389,3,0
504273,193330,2026-02-20,07:53:00,4001.12,E-commerce,POS,Web Browser,Yes,Pune,Pune,13.5,1212,1,0
504284,143434,2026-05-29,06:35:00,6380.04,Travel,ATM,POS Terminal,Yes,Pune,Pune,1.4,339,2,0
505100,129395,2026-08-10,15:28:00,6951.03,ATM Withdrawal,ONLINE,Web Browser,Yes,Kolkata,Kolkata,6.9,3097,0,0
502631,193568,2026-06-06,14:50:00,658.3,Electronics,ONLINE,Mobile App,Yes,Kolkata,Kolkata,14.4,30,3,0
504802,159643,2026-04-04,12:21:00,2990.79,Utility Bill,ATM,POS Terminal,No,Hyderabad,Hyderabad,7.5,2657,3,0
503525,129096,2026-04-04,17:12:00,4610.4,ATM Withdrawal,ONLINE,POS Terminal,Yes,Kolkata,Kolkata,2.8,75,0,0
503564,179656,2026-08-27,07:38:00,4011.95,Fuel,ATM,USSD,Yes,Jaipur,Jaipur,8.6,2586,2,0
500941,169086,2026-03-19,19:04:00,1027.09,Utility Bill,POS,POS Terminal,Yes,Rajpura,Rajpura,1.5,1047,0,0
501081,192035,2026-03-15,06:50:00,10207.19,Dining,POS,Mobile App,Yes,Chennai,Chennai,8.5,3592,1,0
500188,138101,2026-07-20,00:28:00,70473.44,Dining,UPI,USSD,No,Jaipur,Bengaluru,1271.3,5,8,1
503723,175079,2026-01-09,20:33:00,4152.86,Jewellery,ATM,Web Browser,Yes,Delhi,Delhi,12.1,2434,1,0
505614,132877,2026-05-06,00:41:00,1394.42,Jewellery,ONLINE,ATM Machine,Yes,Ahmedabad,Ahmedabad,10.0,775,3,0
502086,165551,2026-01-04,02:23:00,8270.41,Electronics,POS,Web Browser,Yes,Delhi,Delhi,4.5,577,1,0
502250,142349,2026-06-08,06:44:00,5223.25,Fuel,POS,USSD,No,Jaipur,Jaipur,1.0,2939,1,0
503689,196679,2026-01-30,16:55:00,1369.31,Pharmacy,ATM,POS Terminal,No,Bengaluru,Bengaluru,9.3,2303,2,0
505869,192469,2026-03-06,15:13:00,2479.96,Pharmacy,POS,ATM Machine,Yes,Mumbai,Mumbai,3.2,3610,2,0
502024,159968,2026-01-24,23:15:00,5058.06,Grocery,UPI,POS Terminal,No,Delhi,Delhi,5.8,354,2,0
503795,189177,2026-03-07,04:00:00,2023.02,Jewellery,ONLINE,Web Browser,Yes,Jaipur,Jaipur,3.0,1805,1,0
501493,102924,2026-04-05,08:34:00,1455.16,E-commerce,UPI,USSD,Yes,Bengaluru,Bengaluru,14.0,574,1,0
504602,194886,2026-08-22,16:58:00,2603.58,Electronics,ONLINE,Mobile App,Yes,Pune,Pune,6.9,2061,3,0
504041,132869,2026-06-05,15:15:00,3728.16,Electronics,POS,POS Terminal,No,Pune,Pune,5.3,241,3,0
500227,180865,2026-07-12,04:38:00,2695.06,Jewellery,ONLINE,Web Browser,Yes,Pune,Pune,8.7,236,0,0
501014,131444,2026-05-05,22:23:00,4846.65,Jewellery,UPI,Web Browser,No,Kolkata,Kolkata,13.7,2760,0,0
502584,165874,2026-02-23,06:05:00,977.85,Dining,UPI,ATM Machine,Yes,Mumbai,Mumbai,9.5,1470,5,0
501930,195224,2026-06-13,23:25:00,86962.11,Pharmacy,UPI,Web Browser,No,Chennai,Pune,964.0,7,5,1
504216,199279,2026-07-19,20:40:00,1598.94,Travel,UPI,POS Terminal,Yes,Bengaluru,Bengaluru,9.2,2275,1,0
505383,138864,2026-03-19,13:16:00,2065.62,E-commerce,NEFT,USSD,Yes,Mumbai,Mumbai,9.4,1681,3,0
501405,117738,2026-02-11,11:17:00,2412.14,Utility Bill,POS,POS Terminal,No,Kolkata,Kolkata,8.4,2766,1,0
502180,145644,2026-06-09,07:33:00,2484.07,Jewellery,ONLINE,Web Browser,No,Delhi,Delhi,5.5,702,2,0
500698,159006,2026-06-07,11:01:00,6161.81,Grocery,ONLINE,POS Terminal,No,Ahmedabad,Ahmedabad,9.6,1945,2,0
501125,184057,2026-03-20,02:06:00,4163.94,E-commerce,ATM,USSD,No,Mumbai,Mumbai,13.0,3753,2,0
503283,196950,2026-01-10,17:41:00,2578.62,Grocery,UPI,Web Browser,Yes,Delhi,Delhi,6.6,3644,2,0
503961,194685,2026-02-15,16:22:00,2999.22,Pharmacy,UPI,Web Browser,Yes,Delhi,Delhi,6.4,3199,2,0
504111,100314,2026-03-01,00:29:00,3025.84,E-commerce,UPI,POS Terminal,No,Pune,Pune,6.0,2931,1,0
501779,130779,2026-01-15,10:40:00,4560.89,Pharmacy,UPI,USSD,No,Kolkata,Kolkata,1.2,2119,1,0
502635,108326,2026-02-26,00:47:00,2408.3,Electronics,POS,ATM Machine,Yes,Rajpura,Rajpura,3.2,1068,1,0
503092,139205,2026-08-01,07:32:00,1562.84,ATM Withdrawal,ONLINE,USSD,Yes,Bengaluru,Bengaluru,6.7,3074,0,0
504048,124829,2026-05-27,09:42:00,4143.0,Dining,ONLINE,Web Browser,Yes,Hyderabad,Hyderabad,0.7,2549,2,0
501038,101468,2026-04-06,05:31:00,1382.13,ATM Withdrawal,ATM,Mobile App,No,Pune,Pune,2.1,2868,1,0
504995,164242,2026-08-06,03:48:00,2474.96,Utility Bill,ONLINE,ATM Machine,No,Chennai,Chennai,4.2,3634,0,0
502257,179646,2026-08-06,02:08:00,21775.18,E-commerce,NEFT,Web Browser,No,Pune,Ahmedabad,1153.1,36,8,1
503774,112722,2026-01-29,07:24:00,661.17,Dining,ONLINE,ATM Machine,No,Delhi,Delhi,13.7,121,1,0
505930,125714,2026-03-01,08:15:00,1798.77,Grocery,ATM,Mobile App,Yes,Hyderabad,Hyderabad,11.5,848,3,0
500314,128123,2026-05-22,10:50:00,10607.77,Dining,UPI,ATM Machine,Yes,Mumbai,Mumbai,7.2,3861,2,0
502650,133071,2026-03-05,17:33:00,4085.04,Dining,UPI,POS Terminal,Yes,Bengaluru,Bengaluru,0.3,2937,0,0
502282,135333,2026-06-23,10:31:00,1487.59,Travel,NEFT,POS Terminal,No,Chennai,Chennai,2.1,2841,3,0
503694,132623,2026-04-06,12:02:00,3207.06,ATM Withdrawal,NEFT,USSD,No,Delhi,Delhi,2.1,574,0,0
504288,180639,2026-02-03,08:32:00,3592.89,E-commerce,UPI,USSD,Yes,Jaipur,Jaipur,5.9,3280,3,0
502548,158474,2026-01-25,00:42:00,32436.78,Jewellery,POS,USSD,No,Rajpura,Pune,1093.5,31,5,1
501417,163490,2026-03-19,14:14:00,3480.34,Dining,POS,POS Terminal,No,Rajpura,Rajpura,6.1,2016,2,0
501037,190277,2026-08-02,18:55:00,8313.52,Fuel,UPI,ATM Machine,No,Mumbai,Mumbai,11.7,3920,3,0
502160,133410,2026-02-03,22:59:00,1200.74,Grocery,ATM,USSD,No,Kolkata,Kolkata,8.2,2171,2,0
502985,171963,2026-05-15,23:25:00,92975.48,Dining,ONLINE,Web Browser,No,Bengaluru,Kolkata,1531.8,1,7,1
503138,147719,2026-06-22,21:19:00,4531.84,Travel,ONLINE,POS Terminal,Yes,Pune,Pune,1.6,2256,2,0
504982,195908,2026-06-07,04:21:00,2199.32,Grocery,UPI,Mobile App,Yes,Chennai,Chennai,1.2,482,3,0
501755,162665,2026-05-13,21:50:00,2638.5,ATM Withdrawal,NEFT,ATM Machine,No,Delhi,Delhi,3.6,1719,1,0
504263,129148,2026-02-09,22:46:00,364.92,Travel,POS,POS Terminal,No,Jaipur,Jaipur,11.5,3392,1,0
503981,145087,2026-06-09,04:10:00,3199.17,Utility Bill,POS,Mobile App,No,Kolkata,Kolkata,4.1,2025,1,0
503818,180274,2026-02-09,12:22:00,4272.55,Electronics,ATM,Mobile App,No,Hyderabad,Hyderabad,8.2,81,4,0
505346,139864,2026-05-19,23:34:00,6794.24,Fuel,POS,ATM Machine,Yes,Chennai,Chennai,13.5,1804,3,0
502521,144260,2026-02-03,18:33:00,3859.34,Dining,POS,USSD,No,Pune,Pune,3.5,2685,2,0
500874,112492,2026-07-27,12:17:00,5731.83,Utility Bill,NEFT,POS Terminal,Yes,Chennai,Chennai,4.9,984,1,0
505230,127113,2026-08-22,02:47:00,1094.18,Utility Bill,POS,Mobile App,No,Hyderabad,Hyderabad,13.8,2757,0,0
504490,138591,2026-05-17,22:04:00,1745.0,Electronics,NEFT,Web Browser,Yes,Kolkata,Kolkata,7.5,1974,1,0
501507,191416,2026-05-08,14:02:00,8187.05,Travel,ATM,Web Browser,Yes,Delhi,Delhi,4.1,2729,3,0
503892,192567,2026-05-11,06:39:00,8354.72,Grocery,POS,POS Terminal,No,Rajpura,Rajpura,7.4,779,0,0
501924,143455,2026-03-10,04:05:00,2546.71,Fuel,ONLINE,ATM Machine,No,Delhi,Delhi,7.2,3100,0,0
500449,152101,2026-08-07,13:13:00,7651.74,ATM Withdrawal,ONLINE,USSD,Yes,Delhi,Delhi,1.7,1701,3,0
503461,141636,2026-04-19,18:22:00,766.13,Travel,UPI,ATM Machine,Yes,Delhi,Delhi,9.6,3610,0,0
503576,168604,2026-01-02,20:32:00,601.57,Dining,ATM,ATM Machine,Yes,Ahmedabad,Ahmedabad,7.8,356,3,0
505961,117438,2026-07-11,18:49:00,2255.88,Jewellery,UPI,Web Browser,No,Jaipur,Jaipur,6.6,2949,0,0
503633,103713,2026-02-18,00:43:00,8521.23,Jewellery,ONLINE,POS Terminal,No,Bengaluru,Bengaluru,12.9,381,0,0
503258,119549,2026-01-13,01:43:00,1421.31,Pharmacy,ONLINE,Mobile App,Yes,Delhi,Delhi,11.3,1059,0,0
500362,189078,2026-01-09,00:45:00,5839.55,Electronics,ONLINE,POS Terminal,No,Jaipur,Jaipur,6.4,1776,1,0
502184,164481,2026-03-05,13:26:00,10371.38,Electronics,NEFT,ATM Machine,Yes,Ahmedabad,Ahmedabad,12.0,403,1,0
501135,161382,2026-02-21,18:00:00,5141.9,Pharmacy,ONLINE,ATM Machine,No,Mumbai,Mumbai,8.5,3551,0,0
504831,134847,2026-04-06,07:58:00,5321.43,E-commerce,ONLINE,Web Browser,Yes,Bengaluru,Bengaluru,2.6,889,2,0
503200,126470,2026-06-30,14:48:00,9129.16,Fuel,ONLINE,ATM Machine,Yes,Chennai,Chennai,6.2,315,1,0
505818,192285,2026-05-02,10:14:00,1831.24,Travel,POS,POS Terminal,Yes,Bengaluru,Bengaluru,14.7,3009,2,0
503439,193483,2026-08-23,10:47:00,6768.46,Pharmacy,POS,ATM Machine,Yes,Chennai,Chennai,4.7,2286,1,0
502156,148981,2026-05-04,23:10:00,1471.4,Electronics,ONLINE,ATM Machine,No,Pune,Pune,13.7,1167,2,0
501831,135483,2026-06-10,19:03:00,885.86,E-commerce,UPI,ATM Machine,Yes,Delhi,Delhi,13.3,3777,2,0
501054,195841,2026-03-27,07:42:00,1026.18,Pharmacy,ONLINE,ATM Machine,No,Delhi,Delhi,6.1,3070,2,0
502461,134004,2026-08-15,23:31:00,6257.56,Utility Bill,ATM,Mobile App,Yes,Ahmedabad,Ahmedabad,12.4,398,0,0
500023,118254,2026-07-31,23:02:00,1084.45,Jewellery,UPI,ATM Machine,Yes,Chennai,Chennai,8.5,480,0,0
502067,172509,2026-06-01,10:06:00,2851.85,Dining,POS,ATM Machine,No,Bengaluru,Bengaluru,1.6,3889,1,0
501654,159570,2026-06-21,00:18:00,1589.54,E-commerce,UPI,ATM Machine,Yes,Bengaluru,Bengaluru,6.4,1776,3,0
503662,146831,2026-03-13,23:14:00,3240.25,Jewellery,ATM,Web Browser,No,Pune,Pune,11.2,3409,1,0
504332,127033,2026-07-31,16:10:00,4380.49,ATM Withdrawal,POS,Web Browser,No,Ahmedabad,Ahmedabad,5.9,3179,1,0
502744,194731,2026-01-31,20:00:00,8599.62,Dining,ONLINE,ATM Machine,Yes,Delhi,Delhi,4.8,2197,2,0
505245,135099,2026-07-25,03:22:00,2551.17,E-commerce,POS,Web Browser,No,Pune,Pune,14.5,717,3,0
504873,105920,2026-03-23,06:55:00,4185.21,Dining,POS,POS Terminal,Yes,Pune,Pune,0.2,1905,0,0
502469,102698,2026-06-05,18:01:00,7532.8,Electronics,ONLINE,Mobile App,No,Ahmedabad,Ahmedabad,2.2,3299,1,0
502326,182311,2026-02-02,13:51:00,2967.73,Pharmacy,UPI,Mobile App,Yes,Rajpura,Rajpura,10.4,3283,3,0
500461,172331,2026-08-10,11:05:00,538.17,Utility Bill,ATM,Mobile App,Yes,Delhi,Delhi,9.0,591,1,0
501068,164088,2026-03-12,01:41:00,3932.99,Utility Bill,ONLINE,POS Terminal,No,Delhi,Delhi,8.5,703,2,0
500088,131236,2026-02-21,23:00:00,9911.01,Pharmacy,POS,POS Terminal,Yes,Kolkata,Kolkata,3.2,1889,1,0
501431,147027,2026-06-19,09:53:00,1652.7,ATM Withdrawal,ONLINE,USSD,Yes,Rajpura,Rajpura,5.4,3195,3,0
503740,183282,2026-05-28,16:08:00,2977.85,ATM Withdrawal,POS,Web Browser,No,Hyderabad,Hyderabad,6.1,2622,3,0
500283,167111,2026-05-12,18:51:00,656.47,Electronics,POS,USSD,Yes,Pune,Pune,11.5,3437,2,0
502484,132039,2026-01-27,06:34:00,2472.36,Grocery,ATM,Mobile App,Yes,Rajpura,Rajpura,8.2,3309,0,0
500463,174881,2026-03-25,23:15:00,12410.76,Travel,POS,Web Browser,Yes,Bengaluru,Bengaluru,6.8,638,0,0
500213,178899,2026-07-22,05:59:00,7151.35,ATM Withdrawal,ONLINE,ATM Machine,Yes,Pune,Pune,14.2,419,3,0
502589,197022,2026-04-18,12:53:00,4391.99,E-commerce,ONLINE,ATM Machine,Yes,Pune,Pune,2.3,3512,0,0
504292,192923,2026-08-17,14:21:00,3528.89,Fuel,POS,USSD,No,Rajpura,Rajpura,10.3,1972,0,0
502908,194883,2026-07-26,14:22:00,9341.65,ATM Withdrawal,POS,ATM Machine,Yes,Hyderabad,Hyderabad,6.9,3908,1,0
502582,146181,2026-02-23,08:35:00,7112.75,Jewellery,ATM,USSD,Yes,Mumbai,Mumbai,6.2,2814,2,0
501369,196313,2026-05-29,13:25:00,9603.1,Utility Bill,UPI,POS Terminal,Yes,Mumbai,Mumbai,5.9,474,0,0
500235,149275,2026-07-20,16:00:00,820.27,Grocery,UPI,USSD,Yes,Ahmedabad,Ahmedabad,7.0,1072,3,0
503923,148099,2026-03-20,06:46:00,5024.89,Travel,ONLINE,ATM Machine,Yes,Ahmedabad,Ahmedabad,5.6,81,2,0
500598,177946,2026-05-17,06:00:00,1255.01,Jewellery,ONLINE,ATM Machine,No,Kolkata,Kolkata,9.5,1432,4,0
505296,179874,2026-04-18,05:28:00,2304.3,Dining,ATM,USSD,No,Mumbai,Mumbai,5.8,734,5,0
502251,150641,2026-01-22,23:21:00,5449.01,Fuel,POS,ATM Machine,Yes,Hyderabad,Hyderabad,10.6,2646,3,0
505875,171177,2026-06-10,20:15:00,2131.35,Pharmacy,ONLINE,POS Terminal,No,Pune,Pune,2.3,2212,3,0
502284,178745,2026-01-28,17:53:00,6925.08,Fuel,ONLINE,POS Terminal,Yes,Pune,Pune,5.6,3383,0,0
500663,103514,2026-08-23,01:23:00,2861.48,Grocery,POS,Mobile App,No,Kolkata,Kolkata,3.2,1466,0,0
505955,168004,2026-01-24,04:35:00,2128.47,Dining,POS,Web Browser,Yes,Chennai,Chennai,10.5,1195,1,0
502286,183211,2026-07-07,18:50:00,1764.89,Dining,ONLINE,POS Terminal,No,Mumbai,Mumbai,11.5,1681,3,0
503432,177018,2026-08-08,01:47:00,3349.01,Grocery,UPI,USSD,Yes,Delhi,Delhi,7.1,1511,2,0
505656,121999,2026-01-02,22:17:00,5136.98,Grocery,UPI,Mobile App,Yes,Bengaluru,Bengaluru,0.5,3217,0,0
504321,165922,2026-01-20,16:27:00,4919.49,Utility Bill,ATM,POS Terminal,No,Jaipur,Jaipur,10.5,1645,2,0
503685,197553,2026-07-22,17:24:00,5487.86,Utility Bill,UPI,USSD,No,Hyderabad,Hyderabad,12.4,2965,1,0
505474,118152,2026-07-21,12:25:00,1672.82,Electronics,POS,POS Terminal,No,Hyderabad,Hyderabad,6.3,591,4,0
503469,152477,2026-07-02,01:21:00,611.83,Electronics,ATM,USSD,Yes,Rajpura,Rajpura,7.4,2815,2,0
503542,158023,2026-08-02,01:33:00,3654.7,ATM Withdrawal,UPI,Web Browser,No,Hyderabad,Hyderabad,8.0,3069,1,0
502991,145605,2026-06-21,16:33:00,5153.25,Electronics,ATM,Web Browser,No,Mumbai,Mumbai,6.9,3655,0,0
505334,189515,2026-08-09,10:33:00,1669.38,Electronics,UPI,ATM Machine,Yes,Bengaluru,Bengaluru,14.8,3522,3,0
500780,185052,2026-06-15,04:56:00,8481.81,Dining,POS,USSD,No,Bengaluru,Bengaluru,14.9,3087,3,0
502545,180528,2026-02-20,08:42:00,10012.91,Pharmacy,UPI,Web Browser,Yes,Delhi,Delhi,7.2,2435,0,0
505699,171895,2026-06-06,04:20:00,2646.69,Electronics,ATM,Web Browser,Yes,Jaipur,Jaipur,10.0,804,1,0
504619,163308,2026-04-09,02:11:00,5027.88,E-commerce,ONLINE,POS Terminal,No,Jaipur,Jaipur,6.6,2541,2,0
505777,139793,2026-05-19,19:38:00,2916.95,ATM Withdrawal,UPI,POS Terminal,No,Ahmedabad,Ahmedabad,10.2,1641,2,0
505651,192881,2026-01-20,14:35:00,1513.41,ATM Withdrawal,UPI,Mobile App,Yes,Kolkata,Kolkata,3.5,2037,4,0
505784,198126,2026-05-16,16:10:00,2355.86,Travel,ONLINE,USSD,No,Pune,Pune,2.4,3023,1,0
505797,186848,2026-04-30,22:46:00,2116.47,E-commerce,ONLINE,Web Browser,Yes,Kolkata,Kolkata,10.6,2772,1,0
500686,180087,2026-01-01,21:22:00,2086.97,E-commerce,POS,ATM Machine,No,Delhi,Delhi,0.7,569,2,0
503821,112617,2026-05-15,22:43:00,3279.41,Grocery,NEFT,Web Browser,No,Ahmedabad,Ahmedabad,0.4,3098,2,0
504702,105628,2026-06-04,21:08:00,2401.63,Grocery,POS,Web Browser,No,Jaipur,Jaipur,13.2,2465,4,0
503244,151890,2026-05-28,17:15:00,3726.82,Travel,ONLINE,Web Browser,No,Jaipur,Jaipur,9.3,3335,1,0
501749,180497,2026-02-28,03:11:00,8960.27,Fuel,POS,POS Terminal,No,Pune,Pune,4.6,213,4,0
504304,103417,2026-08-19,12:37:00,4701.52,Utility Bill,ATM,Mobile App,Yes,Mumbai,Mumbai,10.1,3525,3,0
504639,161545,2026-04-11,18:17:00,11292.38,E-commerce,ONLINE,USSD,No,Ahmedabad,Ahmedabad,3.8,1576,3,0
502838,189891,2026-08-20,11:52:00,2238.75,Grocery,ATM,USSD,No,Mumbai,Mumbai,14.8,872,1,0
503033,156322,2026-03-07,01:50:00,13742.05,Utility Bill,ATM,Web Browser,No,Hyderabad,Hyderabad,13.7,3611,1,0
502172,174498,2026-07-18,18:38:00,2641.42,E-commerce,ONLINE,POS Terminal,Yes,Jaipur,Jaipur,14.9,2322,4,0
503768,174916,2026-08-01,17:19:00,5962.1,Jewellery,POS,POS Terminal,No,Chennai,Chennai,7.8,418,0,0
501851,108181,2026-07-02,05:09:00,2055.96,E-commerce,POS,Mobile App,Yes,Chennai,Chennai,10.7,189,2,0
500488,153076,2026-07-27,19:52:00,490.38,ATM Withdrawal,ONLINE,Mobile App,No,Bengaluru,Bengaluru,8.1,2871,1,0
501689,193946,2026-03-30,06:11:00,4722.25,E-commerce,POS,Mobile App,No,Mumbai,Mumbai,6.6,969,0,0
502231,163265,2026-07-08,14:08:00,3724.13,Utility Bill,UPI,Mobile App,Yes,Chennai,Chennai,1.9,2237,0,0
503474,188569,2026-01-13,17:49:00,1804.48,Dining,POS,Web Browser,No,Hyderabad,Hyderabad,13.6,1899,2,0
504375,130332,2026-04-02,16:20:00,2465.71,E-commerce,UPI,USSD,No,Ahmedabad,Ahmedabad,0.4,321,1,0
502321,109882,2026-07-04,23:35:00,757.25,Grocery,ONLINE,ATM Machine,Yes,Hyderabad,Hyderabad,0.9,3239,2,0
500783,112273,2026-02-16,13:15:00,11541.94,Travel,ATM,POS Terminal,Yes,Chennai,Chennai,10.5,2822,2,0
500522,114617,2026-02-15,21:42:00,2374.91,ATM Withdrawal,UPI,Mobile App,Yes,Mumbai,Mumbai,5.9,291,1,0
500523,119229,2026-02-22,10:50:00,4559.31,Fuel,UPI,ATM Machine,No,Delhi,Delhi,14.2,1025,0,0
504018,115268,2026-02-18,20:29:00,6228.91,Grocery,UPI,Web Browser,Yes,Ahmedabad,Ahmedabad,1.4,3145,4,0
502940,116887,2026-07-12,14:07:00,3561.7,ATM Withdrawal,ONLINE,POS Terminal,No,Bengaluru,Bengaluru,14.2,1269,0,0
504681,132484,2026-01-27,11:40:00,702.58,Pharmacy,POS,POS Terminal,Yes,Rajpura,Rajpura,8.4,778,0,0
504827,119692,2026-05-10,15:27:00,2737.72,Dining,ONLINE,USSD,Yes,Pune,Pune,13.7,2206,1,0
502399,125191,2026-07-18,18:44:00,2808.35,Dining,POS,Web Browser,No,Rajpura,Rajpura,11.9,3480,1,0
502208,183916,2026-08-28,01:57:00,7217.44,Jewellery,POS,ATM Machine,Yes,Chennai,Chennai,5.5,1487,0,0
504519,171095,2026-01-02,00:47:00,2558.88,ATM Withdrawal,ONLINE,USSD,Yes,Pune,Pune,7.2,1061,1,0
500781,187792,2026-07-02,10:27:00,4079.68,ATM Withdrawal,POS,ATM Machine,No,Rajpura,Rajpura,13.6,2240,0,0
504688,128805,2026-07-24,08:31:00,3725.01,E-commerce,ONLINE,Web Browser,No,Pune,Pune,11.0,2191,5,0
503997,102554,2026-01-19,04:14:00,2363.52,Fuel,UPI,POS Terminal,No,Jaipur,Jaipur,9.0,3637,1,0
501512,122825,2026-04-30,01:26:00,2024.37,Travel,POS,POS Terminal,No,Chennai,Chennai,2.6,3132,1,0
501883,117783,2026-03-26,22:08:00,1034.53,Jewellery,ONLINE,POS Terminal,Yes,Jaipur,Jaipur,6.5,985,0,0
500652,165258,2026-08-23,04:21:00,4685.52,E-commerce,POS,Mobile App,No,Rajpura,Rajpura,3.5,1610,1,0
503948,136898,2026-08-13,00:40:00,1425.0,Utility Bill,UPI,USSD,No,Rajpura,Rajpura,1.7,1365,0,0
501802,146841,2026-03-01,08:23:00,1693.55,Jewellery,UPI,ATM Machine,Yes,Delhi,Delhi,2.4,2698,0,0
500370,177200,2026-03-12,04:28:00,1815.2,Jewellery,POS,ATM Machine,No,Mumbai,Mumbai,0.6,931,0,0
505235,137640,2026-03-02,09:02:00,3830.26,Utility Bill,POS,Mobile App,No,Mumbai,Mumbai,7.4,918,1,0
503732,185996,2026-01-22,11:47:00,732.75,ATM Withdrawal,UPI,POS Terminal,No,Delhi,Delhi,0.2,1887,3,0
500119,124547,2026-06-12,02:52:00,4065.97,Electronics,UPI,USSD,Yes,Pune,Pune,7.6,2553,4,0
500378,174678,2026-04-07,14:29:00,2734.21,Utility Bill,POS,Web Browser,No,Delhi,Delhi,13.6,785,3,0
500217,107925,2026-04-15,01:30:00,1591.84,Grocery,ATM,ATM Machine,Yes,Kolkata,Kolkata,3.1,1313,1,0
502217,145059,2026-02-14,03:08:00,1653.03,ATM Withdrawal,UPI,ATM Machine,Yes,Pune,Pune,13.6,596,0,0
504559,175053,2026-07-30,18:12:00,16780.03,Grocery,ONLINE,Web Browser,No,Pune,Pune,0.9,2159,2,0
501614,169308,2026-04-06,12:44:00,4908.84,Electronics,UPI,USSD,No,Hyderabad,Hyderabad,13.5,1474,2,0
502884,104911,2026-06-24,19:30:00,4035.09,ATM Withdrawal,UPI,USSD,No,Chennai,Chennai,3.8,2190,2,0
504296,199425,2026-03-24,04:46:00,2410.18,Pharmacy,ONLINE,Mobile App,Yes,Kolkata,Kolkata,14.6,380,0,0
505382,194863,2026-02-26,12:04:00,1658.42,Fuel,ATM,Mobile App,No,Pune,Pune,13.6,712,1,0
500963,184010,2026-03-27,02:21:00,12316.84,Grocery,ONLINE,ATM Machine,Yes,Chennai,Chennai,8.9,3269,1,0
505398,139329,2026-04-29,03:31:00,8810.74,Utility Bill,POS,ATM Machine,Yes,Rajpura,Rajpura,10.8,1200,2,0
502511,119916,2026-04-19,14:31:00,2432.25,Fuel,UPI,ATM Machine,Yes,Hyderabad,Hyderabad,0.5,3179,3,0
505630,102829,2026-02-20,22:14:00,2033.33,Fuel,POS,Mobile App,No,Pune,Pune,10.7,3588,2,0
504564,118810,2026-03-31,14:09:00,852.39,Travel,ONLINE,ATM Machine,Yes,Chennai,Chennai,0.3,694,2,0
503998,184569,2026-02-08,05:46:00,7762.02,E-commerce,ONLINE,Mobile App,No,Chennai,Chennai,5.9,433,0,0
500360,174860,2026-02-04,10:40:00,2270.52,Electronics,UPI,Mobile App,Yes,Pune,Pune,5.4,695,1,0
501247,185981,2026-01-11,00:16:00,6526.73,Fuel,POS,Web Browser,Yes,Delhi,Delhi,10.5,1465,1,0
503409,165928,2026-04-27,00:17:00,2521.84,E-commerce,UPI,ATM Machine,Yes,Bengaluru,Bengaluru,0.5,959,0,0
505084,143698,2026-01-21,00:38:00,7797.27,Fuel,ATM,ATM Machine,Yes,Pune,Pune,4.7,3751,0,0
502416,148618,2026-03-27,00:20:00,2281.01,Grocery,UPI,Web Browser,Yes,Mumbai,Mumbai,13.1,1173,2,0
505580,138541,2026-03-13,02:44:00,88335.37,Pharmacy,ONLINE,USSD,No,Kolkata,Jaipur,662.0,35,10,1
505320,122577,2026-06-24,10:13:00,6756.19,Grocery,POS,USSD,Yes,Ahmedabad,Ahmedabad,6.5,3634,4,0
502186,128931,2026-02-26,20:38:00,2383.14,E-commerce,POS,USSD,No,Rajpura,Rajpura,10.7,3766,0,0
503996,133504,2026-07-27,11:06:00,5766.85,E-commerce,ONLINE,Mobile App,Yes,Kolkata,Kolkata,1.8,1793,1,0
502568,163314,2026-08-14,03:34:00,10580.2,ATM Withdrawal,UPI,Mobile App,No,Delhi,Delhi,8.4,2760,1,0
503424,138277,2026-05-15,18:43:00,2005.83,ATM Withdrawal,POS,ATM Machine,No,Bengaluru,Bengaluru,11.8,2612,0,0
502038,104025,2026-06-22,00:19:00,4259.56,Electronics,ONLINE,Mobile App,Yes,Mumbai,Mumbai,9.9,575,1,0
505097,161560,2026-01-06,22:32:00,5361.59,Fuel,ATM,Web Browser,Yes,Ahmedabad,Ahmedabad,11.9,1901,1,0
500773,100489,2026-04-16,12:58:00,1560.69,Fuel,POS,Web Browser,No,Jaipur,Jaipur,4.6,671,4,0
501285,138181,2026-06-13,14:30:00,290.84,Travel,UPI,Mobile App,No,Delhi,Delhi,1.3,720,2,0
505513,190620,2026-05-21,04:09:00,1351.85,E-commerce,ATM,ATM Machine,No,Bengaluru,Bengaluru,1.6,3589,1,0
503563,142070,2026-04-28,04:14:00,2917.06,Utility Bill,ONLINE,Web Browser,Yes,Hyderabad,Hyderabad,8.1,2207,1,0
505680,104566,2026-06-22,16:39:00,1181.18,Dining,ATM,Web Browser,Yes,Delhi,Delhi,6.2,1076,1,0
502588,132071,2026-07-22,03:01:00,1261.65,Dining,UPI,ATM Machine,Yes,Pune,Pune,3.4,1643,1,0
505482,109310,2026-06-11,00:17:00,2977.86,Utility Bill,UPI,ATM Machine,No,Ahmedabad,Ahmedabad,3.7,2863,1,0
501415,158501,2026-06-18,10:33:00,466.96,Electronics,UPI,Web Browser,No,Bengaluru,Bengaluru,4.0,1747,1,0
501235,163700,2026-07-07,04:46:00,7810.8,Utility Bill,ONLINE,USSD,Yes,Chennai,Chennai,8.9,843,1,0
505201,143628,2026-03-25,20:39:00,9775.89,Pharmacy,NEFT,Mobile App,Yes,Jaipur,Jaipur,6.5,756,1,0
500436,112375,2026-07-24,16:15:00,580.23,Travel,ATM,ATM Machine,No,Mumbai,Mumbai,8.0,2205,2,0
501675,171760,2026-07-07,05:25:00,1650.33,ATM Withdrawal,ONLINE,Web Browser,Yes,Jaipur,Jaipur,6.2,2325,2,0
503300,180271,2026-04-08,16:44:00,3927.43,Fuel,ATM,Web Browser,Yes,Kolkata,Kolkata,8.8,3450,0,0
500366,151885,2026-01-03,19:15:00,379.24,Utility Bill,ATM,Mobile App,Yes,Kolkata,Kolkata,4.3,103,0,0
504509,126565,2026-06-10,01:42:00,2212.21,Travel,UPI,POS Terminal,Yes,Kolkata,Kolkata,5.3,883,2,0
500232,185660,2026-06-12,18:24:00,5345.59,Pharmacy,ONLINE,USSD,No,Hyderabad,Hyderabad,1.7,859,1,0
505103,124243,2026-01-08,08:46:00,898.09,ATM Withdrawal,UPI,USSD,No,Jaipur,Jaipur,3.2,2722,2,0
500148,123393,2026-04-14,04:44:00,1899.21,Electronics,UPI,Web Browser,Yes,Ahmedabad,Ahmedabad,4.9,3612,0,0
505267,154347,2026-02-20,22:57:00,2727.57,Travel,UPI,USSD,No,Delhi,Delhi,11.5,1531,0,0
503089,123133,2026-07-15,11:59:00,9741.64,Fuel,ONLINE,USSD,Yes,Delhi,Delhi,1.6,3020,2,0
504036,103204,2026-08-20,17:46:00,712.93,Fuel,POS,USSD,No,Kolkata,Kolkata,4.5,1080,1,0
503555,141455,2026-06-29,10:47:00,2461.26,E-commerce,POS,Mobile App,Yes,Kolkata,Kolkata,11.5,513,2,0
500408,114389,2026-03-03,04:40:00,3613.74,Travel,UPI,ATM Machine,Yes,Hyderabad,Hyderabad,1.9,2165,2,0
505539,181639,2026-02-08,14:13:00,4688.19,Utility Bill,ONLINE,ATM Machine,No,Rajpura,Rajpura,9.1,1321,1,0
503457,175040,2026-06-02,22:43:00,8270.82,E-commerce,UPI,Mobile App,Yes,Mumbai,Mumbai,8.6,1344,0,0
502091,188734,2026-05-19,23:53:00,3399.65,Electronics,ONLINE,POS Terminal,Yes,Pune,Pune,1.6,3625,1,0
500087,109722,2026-04-26,19:21:00,2861.56,Fuel,POS,ATM Machine,Yes,Kolkata,Kolkata,12.0,3563,0,0
503577,164583,2026-03-09,16:42:00,286.31,ATM Withdrawal,UPI,Web Browser,Yes,Chennai,Chennai,10.9,2153,3,0
503272,141183,2026-04-08,23:13:00,25741.26,Jewellery,NEFT,Web Browser,No,Mumbai,Bengaluru,448.9,15,7,1
500845,100547,2026-05-30,16:43:00,1793.94,Travel,ONLINE,USSD,Yes,Bengaluru,Bengaluru,6.3,748,1,0
501032,117299,2026-02-17,11:35:00,916.33,Travel,UPI,Web Browser,No,Ahmedabad,Ahmedabad,7.4,86,3,0
503719,168221,2026-06-18,01:05:00,623.42,Grocery,ONLINE,ATM Machine,Yes,Pune,Pune,9.9,1428,2,0
504330,187940,2026-08-25,09:34:00,12876.86,Fuel,ATM,Mobile App,Yes,Hyderabad,Hyderabad,3.5,3050,0,0
503856,171140,2026-04-06,10:30:00,4079.17,Electronics,ONLINE,POS Terminal,Yes,Kolkata,Kolkata,8.5,1487,0,0
502988,178174,2026-03-06,02:41:00,783.38,Pharmacy,ONLINE,POS Terminal,No,Delhi,Delhi,1.9,1462,3,0
504351,160837,2026-07-03,23:38:00,1940.31,Utility Bill,ONLINE,Mobile App,No,Rajpura,Rajpura,9.7,806,1,0
502629,161660,2026-07-29,07:53:00,2344.3,Jewellery,POS,POS Terminal,No,Bengaluru,Bengaluru,7.1,2832,3,0
503754,126912,2026-08-01,15:29:00,841.57,Utility Bill,UPI,ATM Machine,No,Bengaluru,Bengaluru,12.3,250,2,0
505305,123408,2026-06-08,20:24:00,219.39,Electronics,POS,POS Terminal,No,Ahmedabad,Ahmedabad,4.6,3304,2,0
500856,184940,2026-03-09,02:27:00,20676.83,Fuel,UPI,USSD,No,Rajpura,Kolkata,1487.1,22,4,1
503004,196057,2026-04-19,17:07:00,1065.76,Pharmacy,POS,ATM Machine,Yes,Kolkata,Kolkata,10.2,2765,2,0
500079,156449,2026-02-12,19:37:00,2273.43,Electronics,ATM,ATM Machine,Yes,Pune,Pune,5.4,3597,5,0
502993,119308,2026-06-11,22:07:00,1791.09,E-commerce,NEFT,USSD,No,Jaipur,Jaipur,13.5,3490,2,0
502248,117635,2026-07-10,20:27:00,11083.38,E-commerce,POS,POS Terminal,Yes,Chennai,Chennai,0.1,1010,1,0
504057,184687,2026-01-15,07:19:00,5130.17,E-commerce,NEFT,Mobile App,Yes,Ahmedabad,Ahmedabad,13.9,2248,1,0
505476,152961,2026-07-25,08:28:00,4629.97,Grocery,POS,Mobile App,Yes,Hyderabad,Hyderabad,8.2,3034,0,0
505516,169842,2026-07-02,03:04:00,824.87,Jewellery,UPI,ATM Machine,No,Kolkata,Kolkata,2.5,2344,1,0
500759,112792,2026-03-16,19:34:00,5426.95,Fuel,ONLINE,Mobile App,No,Bengaluru,Bengaluru,11.3,1475,3,0
504697,107535,2026-02-01,04:35:00,863.8,Dining,POS,Web Browser,No,Delhi,Delhi,2.4,3142,1,0
503356,144121,2026-04-01,23:23:00,4247.97,Travel,ONLINE,Mobile App,Yes,Delhi,Delhi,14.0,1329,4,0
500789,154450,2026-03-28,09:01:00,624.68,Travel,ONLINE,Web Browser,Yes,Bengaluru,Bengaluru,10.7,1672,4,0
502280,167225,2026-08-15,03:14:00,5217.28,Utility Bill,ATM,POS Terminal,Yes,Ahmedabad,Ahmedabad,10.5,2818,1,0
503675,164616,2026-03-22,06:46:00,535.93,Electronics,POS,ATM Machine,Yes,Kolkata,Kolkata,4.0,220,1,0
504248,119293,2026-03-17,04:44:00,8097.42,Dining,ONLINE,ATM Machine,Yes,Pune,Pune,3.2,1633,0,0
504978,111081,2026-01-21,19:50:00,2719.32,ATM Withdrawal,POS,ATM Machine,No,Kolkata,Kolkata,6.5,1351,0,0
504774,198717,2026-05-29,23:21:00,4592.66,Fuel,NEFT,Mobile App,Yes,Mumbai,Mumbai,14.1,993,1,0
504487,154338,2026-02-10,06:40:00,3366.36,Fuel,ATM,Mobile App,Yes,Jaipur,Jaipur,9.8,2928,0,0
504961,138169,2026-05-12,02:17:00,1764.3,E-commerce,ONLINE,USSD,No,Ahmedabad,Ahmedabad,5.7,1592,3,0
502177,110524,2026-01-24,02:36:00,1691.45,Grocery,ONLINE,USSD,Yes,Delhi,Delhi,4.3,332,1,0
500425,141703,2026-04-03,08:56:00,4510.56,Pharmacy,ONLINE,Mobile App,Yes,Jaipur,Jaipur,2.2,3861,0,0
500393,136720,2026-04-18,11:38:00,2913.97,Utility Bill,POS,Web Browser,Yes,Bengaluru,Bengaluru,1.3,3493,3,0
505891,174437,2026-02-13,11:11:00,2112.33,Fuel,ATM,USSD,No,Kolkata,Kolkata,6.9,3486,1,0
505666,146279,2026-04-03,02:20:00,1555.61,Fuel,POS,POS Terminal,Yes,Chennai,Chennai,6.2,2613,1,0
502240,188484,2026-01-17,15:19:00,3255.39,Travel,UPI,Web Browser,No,Kolkata,Kolkata,2.0,2581,1,0
500105,179683,2026-06-20,01:45:00,7782.56,Jewellery,ONLINE,Web Browser,No,Rajpura,Rajpura,13.5,3361,0,0
502673,185150,2026-04-13,04:14:00,2315.53,Travel,ONLINE,Web Browser,No,Bengaluru,Bengaluru,14.9,2437,0,0
505486,117497,2026-02-14,04:26:00,4353.89,Jewellery,UPI,ATM Machine,No,Ahmedabad,Ahmedabad,4.5,3105,1,0
505024,141976,2026-08-25,12:44:00,446.58,ATM Withdrawal,POS,Mobile App,Yes,Pune,Pune,5.7,105,2,0
502069,133043,2026-07-21,12:33:00,6640.74,Grocery,POS,Mobile App,Yes,Rajpura,Rajpura,1.6,1393,1,0
503976,169291,2026-07-25,22:52:00,875.89,ATM Withdrawal,ONLINE,Web Browser,No,Delhi,Delhi,0.8,1714,2,0
503494,174398,2026-06-02,12:32:00,3053.44,ATM Withdrawal,POS,USSD,Yes,Kolkata,Kolkata,1.0,3892,2,0
501949,100166,2026-05-18,07:20:00,2852.51,E-commerce,ONLINE,Web Browser,Yes,Pune,Pune,10.8,3142,2,0
501460,151608,2026-08-02,13:20:00,3745.22,E-commerce,ONLINE,ATM Machine,No,Ahmedabad,Ahmedabad,3.9,2048,2,0
501769,106768,2026-08-09,17:48:00,5694.29,Pharmacy,ONLINE,Web Browser,No,Bengaluru,Bengaluru,4.3,3015,1,0
503299,153885,2026-06-10,23:29:00,8052.52,Pharmacy,ONLINE,USSD,No,Rajpura,Rajpura,2.0,3760,0,0
505483,130181,2026-05-29,17:46:00,3703.97,Jewellery,ONLINE,Mobile App,Yes,Mumbai,Mumbai,5.0,2013,0,0
503832,120278,2026-07-22,23:05:00,7656.94,ATM Withdrawal,NEFT,POS Terminal,No,Rajpura,Rajpura,8.5,171,1,0
505742,162145,2026-08-14,13:52:00,4428.2,Jewellery,POS,USSD,No,Hyderabad,Hyderabad,9.4,707,2,0
501588,107810,2026-04-18,13:33:00,965.8,Pharmacy,UPI,ATM Machine,No,Delhi,Delhi,11.9,1268,1,0
504640,191923,2026-05-06,10:30:00,5503.67,E-commerce,UPI,USSD,Yes,Chennai,Chennai,7.7,3254,6,0
501732,190396,2026-05-25,08:42:00,7365.73,Electronics,UPI,Mobile App,No,Chennai,Chennai,14.8,161,1,0
505713,146352,2026-01-19,07:04:00,1056.41,Fuel,ONLINE,Web Browser,No,Rajpura,Rajpura,5.3,3839,1,0
504673,121050,2026-04-16,07:25:00,1702.22,Fuel,UPI,ATM Machine,Yes,Chennai,Chennai,2.5,2791,2,0
500183,149732,2026-06-28,01:14:00,3541.28,Pharmacy,POS,ATM Machine,No,Delhi,Delhi,9.7,1642,1,0
501792,188102,2026-08-05,02:36:00,5035.91,Fuel,ATM,USSD,Yes,Hyderabad,Hyderabad,0.8,2648,0,0
502356,136790,2026-08-18,23:23:00,2109.82,Grocery,POS,POS Terminal,Yes,Jaipur,Jaipur,2.8,955,2,0
501941,116439,2026-05-29,17:03:00,5105.79,Fuel,POS,Mobile App,Yes,Hyderabad,Hyderabad,13.4,1137,0,0
500703,116771,2026-06-01,14:29:00,628.96,Pharmacy,ONLINE,ATM Machine,No,Pune,Pune,11.0,3022,1,0
502443,100944,2026-02-21,10:02:00,807.44,Travel,ONLINE,POS Terminal,No,Chennai,Chennai,6.7,2230,1,0
505231,113520,2026-08-23,22:56:00,1667.27,Travel,POS,Mobile App,Yes,Rajpura,Rajpura,4.3,2056,1,0
500497,111889,2026-06-15,08:51:00,3096.76,ATM Withdrawal,ONLINE,USSD,Yes,Hyderabad,Hyderabad,5.0,251,1,0
504664,137673,2026-02-25,15:58:00,1098.06,Jewellery,NEFT,USSD,No,Ahmedabad,Ahmedabad,14.5,798,2,0
500465,100651,2026-06-28,23:09:00,3147.74,Pharmacy,POS,POS Terminal,Yes,Delhi,Delhi,14.3,2806,1,0
503801,192311,2026-08-07,08:46:00,2468.33,Electronics,UPI,Mobile App,No,Ahmedabad,Ahmedabad,12.1,528,2,0
505184,189312,2026-03-30,01:50:00,1848.68,Utility Bill,ONLINE,Mobile App,No,Ahmedabad,Ahmedabad,4.5,3652,0,0
500173,177154,2026-03-29,03:26:00,59329.47,E-commerce,ATM,Web Browser,No,Jaipur,Rajpura,1179.4,28,5,1
502021,130289,2026-08-08,12:41:00,2418.75,Jewellery,UPI,ATM Machine,Yes,Bengaluru,Bengaluru,3.1,1738,1,0
505751,188080,2026-06-29,19:27:00,2646.14,Pharmacy,ATM,ATM Machine,Yes,Delhi,Delhi,10.1,1389,0,0
505339,138934,2026-07-01,05:29:00,10734.23,E-commerce,ONLINE,USSD,Yes,Hyderabad,Hyderabad,7.9,123,1,0
502541,128977,2026-05-03,06:53:00,7241.45,Electronics,POS,Mobile App,No,Pune,Pune,9.2,2578,0,0
505948,193058,2026-02-20,01:16:00,1593.66,ATM Withdrawal,POS,Web Browser,No,Jaipur,Jaipur,6.2,1739,1,0
502010,163227,2026-07-04,21:07:00,8731.83,Fuel,UPI,USSD,Yes,Pune,Pune,9.8,2318,3,0
502261,102376,2026-05-07,23:34:00,2335.76,Electronics,NEFT,USSD,Yes,Hyderabad,Hyderabad,12.6,2071,1,0
503085,133962,2026-06-30,05:06:00,1017.66,Jewellery,POS,Web Browser,Yes,Kolkata,Kolkata,1.5,3042,2,0
502113,191437,2026-01-31,07:12:00,3734.06,Travel,POS,Web Browser,No,Delhi,Delhi,4.7,1527,1,0
500901,100437,2026-08-10,02:30:00,7364.37,Fuel,ATM,ATM Machine,Yes,Mumbai,Mumbai,2.9,3750,3,0
501447,193801,2026-04-25,01:15:00,9765.68,Dining,ATM,POS Terminal,No,Delhi,Delhi,7.4,3337,2,0
501912,188797,2026-06-22,11:24:00,9818.41,E-commerce,ATM,USSD,Yes,Pune,Pune,1.5,3500,5,0
503543,108502,2026-01-09,05:19:00,2786.24,Utility Bill,POS,USSD,No,Bengaluru,Bengaluru,6.9,2116,1,0
502698,141761,2026-04-25,06:36:00,2772.54,E-commerce,ATM,POS Terminal,Yes,Pune,Pune,12.9,3069,0,0
505633,152135,2026-01-28,12:40:00,876.53,Electronics,ATM,ATM Machine,Yes,Bengaluru,Bengaluru,4.6,3968,0,0
503663,196811,2026-03-10,10:48:00,2919.98,Electronics,UPI,Mobile App,No,Mumbai,Mumbai,4.9,2682,3,0
500742,176252,2026-03-02,21:56:00,2387.26,ATM Withdrawal,POS,USSD,Yes,Rajpura,Rajpura,0.7,3412,4,0
502294,174881,2026-02-13,08:28:00,3136.15,Electronics,UPI,POS Terminal,Yes,Mumbai,Mumbai,5.5,2218,0,0
502453,109505,2026-02-03,17:10:00,1975.7,Dining,UPI,Web Browser,Yes,Ahmedabad,Ahmedabad,8.5,2449,2,0
503706,150020,2026-02-19,13:54:00,3931.63,Electronics,ATM,Mobile App,No,Rajpura,Rajpura,12.6,744,0,0
504898,158297,2026-06-16,02:01:00,1237.71,E-commerce,POS,ATM Machine,No,Pune,Pune,8.0,688,2,0
501207,151507,2026-01-10,09:47:00,942.71,Fuel,POS,USSD,No,Jaipur,Jaipur,7.0,1032,3,0
500510,123665,2026-08-25,21:03:00,2768.59,Electronics,UPI,USSD,No,Mumbai,Mumbai,14.7,2242,1,0
505289,126481,2026-06-20,04:51:00,4603.12,Utility Bill,UPI,USSD,Yes,Bengaluru,Bengaluru,2.2,2408,3,0
503704,190578,2026-08-16,20:01:00,2306.1,Pharmacy,POS,Mobile App,No,Ahmedabad,Ahmedabad,6.7,3219,2,0
503969,158982,2026-04-20,14:12:00,2434.76,Jewellery,POS,Mobile App,No,Bengaluru,Bengaluru,9.3,1799,2,0
505432,122639,2026-01-26,00:32:00,432.34,Utility Bill,POS,POS Terminal,Yes,Delhi,Delhi,5.0,1445,3,0
501550,100474,2026-07-07,12:32:00,2332.76,Jewellery,UPI,Mobile App,No,Ahmedabad,Ahmedabad,14.9,2867,1,0
503030,189467,2026-08-24,17:21:00,486.92,Electronics,ONLINE,POS Terminal,No,Delhi,Delhi,1.0,2720,1,0
504523,153862,2026-05-07,01:57:00,407.36,Pharmacy,UPI,ATM Machine,Yes,Chennai,Chennai,4.1,753,2,0
502203,103916,2026-06-11,19:02:00,5527.79,E-commerce,UPI,Mobile App,No,Pune,Pune,0.9,3334,2,0
502567,180066,2026-04-23,18:49:00,2833.24,Utility Bill,ONLINE,USSD,Yes,Ahmedabad,Ahmedabad,0.1,1359,2,0
503790,131635,2026-01-03,09:29:00,2422.7,Jewellery,ONLINE,ATM Machine,No,Hyderabad,Hyderabad,8.3,2401,1,0
502045,127775,2026-04-08,19:49:00,2630.65,ATM Withdrawal,ATM,Mobile App,Yes,Kolkata,Kolkata,10.1,529,2,0
500768,147936,2026-08-21,18:51:00,5480.63,Dining,UPI,Web Browser,No,Pune,Pune,2.3,3338,1,0
505881,115571,2026-06-20,15:42:00,2446.46,Utility Bill,POS,POS Terminal,No,Bengaluru,Bengaluru,12.9,3179,4,0
503700,175963,2026-07-11,16:51:00,6313.55,Fuel,UPI,ATM Machine,No,Ahmedabad,Ahmedabad,10.9,351,3,0
501509,186326,2026-03-20,11:46:00,2631.18,E-commerce,POS,Web Browser,No,Hyderabad,Hyderabad,1.8,166,3,0
503135,171048,2026-04-13,15:12:00,3549.88,Dining,UPI,POS Terminal,Yes,Bengaluru,Bengaluru,13.1,2824,0,0
505834,124411,2026-06-12,12:57:00,5025.86,Dining,UPI,Web Browser,Yes,Ahmedabad,Ahmedabad,13.3,2117,1,0
500422,169425,2026-07-08,00:53:00,4383.35,Grocery,POS,Web Browser,Yes,Chennai,Chennai,9.9,2490,0,0
500124,147109,2026-08-23,09:31:00,1285.8,Fuel,UPI,ATM Machine,Yes,Kolkata,Kolkata,9.3,1102,0,0
505425,130070,2026-05-31,09:52:00,6540.05,E-commerce,POS,POS Terminal,Yes,Chennai,Chennai,0.1,2157,3,0
503716,128688,2026-06-14,05:37:00,1116.66,ATM Withdrawal,ONLINE,POS Terminal,Yes,Hyderabad,Hyderabad,5.1,1291,1,0
503293,123798,2026-01-03,11:45:00,1185.61,Jewellery,POS,USSD,Yes,Hyderabad,Hyderabad,9.2,3269,2,0
500820,199909,2026-05-30,05:10:00,3006.62,Fuel,ONLINE,Mobile App,Yes,Delhi,Delhi,4.2,1397,2,0
501404,132248,2026-03-11,14:02:00,4863.0,Pharmacy,UPI,ATM Machine,No,Bengaluru,Bengaluru,9.8,520,1,0
501383,134670,2026-04-23,18:06:00,3310.73,Travel,NEFT,Mobile App,Yes,Bengaluru,Bengaluru,2.3,732,2,0
502149,184730,2026-03-22,05:04:00,2568.17,Fuel,POS,ATM Machine,Yes,Mumbai,Mumbai,2.0,2790,3,0
505045,180812,2026-03-03,17:56:00,6677.8,Travel,ONLINE,POS Terminal,Yes,Bengaluru,Bengaluru,10.5,3661,2,0
501576,131839,2026-07-22,17:19:00,15827.74,Fuel,UPI,Mobile App,Yes,Delhi,Delhi,8.5,2242,3,0
501639,118235,2026-04-08,00:51:00,2540.25,Grocery,UPI,USSD,No,Rajpura,Rajpura,8.6,2609,0,0
501796,120208,2026-06-29,00:47:00,3263.94,Fuel,NEFT,Web Browser,No,Kolkata,Kolkata,2.8,438,1,0
503332,185098,2026-06-04,10:08:00,4443.67,Fuel,POS,USSD,No,Kolkata,Kolkata,1.9,3468,0,0
505771,133096,2026-08-19,18:05:00,4325.76,Dining,UPI,POS Terminal,No,Chennai,Chennai,2.5,2057,1,0
505337,173909,2026-03-06,07:02:00,2423.89,Pharmacy,ONLINE,Web Browser,No,Chennai,Chennai,10.3,112,1,0
500400,131032,2026-02-27,23:03:00,4849.99,Travel,POS,POS Terminal,Yes,Jaipur,Jaipur,6.7,638,0,0
503152,122517,2026-08-23,23:44:00,4114.06,Jewellery,POS,Mobile App,Yes,Delhi,Delhi,14.7,1488,1,0
502311,128056,2026-07-08,03:14:00,1891.12,Fuel,NEFT,ATM Machine,No,Mumbai,Mumbai,0.4,2904,1,0
500883,144877,2026-06-16,16:33:00,7099.81,E-commerce,ONLINE,Web Browser,No,Ahmedabad,Ahmedabad,0.5,2859,3,0
503566,126070,2026-08-08,12:52:00,2489.82,Fuel,POS,Mobile App,Yes,Jaipur,Jaipur,9.1,44,1,0
505965,174377,2026-01-22,07:17:00,657.6,E-commerce,UPI,ATM Machine,No,Bengaluru,Bengaluru,13.4,335,2,0
501180,102482,2026-05-31,12:07:00,6370.52,Utility Bill,UPI,Web Browser,No,Bengaluru,Bengaluru,12.1,1667,2,0
501353,149579,2026-03-27,08:57:00,1868.08,Grocery,ATM,Web Browser,Yes,Chennai,Chennai,2.1,2426,2,0
503883,157516,2026-07-20,17:02:00,2505.57,Fuel,POS,Web Browser,Yes,Chennai,Chennai,14.9,1475,2,0
505456,113666,2026-01-07,08:31:00,2903.17,ATM Withdrawal,POS,Mobile App,No,Chennai,Chennai,7.5,2141,2,0
502131,171798,2026-07-05,03:54:00,2081.54,Fuel,ONLINE,POS Terminal,Yes,Delhi,Delhi,9.8,242,2,0
500983,154703,2026-04-16,15:26:00,2971.57,ATM Withdrawal,POS,ATM Machine,Yes,Jaipur,Jaipur,13.9,589,1,0
500457,114820,2026-01-27,05:26:00,2841.59,Fuel,POS,ATM Machine,Yes,Bengaluru,Bengaluru,13.4,1280,3,0
501487,116256,2026-07-14,18:26:00,2746.86,Electronics,ONLINE,POS Terminal,Yes,Rajpura,Rajpura,2.3,3105,1,0
501080,183629,2026-05-01,17:37:00,1264.35,Travel,ATM,Web Browser,Yes,Chennai,Chennai,14.9,3838,3,0
501951,191541,2026-08-24,19:42:00,10876.98,E-commerce,ONLINE,Mobile App,Yes,Hyderabad,Hyderabad,6.8,569,1,0
505159,113799,2026-01-03,00:04:00,11357.15,Pharmacy,POS,POS Terminal,No,Ahmedabad,Ahmedabad,3.5,2010,0,0
500690,178261,2026-01-27,06:33:00,2053.8,Travel,ONLINE,Mobile App,Yes,Pune,Pune,8.3,3219,0,0
502430,127069,2026-02-03,19:34:00,11237.1,Travel,ONLINE,Mobile App,Yes,Pune,Pune,0.1,3048,3,0
500642,191633,2026-03-07,05:16:00,1373.99,Fuel,POS,USSD,No,Mumbai,Mumbai,1.2,3746,1,0
502393,161715,2026-01-22,14:37:00,6932.12,E-commerce,ATM,Mobile App,Yes,Jaipur,Jaipur,3.8,2175,1,0
502826,184214,2026-06-22,02:57:00,1401.29,Utility Bill,ONLINE,Mobile App,No,Ahmedabad,Ahmedabad,9.6,3424,3,0
501954,146500,2026-01-30,19:12:00,2568.31,Jewellery,NEFT,ATM Machine,Yes,Mumbai,Mumbai,4.0,154,0,0
503539,152791,2026-08-22,22:56:00,6899.35,Travel,UPI,POS Terminal,Yes,Pune,Pune,1.1,3119,3,0
503890,182440,2026-08-10,14:42:00,2751.12,Fuel,POS,Mobile App,Yes,Pune,Pune,0.9,2771,2,0
503059,138907,2026-06-23,21:36:00,1023.98,Jewellery,UPI,USSD,Yes,Jaipur,Jaipur,1.8,2656,1,0
503916,107815,2026-06-29,06:34:00,4042.72,Fuel,UPI,ATM Machine,No,Bengaluru,Bengaluru,8.6,1436,1,0
504801,161183,2026-06-18,10:02:00,1683.25,ATM Withdrawal,ONLINE,ATM Machine,Yes,Pune,Pune,0.4,192,2,0
502711,106606,2026-04-13,02:53:00,56728.46,Fuel,POS,Web Browser,No,Bengaluru,Pune,1961.2,47,9,1
501084,155596,2026-03-29,05:20:00,6167.61,Fuel,POS,USSD,No,Pune,Pune,3.5,2691,2,0
504449,155105,2026-08-04,04:36:00,4329.75,Dining,UPI,Web Browser,No,Kolkata,Kolkata,6.6,2678,0,0
505715,195723,2026-03-29,00:40:00,528.75,Utility Bill,UPI,POS Terminal,No,Hyderabad,Hyderabad,11.9,3400,0,0
504119,120748,2026-04-02,13:44:00,3380.37,Grocery,ONLINE,Web Browser,No,Pune,Pune,9.4,400,0,0
501885,161770,2026-01-13,12:05:00,2461.43,Utility Bill,UPI,Web Browser,No,Rajpura,Rajpura,0.6,1542,1,0
504511,129937,2026-01-18,18:55:00,495.98,Utility Bill,POS,USSD,Yes,Pune,Pune,14.7,1651,3,0
500390,115328,2026-01-14,01:24:00,1174.04,Travel,ONLINE,USSD,Yes,Hyderabad,Hyderabad,7.4,2861,4,0
502495,141868,2026-04-09,00:48:00,4999.97,Pharmacy,UPI,POS Terminal,No,Chennai,Chennai,14.9,3746,2,0
501852,125325,2026-03-09,04:05:00,2471.18,Electronics,POS,Web Browser,No,Pune,Pune,13.0,2897,0,0
503037,180242,2026-02-24,21:17:00,1253.82,E-commerce,ONLINE,POS Terminal,Yes,Hyderabad,Hyderabad,1.9,3738,3,0
505796,120401,2026-07-21,07:48:00,2891.99,E-commerce,UPI,POS Terminal,Yes,Rajpura,Rajpura,12.9,2375,3,0
503604,162354,2026-08-09,19:11:00,5087.89,Pharmacy,POS,Mobile App,Yes,Bengaluru,Bengaluru,11.7,352,1,0
500846,100542,2026-07-21,16:06:00,4883.43,Dining,ONLINE,USSD,Yes,Hyderabad,Hyderabad,8.9,779,1,0
500543,119481,2026-08-11,01:03:00,3232.43,Jewellery,POS,Mobile App,Yes,Chennai,Chennai,1.8,2915,2,0
503725,100882,2026-07-11,16:35:00,2892.11,Travel,UPI,Mobile App,No,Bengaluru,Bengaluru,4.6,3165,1,0
500092,180475,2026-07-15,09:43:00,2889.06,Fuel,ONLINE,ATM Machine,No,Jaipur,Jaipur,1.5,3485,1,0
503680,173345,2026-03-11,07:15:00,1915.91,Dining,POS,ATM Machine,Yes,Delhi,Delhi,5.1,3358,1,0
505642,128780,2026-04-02,09:32:00,4423.73,Jewellery,ONLINE,USSD,Yes,Hyderabad,Hyderabad,12.9,103,1,0
503905,187304,2026-05-15,06:47:00,7081.27,Jewellery,POS,ATM Machine,No,Hyderabad,Hyderabad,6.5,2696,2,0
501980,179444,2026-01-27,01:47:00,4243.49,Travel,UPI,Web Browser,Yes,Jaipur,Jaipur,10.3,324,0,0
503245,172886,2026-08-21,10:16:00,839.88,Grocery,ONLINE,POS Terminal,No,Ahmedabad,Ahmedabad,1.4,1498,2,0
503979,154230,2026-08-05,11:15:00,1433.35,E-commerce,ONLINE,ATM Machine,Yes,Bengaluru,Bengaluru,13.3,1168,1,0
503151,171291,2026-08-11,22:58:00,1431.23,Travel,ATM,Mobile App,Yes,Rajpura,Rajpura,2.7,1434,0,0
504901,134527,2026-05-07,23:01:00,3855.48,Electronics,POS,USSD,Yes,Mumbai,Mumbai,6.0,3975,3,0
504105,107783,2026-03-01,22:58:00,1571.41,Utility Bill,UPI,Web Browser,Yes,Kolkata,Kolkata,5.2,1765,5,0
504623,182656,2026-01-01,07:53:00,8037.7,E-commerce,ATM,Mobile App,No,Jaipur,Jaipur,12.6,2192,6,0
502965,173392,2026-05-18,00:59:00,3327.78,Utility Bill,UPI,POS Terminal,No,Rajpura,Rajpura,1.7,3251,1,0
503464,105088,2026-04-19,10:13:00,7045.88,Grocery,UPI,ATM Machine,Yes,Jaipur,Jaipur,1.9,2430,1,0
502530,157685,2026-01-02,13:00:00,4767.56,Travel,UPI,ATM Machine,Yes,Hyderabad,Hyderabad,11.8,708,2,0
504109,151244,2026-03-15,18:59:00,8706.91,Utility Bill,ONLINE,ATM Machine,Yes,Pune,Pune,9.4,2351,3,0
501677,114978,2026-04-13,08:27:00,3372.25,Electronics,POS,Mobile App,Yes,Ahmedabad,Ahmedabad,13.4,3430,3,0
501049,166844,2026-03-15,02:35:00,1513.02,Jewellery,POS,Web Browser,No,Ahmedabad,Ahmedabad,12.6,1959,1,0
502950,151954,2026-08-03,09:20:00,2181.31,Travel,POS,Web Browser,No,Kolkata,Kolkata,7.7,3682,3,0
501961,183967,2026-08-10,15:13:00,10289.59,Pharmacy,ONLINE,Web Browser,Yes,Chennai,Chennai,7.8,2549,2,0
502531,191575,2026-05-02,03:47:00,7621.77,Fuel,POS,Mobile App,No,Ahmedabad,Ahmedabad,1.0,844,2,0
504413,133344,2026-06-18,17:03:00,1089.0,Travel,POS,Web Browser,Yes,Jaipur,Jaipur,12.1,3330,4,0
504904,172020,2026-01-17,02:51:00,6445.97,Dining,POS,POS Terminal,No,Pune,Pune,3.5,99,4,0
503940,150982,2026-08-18,01:44:00,5073.23,Electronics,ONLINE,Mobile App,No,Hyderabad,Hyderabad,11.4,1637,4,0
500238,143208,2026-02-23,20:43:00,2617.67,Fuel,NEFT,POS Terminal,No,Bengaluru,Bengaluru,8.8,237,1,0
504150,138988,2026-07-15,23:12:00,5765.45,Electronics,POS,ATM Machine,No,Jaipur,Jaipur,10.3,1974,0,0
504858,163162,2026-02-05,01:08:00,35036.84,Dining,POS,USSD,No,Jaipur,Hyderabad,646.3,55,7,1
501134,176289,2026-08-02,13:12:00,6350.06,E-commerce,ATM,Mobile App,No,Rajpura,Rajpura,4.3,790,2,0
502881,104064,2026-02-28,09:37:00,3334.53,Pharmacy,ONLINE,Web Browser,No,Kolkata,Kolkata,0.6,1306,3,0
501806,104517,2026-07-28,16:39:00,3484.4,Pharmacy,UPI,Mobile App,No,Ahmedabad,Ahmedabad,4.5,2551,2,0
504959,191875,2026-02-05,19:48:00,6725.74,ATM Withdrawal,ATM,ATM Machine,No,Hyderabad,Hyderabad,6.8,3242,1,0
500164,140638,2026-06-23,00:26:00,4117.6,Utility Bill,POS,Mobile App,No,Delhi,Delhi,12.0,246,2,0
504528,109278,2026-08-21,22:08:00,4044.62,Grocery,UPI,Mobile App,Yes,Rajpura,Rajpura,5.8,2263,1,0
505705,131185,2026-08-11,06:33:00,10096.38,Pharmacy,POS,Web Browser,Yes,Delhi,Delhi,13.6,1210,1,0
505648,195585,2026-08-20,17:57:00,7440.04,Pharmacy,POS,POS Terminal,No,Delhi,Delhi,10.3,180,2,0
504429,177086,2026-02-05,05:52:00,6207.81,Electronics,ATM,Web Browser,No,Chennai,Chennai,7.5,3968,1,0
504499,124447,2026-02-21,00:58:00,8529.07,Fuel,ONLINE,Web Browser,Yes,Hyderabad,Hyderabad,6.5,3627,0,0
504327,185047,2026-02-15,07:09:00,2312.24,Travel,UPI,Web Browser,No,Rajpura,Rajpura,0.3,629,3,0
500266,158105,2026-04-01,17:37:00,1524.27,Jewellery,POS,ATM Machine,No,Mumbai,Mumbai,10.4,2086,2,0
502002,106206,2026-01-18,17:38:00,1909.18,Jewellery,UPI,ATM Machine,Yes,Ahmedabad,Ahmedabad,4.6,2494,1,0
501812,165251,2026-03-04,19:50:00,2655.97,E-commerce,ONLINE,POS Terminal,Yes,Hyderabad,Hyderabad,11.0,307,2,0
503278,124587,2026-06-09,13:38:00,7512.63,Travel,UPI,USSD,No,Delhi,Delhi,11.4,1971,1,0
505610,111902,2026-04-19,18:10:00,3521.5,E-commerce,POS,Mobile App,No,Pune,Pune,12.5,794,0,0
502979,128284,2026-02-20,03:27:00,1625.01,Dining,ONLINE,ATM Machine,Yes,Ahmedabad,Ahmedabad,2.9,3735,0,0
504261,122594,2026-02-13,22:52:00,2565.8,Electronics,POS,ATM Machine,Yes,Delhi,Delhi,9.6,2872,1,0
502907,162486,2026-05-06,02:55:00,3885.35,Electronics,POS,Web Browser,Yes,Rajpura,Rajpura,10.8,3600,2,0
504291,106806,2026-02-12,15:02:00,1059.37,E-commerce,UPI,POS Terminal,Yes,Chennai,Chennai,9.4,1743,3,0
505498,149702,2026-08-17,18:42:00,5467.7,Fuel,ATM,POS Terminal,No,Jaipur,Jaipur,13.1,2847,2,0
501429,126700,2026-02-21,00:19:00,2885.34,Grocery,POS,ATM Machine,No,Rajpura,Rajpura,0.0,1087,1,0
500399,128050,2026-07-05,23:47:00,574.42,Electronics,POS,Mobile App,Yes,Pune,Pune,11.6,3326,0,0
503965,119980,2026-04-27,10:15:00,7424.63,Grocery,UPI,Web Browser,No,Hyderabad,Hyderabad,7.5,1630,0,0
505006,195048,2026-01-02,03:01:00,2873.54,Pharmacy,UPI,USSD,No,Delhi,Delhi,0.4,3299,2,0
500948,113409,2026-05-20,13:07:00,1251.81,Pharmacy,ATM,ATM Machine,Yes,Kolkata,Kolkata,12.2,1383,0,0
503079,120608,2026-03-22,04:24:00,1831.1,Jewellery,ATM,USSD,No,Delhi,Delhi,13.6,2715,0,0
503139,146867,2026-08-23,09:15:00,5178.55,Dining,POS,USSD,No,Jaipur,Jaipur,3.8,1768,1,0
505348,147187,2026-02-09,04:05:00,6044.49,Fuel,ONLINE,Mobile App,No,Pune,Pune,14.7,3777,0,0
504924,167904,2026-05-20,15:57:00,3141.0,E-commerce,POS,POS Terminal,Yes,Delhi,Delhi,2.0,760,1,0
505574,168684,2026-05-10,14:57:00,2917.16,Dining,ONLINE,Web Browser,No,Rajpura,Rajpura,12.9,1494,2,0
505149,137014,2026-03-02,10:25:00,9504.79,Dining,UPI,USSD,No,Rajpura,Rajpura,0.5,3038,2,0
503230,183511,2026-05-24,09:17:00,544.77,Fuel,POS,Web Browser,Yes,Chennai,Chennai,9.5,1604,2,0
503995,151146,2026-02-21,11:13:00,3664.09,Grocery,UPI,Mobile App,No,Jaipur,Jaipur,6.7,3311,1,0
501453,105124,2026-01-19,07:35:00,673.37,Electronics,UPI,Mobile App,Yes,Rajpura,Rajpura,5.2,3210,1,0
500594,197956,2026-08-24,23:46:00,42373.18,Electronics,ONLINE,Web Browser,No,Ahmedabad,Bengaluru,1994.0,18,8,1
502726,161870,2026-01-05,21:19:00,3745.2,Fuel,ATM,ATM Machine,Yes,Hyderabad,Hyderabad,12.6,2594,2,0
500042,175808,2026-05-13,23:41:00,460.69,Dining,UPI,Mobile App,Yes,Chennai,Chennai,3.1,3590,2,0
500561,153650,2026-04-14,09:45:00,3051.1,Grocery,UPI,POS Terminal,No,Hyderabad,Hyderabad,13.3,56,2,0
504832,110728,2026-06-09,19:07:00,1600.15,E-commerce,UPI,Web Browser,Yes,Kolkata,Kolkata,10.1,2335,1,0
505151,115851,2026-03-22,04:01:00,7651.01,Travel,ONLINE,Mobile App,Yes,Mumbai,Mumbai,6.8,691,2,0
500490,160600,2026-03-03,04:07:00,1779.65,Electronics,ONLINE,Web Browser,Yes,Delhi,Delhi,7.4,3985,2,0
500244,164984,2026-06-24,08:46:00,3436.66,ATM Withdrawal,ONLINE,ATM Machine,Yes,Chennai,Chennai,12.4,55,1,0
503173,143184,2026-01-20,00:16:00,5157.37,Travel,UPI,Mobile App,No,Mumbai,Mumbai,12.9,3829,3,0
501340,140793,2026-01-05,20:54:00,3995.18,Dining,ONLINE,Mobile App,No,Pune,Pune,13.0,3355,1,0
503937,152384,2026-03-28,19:18:00,4047.22,Utility Bill,UPI,Web Browser,No,Pune,Pune,0.1,2611,2,0
505990,156300,2026-01-17,10:05:00,2359.43,Fuel,UPI,Web Browser,Yes,Pune,Pune,1.9,2479,0,0
500406,150073,2026-06-12,13:10:00,8377.11,Grocery,ONLINE,POS Terminal,Yes,Jaipur,Jaipur,8.3,2123,2,0
501443,193464,2026-04-29,00:59:00,1891.2,Grocery,UPI,ATM Machine,Yes,Pune,Pune,14.7,2349,0,0
500262,117059,2026-07-07,06:25:00,2006.61,Utility Bill,ATM,Mobile App,Yes,Kolkata,Kolkata,4.4,545,0,0
503913,119142,2026-04-22,09:48:00,8729.8,Utility Bill,NEFT,POS Terminal,No,Kolkata,Kolkata,14.5,1643,1,0
503538,113254,2026-06-11,23:31:00,2776.83,Electronics,ONLINE,Web Browser,No,Bengaluru,Bengaluru,7.6,2639,1,0
505469,155221,2026-06-17,23:56:00,6714.09,Jewellery,UPI,Mobile App,No,Ahmedabad,Ahmedabad,10.2,2417,0,0
501690,109407,2026-04-18,14:36:00,1246.83,Utility Bill,ONLINE,USSD,No,Jaipur,Jaipur,7.7,246,1,0
503479,140953,2026-06-01,00:42:00,1562.28,E-commerce,ONLINE,USSD,Yes,Bengaluru,Bengaluru,0.8,1111,0,0
501726,178295,2026-06-05,02:57:00,2268.38,Electronics,POS,POS Terminal,No,Hyderabad,Hyderabad,11.5,1339,0,0
501204,176142,2026-01-17,02:03:00,9258.71,Grocery,UPI,POS Terminal,Yes,Delhi,Delhi,11.5,3018,0,0
500835,185433,2026-05-31,07:12:00,2785.27,Fuel,NEFT,USSD,Yes,Mumbai,Mumbai,0.8,2375,2,0
501867,111099,2026-01-26,06:05:00,2975.8,Fuel,UPI,ATM Machine,Yes,Ahmedabad,Ahmedabad,3.0,2734,1,0
502497,180111,2026-04-26,20:58:00,2608.48,Jewellery,ONLINE,USSD,Yes,Jaipur,Jaipur,12.6,2902,3,0
503017,153242,2026-01-23,17:15:00,3173.09,ATM Withdrawal,NEFT,USSD,Yes,Chennai,Chennai,2.4,639,2,0
504512,152197,2026-05-04,04:19:00,4386.16,Pharmacy,UPI,Web Browser,No,Rajpura,Rajpura,11.2,2435,1,0
502011,149673,2026-03-12,17:33:00,464.69,ATM Withdrawal,NEFT,Mobile App,Yes,Pune,Pune,1.4,1930,2,0
503932,107501,2026-08-15,19:05:00,6550.03,ATM Withdrawal,POS,Web Browser,No,Mumbai,Mumbai,1.8,1301,0,0
500341,163482,2026-01-03,15:14:00,5245.17,Utility Bill,ONLINE,Mobile App,No,Bengaluru,Bengaluru,13.7,671,3,0
504173,150650,2026-04-24,21:55:00,3878.22,Jewellery,NEFT,Mobile App,Yes,Pune,Pune,12.3,1146,1,0
501602,173857,2026-05-12,09:44:00,3116.65,Electronics,NEFT,USSD,Yes,Mumbai,Mumbai,11.1,879,2,0
502797,187122,2026-06-09,14:05:00,323.41,Pharmacy,POS,USSD,Yes,Chennai,Chennai,1.1,3310,1,0
505368,158267,2026-06-09,20:48:00,3139.13,Grocery,ONLINE,Mobile App,No,Pune,Pune,9.6,3348,1,0
505760,100098,2026-07-22,11:59:00,1042.95,Dining,UPI,ATM Machine,Yes,Bengaluru,Bengaluru,11.3,2518,0,0
500481,128792,2026-03-31,23:58:00,1014.55,Dining,ONLINE,Mobile App,Yes,Hyderabad,Hyderabad,4.2,2926,2,0
503726,199026,2026-01-25,03:43:00,2262.29,Utility Bill,ATM,Mobile App,No,Bengaluru,Bengaluru,9.0,1404,1,0
505906,114794,2026-01-22,07:31:00,679.37,E-commerce,ATM,USSD,Yes,Kolkata,Kolkata,4.1,2890,0,0
502786,111750,2026-05-08,05:08:00,4056.53,Utility Bill,POS,POS Terminal,No,Pune,Pune,14.2,615,1,0
501524,115045,2026-05-15,14:23:00,6789.22,ATM Withdrawal,UPI,Web Browser,Yes,Chennai,Chennai,7.6,105,1,0
503622,122236,2026-01-26,03:22:00,7673.78,ATM Withdrawal,POS,ATM Machine,Yes,Pune,Pune,9.4,3279,1,0
504468,194984,2026-06-26,14:41:00,3652.86,Pharmacy,POS,ATM Machine,Yes,Kolkata,Kolkata,1.5,1639,1,0
505321,131493,2026-05-01,07:02:00,2132.51,Grocery,UPI,Mobile App,Yes,Ahmedabad,Ahmedabad,4.8,1583,1,0
505561,147583,2026-03-26,07:19:00,852.98,Jewellery,UPI,POS Terminal,Yes,Chennai,Chennai,11.4,556,3,0
505645,160967,2026-05-15,18:36:00,1834.94,ATM Withdrawal,POS,POS Terminal,Yes,Kolkata,Kolkata,3.4,2692,1,0
500800,144230,2026-02-12,19:27:00,6134.35,Grocery,ONLINE,Mobile App,Yes,Hyderabad,Hyderabad,1.2,3531,1,0
501767,150427,2026-06-07,02:48:00,835.96,Fuel,ONLINE,POS Terminal,Yes,Rajpura,Rajpura,7.0,622,3,0
505364,185364,2026-05-12,14:31:00,7475.44,Travel,UPI,Mobile App,Yes,Chennai,Chennai,2.5,830,1,0
503026,162681,2026-05-16,01:07:00,1610.28,Dining,UPI,USSD,Yes,Rajpura,Rajpura,1.9,2323,2,0
502454,146995,2026-03-29,00:44:00,7043.27,Utility Bill,UPI,Mobile App,No,Hyderabad,Hyderabad,10.5,307,1,0
504074,194239,2026-05-17,10:53:00,1803.57,Dining,ONLINE,ATM Machine,Yes,Rajpura,Rajpura,9.8,1991,2,0
504740,152143,2026-06-10,02:28:00,1312.45,Dining,UPI,POS Terminal,No,Chennai,Chennai,4.2,1548,0,0
504856,169184,2026-03-18,23:47:00,34867.94,Dining,UPI,Web Browser,No,Rajpura,Delhi,1137.2,11,8,1
503705,194446,2026-04-15,04:22:00,1056.11,ATM Withdrawal,UPI,USSD,No,Mumbai,Mumbai,11.9,2635,3,0
505611,127750,2026-03-08,04:54:00,923.97,Jewellery,ONLINE,Web Browser,No,Chennai,Chennai,1.4,1700,2,0
500364,189343,2026-04-05,12:23:00,870.11,Utility Bill,ONLINE,Web Browser,Yes,Bengaluru,Bengaluru,7.0,1821,2,0
501272,110928,2026-01-29,06:26:00,2585.0,Utility Bill,ONLINE,Mobile App,No,Mumbai,Mumbai,8.8,3363,1,0
502004,145825,2026-03-02,21:21:00,3680.18,Travel,ONLINE,POS Terminal,Yes,Chennai,Chennai,12.0,1431,1,0
505395,154308,2026-02-15,11:57:00,4207.28,Jewellery,POS,Mobile App,No,Pune,Pune,10.4,3870,3,0
504246,127935,2026-01-12,17:36:00,4959.81,Utility Bill,ONLINE,USSD,No,Kolkata,Kolkata,3.2,2934,0,0
505624,187323,2026-08-09,23:19:00,1555.19,Pharmacy,ONLINE,Mobile App,No,Mumbai,Mumbai,2.5,2111,1,0
504958,137337,2026-03-29,06:34:00,756.93,Travel,ONLINE,USSD,No,Pune,Pune,11.6,1841,1,0
500348,193603,2026-08-11,10:39:00,3311.71,Electronics,ONLINE,POS Terminal,No,Jaipur,Jaipur,13.0,3271,2,0
503351,115902,2026-02-15,01:36:00,453.45,Travel,ONLINE,Web Browser,No,Hyderabad,Hyderabad,7.5,3761,2,0
505896,179834,2026-04-05,17:37:00,5423.26,Dining,POS,Web Browser,Yes,Hyderabad,Hyderabad,14.3,1648,0,0
503614,107406,2026-05-27,18:26:00,3387.89,Jewellery,ONLINE,Web Browser,No,Kolkata,Kolkata,3.0,3741,1,0
505719,100662,2026-05-07,07:45:00,946.57,ATM Withdrawal,ATM,ATM Machine,Yes,Jaipur,Jaipur,13.6,839,0,0
502563,166670,2026-01-02,01:14:00,1119.28,Dining,UPI,ATM Machine,No,Jaipur,Jaipur,9.9,1895,2,0
503028,174726,2026-05-16,02:37:00,44333.45,E-commerce,POS,Web Browser,No,Delhi,Hyderabad,807.9,52,4,1
504181,165307,2026-07-05,03:56:00,8971.99,Fuel,ONLINE,USSD,No,Rajpura,Rajpura,8.2,3073,1,0
505499,199002,2026-06-18,19:38:00,591.36,Utility Bill,UPI,POS Terminal,Yes,Mumbai,Mumbai,5.4,1247,1,0
501424,167459,2026-07-02,20:26:00,2299.11,Electronics,NEFT,POS Terminal,No,Ahmedabad,Ahmedabad,4.3,470,1,0
500657,176627,2026-04-01,06:01:00,4124.19,Travel,ONLINE,Mobile App,Yes,Rajpura,Rajpura,10.2,3952,1,0
503084,124075,2026-05-18,09:09:00,4133.59,Grocery,UPI,POS Terminal,No,Mumbai,Mumbai,10.5,688,0,0
505525,161322,2026-01-13,19:19:00,2148.21,Pharmacy,UPI,POS Terminal,Yes,Chennai,Chennai,14.0,3321,2,0
502103,117216,2026-02-02,07:57:00,3143.35,Fuel,ATM,USSD,Yes,Delhi,Delhi,0.7,1247,0,0
500633,143389,2026-02-28,01:03:00,12540.83,Fuel,UPI,USSD,Yes,Delhi,Delhi,3.4,2830,1,0
504861,105912,2026-05-04,04:36:00,8955.26,ATM Withdrawal,ATM,POS Terminal,Yes,Mumbai,Mumbai,1.0,913,1,0
502494,161047,2026-01-25,21:51:00,4380.9,Grocery,POS,POS Terminal,No,Rajpura,Rajpura,12.1,997,2,0
502666,153648,2026-06-21,08:25:00,503.6,Fuel,ONLINE,Web Browser,No,Mumbai,Mumbai,7.4,2398,4,0
504339,174038,2026-03-14,03:23:00,4228.57,Fuel,POS,Mobile App,Yes,Rajpura,Rajpura,5.1,2913,6,0
505669,175829,2026-02-06,20:35:00,882.1,Fuel,NEFT,ATM Machine,Yes,Hyderabad,Hyderabad,7.7,488,1,0
504404,193704,2026-03-18,23:39:00,2564.15,Dining,ONLINE,Mobile App,Yes,Delhi,Delhi,3.4,609,1,0
505541,128427,2026-01-18,22:48:00,2799.05,Fuel,POS,Web Browser,Yes,Rajpura,Rajpura,0.1,369,2,0
502335,155315,2026-04-26,15:17:00,3857.96,E-commerce,ATM,Web Browser,Yes,Jaipur,Jaipur,4.7,2411,1,0
503549,130753,2026-05-18,07:46:00,1171.28,ATM Withdrawal,POS,USSD,Yes,Jaipur,Jaipur,7.8,2822,0,0
504594,172847,2026-08-22,16:00:00,1177.42,Pharmacy,UPI,POS Terminal,No,Jaipur,Jaipur,5.9,3109,0,0
502501,169941,2026-06-10,14:14:00,1108.35,Electronics,ONLINE,USSD,Yes,Bengaluru,Bengaluru,2.2,984,3,0
503620,108671,2026-02-09,00:57:00,3124.07,Electronics,POS,POS Terminal,No,Pune,Pune,11.0,1333,4,0
501466,111159,2026-05-10,20:52:00,2864.42,ATM Withdrawal,ATM,Mobile App,No,Pune,Pune,2.1,2415,2,0
503941,154473,2026-06-05,09:24:00,4164.49,Travel,ONLINE,Web Browser,Yes,Pune,Pune,4.3,3113,3,0
504014,148926,2026-02-05,13:09:00,1168.24,Grocery,ATM,Mobile App,No,Ahmedabad,Ahmedabad,0.4,3247,1,0
505406,138786,2026-05-26,05:36:00,2825.24,E-commerce,ATM,Web Browser,No,Mumbai,Mumbai,13.3,3061,3,0
500116,156873,2026-04-21,13:51:00,11229.8,Dining,ONLINE,Web Browser,Yes,Delhi,Delhi,11.4,1477,2,0
501822,176479,2026-05-02,17:53:00,958.97,Grocery,ATM,Web Browser,No,Pune,Pune,12.2,2805,1,0
501495,141013,2026-02-22,02:18:00,2062.24,Pharmacy,POS,ATM Machine,No,Rajpura,Rajpura,5.9,1162,3,0
502402,156641,2026-04-20,08:21:00,919.38,Jewellery,POS,Mobile App,Yes,Bengaluru,Bengaluru,0.5,374,3,0
503875,162083,2026-06-16,18:12:00,3214.14,Grocery,ATM,Web Browser,Yes,Rajpura,Rajpura,5.8,1592,2,0
501233,197034,2026-04-25,23:01:00,74204.01,Dining,ONLINE,USSD,No,Kolkata,Ahmedabad,277.0,34,6,1
502662,177490,2026-04-27,05:38:00,1774.44,Fuel,POS,POS Terminal,No,Delhi,Delhi,0.2,2759,1,0
502818,186729,2026-04-02,14:09:00,9076.92,Utility Bill,POS,POS Terminal,Yes,Rajpura,Rajpura,11.9,1830,3,0
505701,162297,2026-04-24,06:44:00,4052.52,Utility Bill,ATM,Mobile App,No,Hyderabad,Hyderabad,8.1,3352,0,0
505479,109328,2026-05-08,18:01:00,5120.2,Utility Bill,ATM,Web Browser,No,Delhi,Delhi,7.8,3848,1,0
501154,190954,2026-06-26,10:24:00,3651.6,Electronics,POS,USSD,No,Rajpura,Rajpura,0.3,3218,1,0
503910,190589,2026-05-05,20:52:00,2336.9,Pharmacy,UPI,POS Terminal,Yes,Bengaluru,Bengaluru,7.0,620,3,0
504761,196711,2026-02-24,01:27:00,59953.67,Dining,ATM,Web Browser,No,Bengaluru,Rajpura,1088.8,18,8,1
505327,156548,2026-02-26,08:24:00,5253.87,Travel,UPI,ATM Machine,No,Delhi,Delhi,6.5,3662,1,0
500058,115428,2026-01-09,22:51:00,4564.18,Grocery,POS,Mobile App,Yes,Hyderabad,Hyderabad,10.8,421,1,0
505583,170957,2026-04-12,05:12:00,6687.16,Travel,ATM,Web Browser,Yes,Delhi,Delhi,3.3,2951,0,0
503884,145488,2026-08-12,08:50:00,6422.64,Electronics,POS,USSD,Yes,Mumbai,Mumbai,2.5,3359,3,0
503062,130833,2026-04-03,02:02:00,1288.01,Dining,ONLINE,USSD,Yes,Ahmedabad,Ahmedabad,2.8,1618,0,0
505180,140236,2026-02-20,15:58:00,7127.8,Travel,ATM,POS Terminal,No,Hyderabad,Hyderabad,11.4,3717,1,0
505935,183785,2026-04-11,10:23:00,3071.67,ATM Withdrawal,UPI,POS Terminal,Yes,Delhi,Delhi,2.2,1614,3,0
501736,179808,2026-02-24,01:30:00,9761.05,Jewellery,NEFT,Web Browser,Yes,Bengaluru,Bengaluru,15.0,1067,3,0
505402,168874,2026-02-20,06:55:00,2802.98,Fuel,ONLINE,USSD,No,Rajpura,Rajpura,10.9,1499,0,0
502824,197588,2026-06-01,17:10:00,6546.29,ATM Withdrawal,UPI,POS Terminal,No,Mumbai,Mumbai,4.5,1271,2,0
502197,129070,2026-07-06,01:11:00,698.62,Pharmacy,ONLINE,POS Terminal,Yes,Chennai,Chennai,14.7,1224,0,0
500160,178389,2026-05-04,20:42:00,4502.06,ATM Withdrawal,ONLINE,USSD,Yes,Bengaluru,Bengaluru,10.4,1890,1,0
504101,109187,2026-05-21,21:17:00,1362.55,Fuel,POS,Web Browser,No,Rajpura,Rajpura,8.0,1146,1,0
502476,142272,2026-02-02,15:04:00,5248.56,ATM Withdrawal,ONLINE,Web Browser,No,Rajpura,Rajpura,10.7,3965,3,0
502565,143968,2026-05-21,17:21:00,797.68,Pharmacy,POS,USSD,No,Delhi,Delhi,8.3,1000,1,0
504295,192705,2026-07-22,23:56:00,2714.6,E-commerce,ONLINE,USSD,No,Ahmedabad,Ahmedabad,1.4,3640,2,0
505050,191219,2026-01-11,03:57:00,3091.34,Electronics,UPI,ATM Machine,No,Bengaluru,Bengaluru,3.3,1735,2,0
504140,150454,2026-01-21,23:24:00,2702.77,Dining,NEFT,Mobile App,No,Pune,Pune,6.2,1374,2,0
502609,152617,2026-08-18,08:13:00,540.89,Jewellery,POS,POS Terminal,Yes,Ahmedabad,Ahmedabad,11.8,223,1,0
505856,158814,2026-05-19,23:04:00,1750.86,Grocery,POS,Web Browser,Yes,Rajpura,Rajpura,8.1,1480,2,0
500708,157242,2026-06-30,10:46:00,3067.41,E-commerce,UPI,POS Terminal,Yes,Chennai,Chennai,8.8,3549,2,0
503047,172764,2026-05-15,22:46:00,8989.16,Electronics,ATM,Mobile App,No,Jaipur,Jaipur,8.4,3965,1,0
505555,155471,2026-06-18,03:40:00,3733.84,Utility Bill,POS,ATM Machine,Yes,Hyderabad,Hyderabad,10.2,1554,2,0
501094,139256,2026-04-21,00:52:00,4450.65,Pharmacy,ATM,ATM Machine,Yes,Kolkata,Kolkata,8.4,2567,3,0
504575,171132,2026-02-06,09:45:00,781.9,Jewellery,ONLINE,POS Terminal,Yes,Hyderabad,Hyderabad,5.3,3518,1,0
501377,196232,2026-05-28,08:30:00,6585.48,Electronics,ONLINE,ATM Machine,Yes,Hyderabad,Hyderabad,9.4,1928,3,0
505898,195768,2026-01-04,10:25:00,2214.05,ATM Withdrawal,POS,Mobile App,No,Chennai,Chennai,0.3,996,1,0
500073,146293,2026-08-10,11:53:00,6227.34,Electronics,NEFT,POS Terminal,Yes,Ahmedabad,Ahmedabad,11.1,3474,5,0
501923,182545,2026-06-26,08:07:00,4607.68,ATM Withdrawal,POS,Mobile App,No,Pune,Pune,15.0,2454,0,0
504439,134433,2026-04-06,18:55:00,3512.35,Pharmacy,UPI,Web Browser,Yes,Mumbai,Mumbai,11.9,2707,1,0
504306,177017,2026-02-20,13:49:00,2286.88,Travel,POS,Web Browser,No,Kolkata,Kolkata,11.5,1470,0,0
501765,157577,2026-07-27,11:34:00,2642.25,Electronics,POS,Web Browser,No,Kolkata,Kolkata,9.3,1985,3,0
500744,127053,2026-03-23,01:12:00,6013.64,Utility Bill,POS,USSD,Yes,Mumbai,Mumbai,12.8,3809,2,0
504075,132461,2026-05-02,01:52:00,5860.85,Jewellery,POS,POS Terminal,No,Ahmedabad,Ahmedabad,3.6,320,2,0
501006,192104,2026-03-01,13:12:00,2215.93,ATM Withdrawal,POS,Web Browser,Yes,Mumbai,Mumbai,10.1,3117,1,0
502669,107670,2026-02-26,13:58:00,2807.06,Electronics,ONLINE,POS Terminal,No,Mumbai,Mumbai,11.8,3883,3,0
501191,141551,2026-06-15,18:07:00,1091.1,Jewellery,POS,Mobile App,Yes,Kolkata,Kolkata,11.9,960,5,0
504317,197884,2026-06-07,18:52:00,4056.51,ATM Withdrawal,POS,USSD,No,Chennai,Chennai,13.3,1997,2,0
502602,121453,2026-07-07,10:11:00,4320.4,Travel,ONLINE,ATM Machine,Yes,Kolkata,Kolkata,2.8,3729,2,0
501126,184357,2026-02-04,02:21:00,2907.01,E-commerce,ONLINE,Mobile App,Yes,Jaipur,Jaipur,11.5,548,2,0
501242,177733,2026-06-25,02:26:00,82684.84,Travel,UPI,Web Browser,No,Hyderabad,Ahmedabad,1886.8,1,3,1
504038,161437,2026-08-11,07:58:00,3001.86,E-commerce,UPI,POS Terminal,No,Hyderabad,Hyderabad,6.9,3649,1,0
505373,136012,2026-05-16,09:22:00,3974.41,Fuel,ATM,Mobile App,No,Ahmedabad,Ahmedabad,12.3,3466,1,0
504945,103583,2026-05-21,19:03:00,1903.99,Utility Bill,NEFT,POS Terminal,No,Hyderabad,Hyderabad,4.2,2605,1,0
505652,173906,2026-03-27,21:08:00,2756.61,Travel,ONLINE,Web Browser,No,Delhi,Delhi,13.4,1011,3,0
503352,193850,2026-07-26,12:42:00,3909.25,ATM Withdrawal,ATM,POS Terminal,Yes,Delhi,Delhi,14.8,3932,1,0
500999,196176,2026-04-19,05:03:00,966.59,Utility Bill,ONLINE,ATM Machine,Yes,Kolkata,Kolkata,11.2,3955,2,0
504462,133901,2026-06-26,05:01:00,3648.26,Fuel,POS,USSD,No,Rajpura,Rajpura,4.8,3243,1,0
503825,159398,2026-07-27,16:31:00,5842.06,E-commerce,POS,POS Terminal,Yes,Mumbai,Mumbai,11.0,327,0,0
504032,152187,2026-05-16,05:50:00,2542.49,ATM Withdrawal,NEFT,USSD,Yes,Bengaluru,Bengaluru,13.9,1939,2,0
502685,150533,2026-04-15,15:53:00,2551.14,Jewellery,UPI,ATM Machine,No,Hyderabad,Hyderabad,13.7,2051,2,0
505195,137022,2026-06-12,19:23:00,5360.79,Grocery,ONLINE,POS Terminal,No,Mumbai,Mumbai,10.5,330,1,0
501578,179920,2026-02-12,18:52:00,7220.81,Dining,ONLINE,USSD,Yes,Chennai,Chennai,9.7,2148,1,0
503907,171524,2026-08-13,00:12:00,6279.07,E-commerce,POS,ATM Machine,No,Rajpura,Rajpura,11.3,376,1,0
503730,163902,2026-08-19,17:46:00,2188.65,Dining,ONLINE,Web Browser,Yes,Hyderabad,Hyderabad,14.2,3872,2,0
503669,142597,2026-06-13,08:36:00,3862.2,Grocery,UPI,Web Browser,Yes,Delhi,Delhi,6.8,95,1,0
505743,189052,2026-02-23,03:49:00,2916.42,Utility Bill,ATM,ATM Machine,Yes,Pune,Pune,11.4,2877,1,0
501827,110522,2026-05-24,10:48:00,1412.12,Dining,POS,Web Browser,No,Bengaluru,Bengaluru,12.3,137,3,0
501344,157486,2026-01-27,07:00:00,5504.68,ATM Withdrawal,POS,USSD,Yes,Hyderabad,Hyderabad,8.9,2106,2,0
505984,182187,2026-07-01,04:50:00,5386.04,Pharmacy,POS,Web Browser,Yes,Hyderabad,Hyderabad,9.2,3147,1,0
505147,147562,2026-06-29,12:17:00,4045.0,Jewellery,ONLINE,POS Terminal,Yes,Chennai,Chennai,12.0,1472,1,0
504952,105037,2026-02-13,05:43:00,1842.59,Dining,ONLINE,ATM Machine,Yes,Delhi,Delhi,4.0,1434,1,0
500441,197311,2026-04-08,01:30:00,90239.88,E-commerce,ONLINE,Web Browser,No,Rajpura,Hyderabad,892.8,40,9,1
505941,125531,2026-01-27,11:43:00,7151.98,ATM Withdrawal,ONLINE,Web Browser,Yes,Bengaluru,Bengaluru,8.7,1107,3,0
501101,147971,2026-07-08,07:55:00,3839.18,Electronics,POS,Mobile App,No,Kolkata,Kolkata,13.9,661,4,0
502638,174345,2026-01-19,11:12:00,313.42,Travel,UPI,POS Terminal,Yes,Rajpura,Rajpura,4.1,2790,3,0
504218,134153,2026-07-07,14:09:00,2679.06,E-commerce,ONLINE,ATM Machine,Yes,Pune,Pune,12.3,2902,0,0
500650,184855,2026-01-11,02:48:00,83309.44,ATM Withdrawal,ATM,USSD,No,Hyderabad,Bengaluru,1111.9,50,10,1
501547,168746,2026-07-29,21:20:00,6361.39,ATM Withdrawal,NEFT,POS Terminal,Yes,Hyderabad,Hyderabad,1.9,1364,0,0
503232,121307,2026-06-02,19:14:00,2798.91,ATM Withdrawal,POS,ATM Machine,No,Bengaluru,Bengaluru,8.7,3142,0,0
504491,118812,2026-03-15,08:18:00,2142.09,Travel,ONLINE,USSD,No,Rajpura,Rajpura,1.9,2704,3,0
504557,115574,2026-01-19,18:43:00,9844.33,Dining,UPI,Web Browser,Yes,Ahmedabad,Ahmedabad,7.0,2640,0,0
504574,188801,2026-01-22,09:34:00,3593.36,Travel,UPI,POS Terminal,No,Ahmedabad,Ahmedabad,13.6,1760,1,0
504146,127948,2026-03-19,05:46:00,3089.5,Utility Bill,POS,Mobile App,Yes,Kolkata,Kolkata,15.0,1477,1,0
502853,111407,2026-01-03,16:17:00,5022.25,Pharmacy,POS,POS Terminal,Yes,Pune,Pune,0.1,3356,3,0
503504,120153,2026-08-20,06:38:00,4392.15,Fuel,ATM,POS Terminal,Yes,Pune,Pune,6.8,1609,0,0
505385,106053,2026-04-15,04:05:00,471.42,Pharmacy,POS,ATM Machine,Yes,Bengaluru,Bengaluru,3.2,1773,1,0
504691,100154,2026-05-28,05:13:00,3328.37,Electronics,ATM,Mobile App,No,Chennai,Chennai,7.0,924,1,0
500631,173693,2026-08-21,00:32:00,4953.02,Electronics,ATM,POS Terminal,Yes,Kolkata,Kolkata,3.1,716,2,0
500673,163621,2026-04-14,06:40:00,6099.58,Utility Bill,UPI,Web Browser,Yes,Chennai,Chennai,11.9,3670,3,0
501250,197790,2026-08-18,00:15:00,4265.11,Dining,ONLINE,ATM Machine,No,Hyderabad,Hyderabad,13.0,509,3,0
504088,192915,2026-05-06,10:05:00,7096.33,Electronics,ONLINE,Web Browser,Yes,Chennai,Chennai,11.5,3609,0,0
500483,125051,2026-08-10,00:06:00,456.74,Electronics,POS,Web Browser,Yes,Jaipur,Jaipur,14.6,330,0,0
501585,163570,2026-07-04,01:17:00,2727.03,ATM Withdrawal,ATM,Mobile App,No,Mumbai,Mumbai,0.6,2341,2,0
504234,126457,2026-03-27,13:59:00,2795.61,Pharmacy,POS,Mobile App,Yes,Hyderabad,Hyderabad,10.6,338,0,0
505544,179950,2026-01-21,23:20:00,13537.74,Fuel,POS,Mobile App,Yes,Rajpura,Rajpura,13.8,3057,0,0
504205,129666,2026-05-10,10:41:00,4772.3,Fuel,ONLINE,USSD,Yes,Hyderabad,Hyderabad,4.4,1264,2,0
501463,104751,2026-07-02,13:18:00,2845.04,Pharmacy,ONLINE,POS Terminal,No,Bengaluru,Bengaluru,4.7,55,2,0
503041,139515,2026-05-19,21:58:00,1650.39,Travel,ONLINE,Mobile App,No,Ahmedabad,Ahmedabad,2.7,3097,0,0
504471,140221,2026-02-23,00:52:00,1536.07,Electronics,ATM,Web Browser,Yes,Pune,Pune,14.4,3053,2,0
504811,120352,2026-01-15,23:39:00,4047.83,Dining,POS,Mobile App,Yes,Chennai,Chennai,0.0,1605,2,0
504611,109239,2026-07-13,19:29:00,3381.03,Utility Bill,POS,Web Browser,Yes,Chennai,Chennai,8.5,2092,0,0
505973,149744,2026-06-19,12:08:00,4499.53,Fuel,ONLINE,Mobile App,Yes,Pune,Pune,5.8,3868,3,0
503274,140335,2026-07-04,11:46:00,3326.24,ATM Withdrawal,ONLINE,Web Browser,Yes,Chennai,Chennai,9.8,2468,3,0
503239,188295,2026-07-25,22:07:00,1324.75,Utility Bill,POS,Mobile App,No,Hyderabad,Hyderabad,7.2,2896,0,0
503132,146092,2026-07-15,21:09:00,1601.44,Fuel,ONLINE,Mobile App,Yes,Hyderabad,Hyderabad,7.4,871,3,0
503684,156997,2026-03-11,06:04:00,3057.69,Pharmacy,ONLINE,ATM Machine,No,Kolkata,Kolkata,11.1,434,2,0
502579,196929,2026-03-22,20:13:00,415.26,Utility Bill,UPI,POS Terminal,No,Jaipur,Jaipur,3.8,1454,2,0
505411,102174,2026-03-20,03:32:00,3681.51,E-commerce,UPI,POS Terminal,Yes,Mumbai,Mumbai,7.0,2926,1,0
500050,177837,2026-05-02,20:21:00,1946.89,E-commerce,POS,USSD,Yes,Chennai,Chennai,9.1,3835,2,0
505126,174672,2026-06-22,20:48:00,1699.72,Dining,UPI,ATM Machine,Yes,Delhi,Delhi,5.9,1130,0,0
504217,148863,2026-02-18,04:33:00,1580.48,E-commerce,UPI,Web Browser,No,Pune,Pune,12.7,2458,2,0
500859,166912,2026-07-07,22:57:00,6481.26,ATM Withdrawal,UPI,ATM Machine,Yes,Kolkata,Kolkata,8.2,3849,1,0
503226,177184,2026-05-20,16:52:00,1784.59,Dining,UPI,Web Browser,No,Hyderabad,Hyderabad,10.2,2540,0,0
501073,175651,2026-04-09,11:03:00,6527.77,Utility Bill,ONLINE,Web Browser,Yes,Hyderabad,Hyderabad,6.4,2925,2,0
500720,159958,2026-06-09,11:15:00,233.44,Grocery,UPI,POS Terminal,Yes,Hyderabad,Hyderabad,4.1,3453,4,0
502200,116769,2026-02-26,00:34:00,6990.07,Utility Bill,ONLINE,Web Browser,Yes,Jaipur,Jaipur,1.6,2709,3,0
502632,168041,2026-07-06,04:56:00,2484.06,Utility Bill,UPI,POS Terminal,Yes,Hyderabad,Hyderabad,7.0,1470,0,0
505849,160381,2026-02-24,16:44:00,4547.44,Electronics,UPI,USSD,No,Chennai,Chennai,7.2,1671,0,0
501661,161967,2026-05-19,18:41:00,3295.49,Fuel,ONLINE,ATM Machine,No,Hyderabad,Hyderabad,8.3,125,0,0
501657,184738,2026-07-28,17:35:00,3581.36,Electronics,UPI,Mobile App,No,Rajpura,Rajpura,13.6,2773,2,0
502426,156121,2026-05-12,15:37:00,2244.89,Travel,POS,Web Browser,No,Kolkata,Kolkata,1.2,3208,2,0
505527,158747,2026-08-04,03:04:00,3891.67,Pharmacy,ONLINE,ATM Machine,No,Chennai,Chennai,7.3,425,3,0
505055,104954,2026-05-31,05:42:00,480.13,Pharmacy,ONLINE,USSD,No,Delhi,Delhi,2.1,3833,2,0
505966,109950,2026-01-28,15:52:00,5182.63,Electronics,ONLINE,Mobile App,No,Rajpura,Rajpura,13.1,346,1,0
504405,126123,2026-05-19,20:01:00,3039.9,Electronics,POS,Mobile App,Yes,Rajpura,Rajpura,3.4,3244,2,0
503098,131384,2026-02-25,02:48:00,2811.07,Dining,ONLINE,Web Browser,No,Ahmedabad,Ahmedabad,14.3,2057,2,0
503977,164400,2026-02-28,20:28:00,4837.43,E-commerce,UPI,Mobile App,No,Bengaluru,Bengaluru,8.0,926,3,0
505367,108637,2026-02-06,07:35:00,5568.8,Dining,ATM,POS Terminal,Yes,Ahmedabad,Ahmedabad,8.3,511,3,0
505878,124462,2026-05-25,10:40:00,2198.37,Pharmacy,POS,Mobile App,Yes,Hyderabad,Hyderabad,0.4,347,2,0
505698,176749,2026-03-19,19:36:00,4664.36,E-commerce,ONLINE,Web Browser,No,Delhi,Delhi,13.2,1788,2,0
503190,183411,2026-07-18,14:11:00,912.83,Travel,UPI,ATM Machine,Yes,Bengaluru,Bengaluru,10.2,1447,0,0
503990,147530,2026-01-04,01:30:00,6942.96,Travel,UPI,Web Browser,No,Pune,Pune,5.0,3658,2,0
502935,180798,2026-07-01,00:17:00,3188.33,Grocery,POS,ATM Machine,No,Chennai,Chennai,10.8,3783,3,0
504941,172712,2026-08-13,23:51:00,32746.79,Pharmacy,ONLINE,Web Browser,No,Chennai,Ahmedabad,631.6,9,11,1
504258,108973,2026-05-03,14:33:00,2725.36,ATM Withdrawal,UPI,USSD,Yes,Jaipur,Jaipur,10.3,2080,1,0
502607,153242,2026-06-09,22:24:00,2309.17,ATM Withdrawal,ONLINE,POS Terminal,No,Chennai,Chennai,12.2,1288,1,0
501386,123509,2026-04-24,21:46:00,13758.05,Fuel,ONLINE,POS Terminal,Yes,Mumbai,Mumbai,6.6,131,3,0
505572,169187,2026-04-05,05:59:00,1530.87,Grocery,POS,POS Terminal,No,Ahmedabad,Ahmedabad,3.4,541,2,0
501400,129938,2026-05-17,13:43:00,3014.35,Jewellery,ATM,POS Terminal,No,Kolkata,Kolkata,11.9,246,2,0
501196,163376,2026-04-07,06:32:00,6407.73,Jewellery,POS,Web Browser,Yes,Rajpura,Rajpura,12.9,3576,3,0
501409,100153,2026-08-04,08:25:00,4100.99,Dining,UPI,POS Terminal,No,Pune,Pune,2.2,447,0,0
501846,161675,2026-01-23,10:13:00,2292.99,Dining,ONLINE,Mobile App,No,Chennai,Chennai,9.1,1039,1,0
501799,147886,2026-03-09,12:53:00,2828.37,Pharmacy,POS,ATM Machine,Yes,Pune,Pune,11.8,2221,2,0
503958,173413,2026-04-10,21:40:00,12470.07,Grocery,UPI,USSD,Yes,Rajpura,Rajpura,8.1,2415,3,0
501476,130206,2026-01-01,14:30:00,2847.38,Utility Bill,UPI,USSD,No,Ahmedabad,Ahmedabad,7.2,1261,7,0
505219,105165,2026-06-16,20:27:00,1729.32,ATM Withdrawal,UPI,POS Terminal,Yes,Bengaluru,Bengaluru,11.3,1466,0,0
500036,106381,2026-08-12,19:27:00,8185.72,Dining,UPI,Web Browser,No,Mumbai,Mumbai,11.2,1655,2,0
504865,187925,2026-05-01,10:45:00,856.6,ATM Withdrawal,ATM,USSD,Yes,Rajpura,Rajpura,4.4,3131,3,0
502346,125744,2026-05-05,17:22:00,2740.37,E-commerce,ONLINE,POS Terminal,Yes,Jaipur,Jaipur,9.8,2901,3,0
500445,150836,2026-01-24,06:36:00,6182.6,Grocery,POS,Web Browser,No,Mumbai,Mumbai,9.2,723,0,0
505357,169468,2026-01-02,19:52:00,2880.3,Fuel,ATM,Mobile App,No,Bengaluru,Bengaluru,2.4,2381,0,0
503313,192994,2026-03-19,04:02:00,1890.04,Pharmacy,ONLINE,USSD,Yes,Kolkata,Kolkata,4.1,2743,1,0
502360,120837,2026-07-19,07:42:00,2855.41,Utility Bill,UPI,ATM Machine,Yes,Rajpura,Rajpura,7.9,1671,3,0
503007,159906,2026-02-23,08:28:00,1393.54,Grocery,ATM,ATM Machine,Yes,Ahmedabad,Ahmedabad,0.4,184,1,0
503655,166861,2026-01-25,10:27:00,2475.41,Jewellery,POS,USSD,No,Jaipur,Jaipur,6.6,3627,4,0
502207,113430,2026-02-08,20:34:00,5136.87,Pharmacy,POS,ATM Machine,No,Kolkata,Kolkata,1.5,3659,1,0
504328,142509,2026-08-11,05:21:00,2647.02,Pharmacy,POS,ATM Machine,No,Kolkata,Kolkata,7.5,465,4,0
505133,147650,2026-02-25,16:20:00,4950.09,Pharmacy,ONLINE,Web Browser,No,Hyderabad,Hyderabad,1.0,352,1,0
503658,192167,2026-04-19,19:21:00,8700.5,E-commerce,POS,Web Browser,No,Ahmedabad,Ahmedabad,14.7,183,0,0
503180,116979,2026-04-26,10:34:00,7461.25,E-commerce,POS,ATM Machine,Yes,Rajpura,Rajpura,2.5,1547,1,0
503423,160063,2026-07-22,08:52:00,4124.3,E-commerce,UPI,ATM Machine,No,Kolkata,Kolkata,7.3,2245,6,0
501287,190780,2026-08-02,17:27:00,8049.88,Pharmacy,ATM,USSD,No,Hyderabad,Hyderabad,7.6,2595,0,0
504446,141615,2026-01-04,07:25:00,593.35,Travel,NEFT,USSD,Yes,Mumbai,Mumbai,7.6,67,0,0
500350,116460,2026-03-11,10:37:00,1198.59,ATM Withdrawal,POS,POS Terminal,No,Hyderabad,Hyderabad,0.9,3133,1,0
503417,161556,2026-07-22,13:32:00,3728.98,Jewellery,UPI,Mobile App,No,Kolkata,Kolkata,10.8,1010,0,0
502138,102322,2026-07-21,10:45:00,3687.83,Fuel,ATM,POS Terminal,No,Jaipur,Jaipur,0.3,32,2,0
502692,160720,2026-06-09,12:21:00,1689.26,Electronics,ONLINE,USSD,No,Jaipur,Jaipur,9.8,1928,0,0
502637,133557,2026-06-16,00:58:00,9864.73,E-commerce,UPI,POS Terminal,Yes,Mumbai,Mumbai,9.1,2283,2,0
504017,127076,2026-01-31,09:21:00,4049.55,ATM Withdrawal,ONLINE,Mobile App,No,Rajpura,Rajpura,12.2,611,3,0
501682,101246,2026-08-15,16:14:00,607.66,Dining,ATM,ATM Machine,Yes,Hyderabad,Hyderabad,11.3,888,4,0
505433,133285,2026-05-05,08:41:00,6417.3,Utility Bill,UPI,USSD,No,Pune,Pune,4.8,1942,1,0
501693,165740,2026-04-17,14:36:00,5335.31,Dining,ATM,Mobile App,Yes,Chennai,Chennai,7.8,3628,1,0
504425,131447,2026-04-25,18:53:00,3898.94,Grocery,POS,USSD,Yes,Delhi,Delhi,8.5,3115,0,0
504777,133548,2026-01-06,13:52:00,3947.03,Utility Bill,ONLINE,POS Terminal,No,Kolkata,Kolkata,11.7,1498,1,0
503636,147255,2026-01-14,15:22:00,3849.51,Dining,UPI,USSD,Yes,Pune,Pune,5.2,2735,1,0
500373,141021,2026-03-20,00:11:00,619.66,ATM Withdrawal,POS,USSD,No,Jaipur,Jaipur,11.2,2511,1,0
504605,121091,2026-02-28,22:30:00,421.16,Fuel,UPI,ATM Machine,Yes,Ahmedabad,Ahmedabad,5.1,3673,0,0
500141,198272,2026-07-01,08:17:00,4344.71,Electronics,UPI,POS Terminal,No,Chennai,Chennai,8.7,3786,1,0
505591,108172,2026-07-31,02:33:00,93855.04,ATM Withdrawal,UPI,USSD,No,Delhi,Hyderabad,693.0,48,7,1
500715,192010,2026-08-18,10:39:00,1527.43,E-commerce,POS,POS Terminal,No,Jaipur,Jaipur,3.6,2351,0,0
503189,105940,2026-08-12,05:34:00,5922.49,Dining,UPI,USSD,Yes,Kolkata,Kolkata,10.7,3831,2,0
505400,187072,2026-07-30,02:39:00,699.59,Utility Bill,ATM,USSD,Yes,Mumbai,Mumbai,2.0,1411,0,0
504190,190008,2026-06-12,01:52:00,396.21,Fuel,ATM,Web Browser,No,Jaipur,Jaipur,2.3,1931,0,0
500407,143369,2026-06-02,11:58:00,10222.03,Pharmacy,ONLINE,Web Browser,No,Ahmedabad,Ahmedabad,1.0,3497,0,0
500021,150034,2026-07-03,09:06:00,599.05,Travel,POS,POS Terminal,No,Bengaluru,Bengaluru,5.9,1588,0,0
501005,112826,2026-05-20,06:00:00,1200.17,E-commerce,ONLINE,Web Browser,No,Chennai,Chennai,14.6,3294,1,0
502412,104945,2026-05-30,09:16:00,4873.86,Pharmacy,POS,Mobile App,Yes,Ahmedabad,Ahmedabad,5.6,3287,1,0
502546,139752,2026-06-27,00:46:00,4495.22,Electronics,ONLINE,ATM Machine,No,Rajpura,Rajpura,0.1,1503,1,0
502391,145448,2026-08-24,07:16:00,2474.64,Utility Bill,UPI,ATM Machine,Yes,Jaipur,Jaipur,12.6,2763,0,0
504819,153417,2026-08-15,16:13:00,5667.85,E-commerce,ATM,USSD,No,Pune,Pune,4.6,587,1,0
500043,170051,2026-05-21,12:37:00,2777.05,Travel,ATM,POS Terminal,Yes,Chennai,Chennai,10.1,2951,2,0
502831,192289,2026-07-29,00:57:00,38732.75,Pharmacy,ONLINE,USSD,No,Jaipur,Delhi,1945.8,58,2,1
503372,123833,2026-08-28,20:47:00,9848.6,Jewellery,POS,ATM Machine,No,Chennai,Chennai,5.3,2876,1,0
503023,138683,2026-06-02,16:23:00,441.12,ATM Withdrawal,NEFT,Web Browser,Yes,Ahmedabad,Ahmedabad,3.0,3787,1,0
503365,116124,2026-08-09,13:24:00,878.42,Utility Bill,ONLINE,USSD,Yes,Chennai,Chennai,4.6,3649,0,0
500012,197561,2026-04-19,11:51:00,4141.64,Fuel,POS,USSD,No,Ahmedabad,Ahmedabad,9.7,2057,1,0
501178,119160,2026-06-29,20:39:00,881.51,Fuel,ONLINE,ATM Machine,Yes,Ahmedabad,Ahmedabad,14.6,324,1,0
501948,191683,2026-08-23,01:53:00,88191.1,Electronics,UPI,USSD,No,Delhi,Ahmedabad,1706.9,29,5,1
502502,109983,2026-06-14,12:14:00,4090.96,Travel,ONLINE,Web Browser,No,Chennai,Chennai,4.3,465,2,0
502864,161221,2026-03-19,15:29:00,2390.3,Fuel,UPI,POS Terminal,No,Jaipur,Jaipur,2.5,3253,3,0
503866,177664,2026-07-18,01:09:00,2501.65,E-commerce,POS,ATM Machine,No,Ahmedabad,Ahmedabad,14.8,1021,2,0
501027,107764,2026-06-07,04:49:00,3384.83,Fuel,UPI,ATM Machine,No,Bengaluru,Bengaluru,8.9,33,0,0
503849,174041,2026-05-16,01:08:00,1344.89,E-commerce,ONLINE,Mobile App,Yes,Hyderabad,Hyderabad,9.5,1615,4,0
502990,142816,2026-02-12,21:27:00,2905.27,E-commerce,ATM,Web Browser,No,Bengaluru,Bengaluru,6.9,3321,1,0
500962,140877,2026-02-08,18:23:00,2675.22,Electronics,ATM,POS Terminal,No,Kolkata,Kolkata,1.5,2598,2,0
502890,119512,2026-06-30,01:14:00,2447.16,Utility Bill,POS,Mobile App,No,Delhi,Delhi,3.9,2027,1,0
503016,145970,2026-07-28,20:48:00,6036.88,Grocery,POS,USSD,No,Delhi,Delhi,9.6,2466,1,0
503339,185825,2026-03-15,15:55:00,2483.16,Dining,UPI,Web Browser,No,Hyderabad,Hyderabad,4.3,3146,2,0
504231,107344,2026-02-05,17:54:00,2613.3,Utility Bill,UPI,ATM Machine,No,Mumbai,Mumbai,2.4,1897,0,0
500736,167122,2026-07-05,04:53:00,1639.98,Travel,ONLINE,Mobile App,Yes,Hyderabad,Hyderabad,9.5,636,4,0
501441,177953,2026-02-26,20:37:00,2946.97,Travel,UPI,POS Terminal,No,Delhi,Delhi,0.5,3774,2,0
502876,151575,2026-05-22,08:36:00,3747.4,Pharmacy,ONLINE,ATM Machine,Yes,Bengaluru,Bengaluru,3.9,1895,2,0
503987,131011,2026-01-13,08:46:00,5119.37,Grocery,POS,USSD,Yes,Kolkata,Kolkata,3.7,2947,1,0
500917,154300,2026-01-06,19:17:00,1478.94,Electronics,UPI,Mobile App,Yes,Mumbai,Mumbai,9.8,1150,2,0
505003,162730,2026-01-01,20:39:00,8380.59,ATM Withdrawal,ONLINE,ATM Machine,Yes,Hyderabad,Hyderabad,5.3,3474,0,0
504090,198099,2026-04-19,22:34:00,10127.07,Grocery,ONLINE,Web Browser,No,Bengaluru,Bengaluru,14.1,3316,1,0
505542,116178,2026-01-04,02:09:00,7397.64,E-commerce,UPI,Web Browser,Yes,Rajpura,Rajpura,5.4,827,3,0
504686,172787,2026-03-13,16:40:00,3071.71,Travel,POS,USSD,Yes,Rajpura,Rajpura,14.4,1769,0,0
502773,120344,2026-08-12,10:49:00,1513.59,Grocery,UPI,Mobile App,Yes,Pune,Pune,2.4,2864,1,0
501625,155335,2026-03-14,01:20:00,3739.0,Pharmacy,NEFT,POS Terminal,Yes,Rajpura,Rajpura,13.9,1976,0,0
505670,168383,2026-03-17,09:10:00,4819.98,Jewellery,POS,ATM Machine,No,Pune,Pune,13.6,1367,2,0
500822,166567,2026-04-08,00:17:00,2524.07,Travel,POS,USSD,No,Hyderabad,Hyderabad,10.8,2114,1,0
501368,145327,2026-04-17,19:44:00,1504.7,Dining,POS,ATM Machine,No,Kolkata,Kolkata,12.7,1947,1,0
503713,180699,2026-02-22,07:05:00,3698.45,Dining,POS,Mobile App,No,Pune,Pune,6.4,175,1,0
505999,175288,2026-05-22,18:25:00,1489.9,Jewellery,ONLINE,USSD,Yes,Chennai,Chennai,7.6,3428,1,0
500851,198003,2026-07-07,21:34:00,681.21,Electronics,UPI,USSD,Yes,Chennai,Chennai,4.9,2195,2,0
501001,180829,2026-08-10,16:53:00,3424.91,E-commerce,NEFT,Web Browser,Yes,Jaipur,Jaipur,7.7,3207,1,0
504653,133141,2026-04-22,20:28:00,1437.0,Pharmacy,ONLINE,Web Browser,No,Jaipur,Jaipur,13.4,3577,1,0
504115,129108,2026-01-31,09:11:00,2162.51,E-commerce,ONLINE,Web Browser,Yes,Ahmedabad,Ahmedabad,13.1,3826,1,0
501638,162178,2026-04-25,23:17:00,48521.03,Pharmacy,ONLINE,USSD,No,Hyderabad,Ahmedabad,550.7,17,9,1
501668,167761,2026-03-18,23:25:00,5229.56,Fuel,ONLINE,USSD,Yes,Kolkata,Kolkata,7.2,1231,1,0
503174,134463,2026-04-26,03:40:00,5436.77,Electronics,POS,ATM Machine,Yes,Pune,Pune,3.9,2737,3,0
504561,148836,2026-02-04,12:29:00,3612.48,Utility Bill,UPI,Mobile App,Yes,Ahmedabad,Ahmedabad,0.9,1185,3,0
501348,170087,2026-02-15,10:47:00,8475.76,Jewellery,UPI,Mobile App,No,Chennai,Chennai,9.8,1243,4,0
505721,197998,2026-07-08,13:18:00,1601.91,Electronics,ONLINE,Web Browser,Yes,Kolkata,Kolkata,8.5,3483,0,0
503231,184105,2026-07-05,20:41:00,2625.55,E-commerce,POS,USSD,Yes,Pune,Pune,9.6,3024,1,0
504211,115103,2026-06-27,11:47:00,2183.27,Travel,POS,Mobile App,No,Bengaluru,Bengaluru,10.2,1931,2,0
504607,124010,2026-01-12,13:40:00,4412.28,Utility Bill,ONLINE,USSD,Yes,Pune,Pune,12.4,3258,0,0
503233,167658,2026-04-13,08:30:00,1989.56,Utility Bill,POS,POS Terminal,No,Pune,Pune,6.4,2051,2,0
504902,165732,2026-07-20,22:00:00,1372.84,Travel,ONLINE,ATM Machine,No,Mumbai,Mumbai,5.2,1622,3,0
500704,117128,2026-05-20,22:16:00,3974.54,Utility Bill,ONLINE,Web Browser,Yes,Delhi,Delhi,4.3,3787,1,0
504782,159212,2026-02-16,16:56:00,1012.84,Fuel,ATM,USSD,No,Pune,Pune,13.7,199,1,0
503292,146382,2026-03-25,06:43:00,4485.68,ATM Withdrawal,UPI,USSD,No,Jaipur,Jaipur,2.4,1096,1,0
503674,100056,2026-06-11,06:43:00,2701.18,Dining,ONLINE,Mobile App,Yes,Mumbai,Mumbai,4.6,200,0,0
502409,146413,2026-07-14,21:53:00,1641.75,Travel,UPI,POS Terminal,No,Mumbai,Mumbai,7.3,371,3,0
501328,108481,2026-07-28,20:13:00,1010.34,Dining,POS,POS Terminal,No,Hyderabad,Hyderabad,9.8,171,0,0
505587,122391,2026-06-04,13:20:00,1460.78,Travel,POS,Web Browser,Yes,Delhi,Delhi,10.3,357,3,0
505697,107542,2026-01-06,18:58:00,6240.28,Grocery,POS,Mobile App,Yes,Ahmedabad,Ahmedabad,7.7,2513,1,0
505009,171628,2026-05-29,09:12:00,1348.18,Fuel,ATM,Web Browser,Yes,Chennai,Chennai,10.4,413,4,0
500987,161663,2026-01-10,03:46:00,19800.87,Grocery,ONLINE,Web Browser,No,Pune,Kolkata,1354.6,54,8,1
505441,151688,2026-01-21,11:34:00,2068.87,Jewellery,ONLINE,USSD,Yes,Ahmedabad,Ahmedabad,2.7,2909,1,0
505157,192907,2026-07-05,06:37:00,3132.08,ATM Withdrawal,POS,USSD,Yes,Bengaluru,Bengaluru,8.5,2796,1,0
505308,174457,2026-06-28,02:02:00,1328.32,E-commerce,ONLINE,Mobile App,No,Chennai,Chennai,4.7,194,0,0
504050,145654,2026-01-19,05:37:00,1659.34,Jewellery,UPI,POS Terminal,Yes,Hyderabad,Hyderabad,0.9,284,2,0
503486,102718,2026-07-16,19:50:00,3777.89,Electronics,UPI,ATM Machine,No,Ahmedabad,Ahmedabad,13.6,2400,1,0
502475,110464,2026-04-21,12:19:00,2469.4,Electronics,POS,ATM Machine,No,Rajpura,Rajpura,10.8,1830,1,0
503874,147501,2026-05-29,05:54:00,1938.33,E-commerce,POS,POS Terminal,Yes,Chennai,Chennai,6.7,3827,2,0
501199,180275,2026-03-02,01:43:00,804.62,Travel,POS,Mobile App,No,Bengaluru,Bengaluru,11.5,1783,1,0
504182,136129,2026-01-27,08:32:00,2361.41,Jewellery,ATM,Mobile App,Yes,Kolkata,Kolkata,3.4,3035,4,0
501519,149476,2026-08-27,21:20:00,5306.54,Utility Bill,NEFT,ATM Machine,No,Bengaluru,Bengaluru,3.0,1709,1,0
501800,152200,2026-07-27,22:19:00,3550.88,Dining,ATM,POS Terminal,Yes,Delhi,Delhi,9.6,3975,4,0
501015,151928,2026-05-19,06:46:00,4144.17,Pharmacy,UPI,USSD,Yes,Kolkata,Kolkata,1.3,2426,5,0
500129,157459,2026-07-08,19:02:00,4133.72,Grocery,ATM,Mobile App,Yes,Chennai,Chennai,9.1,3117,2,0
501365,155480,2026-06-19,11:33:00,7336.55,Utility Bill,POS,Web Browser,Yes,Jaipur,Jaipur,2.6,3324,1,0
505508,108078,2026-04-01,19:01:00,2102.08,Jewellery,ONLINE,Web Browser,No,Ahmedabad,Ahmedabad,3.2,476,2,0
500892,170989,2026-03-07,03:14:00,1737.27,Electronics,UPI,ATM Machine,Yes,Chennai,Chennai,4.9,300,1,0
502794,153489,2026-04-28,09:47:00,1318.32,Grocery,UPI,POS Terminal,Yes,Delhi,Delhi,9.0,1673,1,0
505034,114583,2026-02-12,22:28:00,2502.39,Travel,POS,USSD,No,Delhi,Delhi,1.3,450,2,0
505716,143167,2026-07-24,22:15:00,1622.01,Dining,POS,Web Browser,Yes,Pune,Pune,0.2,443,1,0
505142,101580,2026-06-24,15:13:00,4627.01,ATM Withdrawal,POS,ATM Machine,No,Delhi,Delhi,14.1,2703,0,0
503250,139523,2026-03-04,10:31:00,1032.34,Grocery,POS,POS Terminal,Yes,Delhi,Delhi,11.2,1383,1,0
501209,128472,2026-06-20,19:48:00,4234.7,ATM Withdrawal,ATM,USSD,No,Kolkata,Kolkata,2.7,1838,5,0
503869,122160,2026-06-10,06:54:00,1239.95,Fuel,UPI,Mobile App,No,Kolkata,Kolkata,13.7,1528,1,0
504066,134482,2026-06-09,13:32:00,2396.07,Pharmacy,ATM,POS Terminal,Yes,Mumbai,Mumbai,7.9,3197,1,0
505130,160393,2026-08-09,09:58:00,10360.94,Jewellery,ONLINE,USSD,No,Jaipur,Jaipur,0.9,3060,3,0
501240,104094,2026-05-02,06:11:00,1130.49,Dining,ONLINE,Web Browser,Yes,Jaipur,Jaipur,11.6,3838,1,0
502290,141666,2026-07-20,20:16:00,1864.02,Pharmacy,POS,Web Browser,Yes,Kolkata,Kolkata,14.2,1759,0,0
502741,118572,2026-05-06,11:18:00,3073.79,ATM Withdrawal,ATM,Mobile App,Yes,Mumbai,Mumbai,2.2,1406,1,0
500276,148229,2026-06-24,04:47:00,4122.08,E-commerce,POS,ATM Machine,Yes,Mumbai,Mumbai,0.9,458,1,0
501036,174268,2026-05-05,15:04:00,1061.65,Pharmacy,ATM,ATM Machine,No,Delhi,Delhi,14.2,3536,1,0
501230,128822,2026-05-05,23:12:00,576.3,Electronics,UPI,Web Browser,Yes,Hyderabad,Hyderabad,9.4,1327,0,0
501009,173338,2026-01-26,22:56:00,1880.2,Pharmacy,ONLINE,POS Terminal,No,Jaipur,Jaipur,15.0,2382,1,0
503829,168168,2026-07-17,22:31:00,6210.6,Travel,ONLINE,ATM Machine,Yes,Rajpura,Rajpura,3.5,1225,0,0
502533,192493,2026-08-16,23:13:00,3556.39,ATM Withdrawal,ATM,Mobile App,No,Chennai,Chennai,10.1,3902,0,0
501059,142446,2026-02-18,05:47:00,4770.89,Travel,NEFT,Mobile App,Yes,Jaipur,Jaipur,9.8,3529,1,0
505518,167414,2026-07-13,09:33:00,4095.25,Travel,ONLINE,Mobile App,Yes,Bengaluru,Bengaluru,13.3,1532,0,0
500282,148665,2026-08-25,04:47:00,1758.63,ATM Withdrawal,ONLINE,ATM Machine,No,Chennai,Chennai,9.2,3205,0,0
501044,137225,2026-03-11,10:53:00,6377.73,Pharmacy,ONLINE,USSD,Yes,Rajpura,Rajpura,14.8,708,1,0
501317,170963,2026-03-09,13:08:00,5277.87,Jewellery,ATM,ATM Machine,Yes,Hyderabad,Hyderabad,10.2,2133,2,0
500969,192044,2026-08-04,00:20:00,3134.91,Fuel,POS,POS Terminal,No,Pune,Pune,6.8,2463,0,0
502382,144872,2026-08-20,12:51:00,1935.22,Fuel,UPI,Web Browser,Yes,Mumbai,Mumbai,14.4,3823,1,0
504788,101093,2026-02-04,16:05:00,4256.18,Electronics,POS,POS Terminal,No,Kolkata,Kolkata,4.3,3025,1,0
501940,120771,2026-01-17,13:02:00,7182.88,ATM Withdrawal,UPI,ATM Machine,No,Delhi,Delhi,11.9,2449,1,0
505202,141119,2026-03-17,02:58:00,64253.39,Electronics,POS,USSD,No,Pune,Chennai,1484.0,48,9,1
501275,176268,2026-08-02,22:06:00,4843.31,Pharmacy,UPI,Web Browser,Yes,Mumbai,Mumbai,5.6,3115,1,0
500620,113976,2026-04-05,17:06:00,2295.73,ATM Withdrawal,ONLINE,Mobile App,No,Mumbai,Mumbai,11.0,3177,1,0
504355,148331,2026-07-05,05:35:00,4592.38,Grocery,ONLINE,ATM Machine,No,Hyderabad,Hyderabad,5.2,3822,1,0
501743,145580,2026-04-21,09:55:00,3020.59,Jewellery,ONLINE,POS Terminal,Yes,Rajpura,Rajpura,5.3,2118,1,0
501391,130600,2026-06-28,00:58:00,9244.16,Jewellery,ONLINE,USSD,No,Jaipur,Jaipur,10.2,1659,1,0
504881,138003,2026-02-21,17:49:00,1813.17,Utility Bill,UPI,USSD,No,Mumbai,Mumbai,6.3,3052,0,0
501580,160072,2026-01-25,20:05:00,4827.25,Utility Bill,UPI,Web Browser,Yes,Hyderabad,Hyderabad,12.2,484,2,0
501656,123127,2026-01-06,20:00:00,3770.25,Electronics,UPI,Web Browser,No,Chennai,Chennai,2.7,3237,1,0
503569,175523,2026-04-24,06:08:00,3740.34,Travel,ATM,POS Terminal,Yes,Chennai,Chennai,11.5,604,2,0
502353,171434,2026-03-28,08:07:00,5504.75,Utility Bill,POS,Mobile App,No,Chennai,Chennai,6.6,822,2,0
502213,160490,2026-03-11,22:00:00,4517.85,Fuel,ATM,ATM Machine,No,Jaipur,Jaipur,4.4,3451,1,0
505964,127821,2026-07-03,13:16:00,1884.68,Pharmacy,ATM,POS Terminal,Yes,Pune,Pune,4.7,1957,3,0
503179,121543,2026-04-14,07:22:00,7301.08,E-commerce,ONLINE,POS Terminal,Yes,Delhi,Delhi,15.0,3606,3,0
503193,167094,2026-07-01,15:58:00,1890.74,Travel,POS,ATM Machine,No,Rajpura,Rajpura,5.7,3447,0,0
501308,123765,2026-07-22,12:02:00,4529.88,ATM Withdrawal,POS,USSD,No,Bengaluru,Bengaluru,3.3,659,1,0
500576,137361,2026-02-08,23:51:00,1574.53,Electronics,ONLINE,POS Terminal,No,Kolkata,Kolkata,8.8,1417,1,0
502361,164867,2026-07-29,10:21:00,2001.11,Travel,ATM,Web Browser,Yes,Delhi,Delhi,1.3,2627,1,0
501281,173985,2026-03-12,15:58:00,2872.41,Utility Bill,ONLINE,USSD,No,Hyderabad,Hyderabad,10.6,343,2,0
504878,143712,2026-02-04,22:13:00,2290.02,Grocery,POS,POS Terminal,No,Jaipur,Jaipur,3.3,2040,3,0
504962,150514,2026-02-19,00:18:00,1185.7,Travel,POS,USSD,No,Mumbai,Mumbai,4.8,2404,2,0
501994,163900,2026-01-20,17:22:00,2165.18,Fuel,ONLINE,Web Browser,Yes,Mumbai,Mumbai,0.8,3322,1,0
502640,185213,2026-05-24,07:59:00,560.12,E-commerce,ATM,Mobile App,Yes,Chennai,Chennai,6.2,1234,0,0
500270,159090,2026-01-25,07:16:00,3815.03,E-commerce,POS,Web Browser,Yes,Ahmedabad,Ahmedabad,11.6,1639,2,0
500630,136638,2026-08-10,16:02:00,848.69,Travel,POS,USSD,Yes,Bengaluru,Bengaluru,14.4,1029,1,0
504445,173742,2026-01-05,08:57:00,3740.81,Fuel,ONLINE,ATM Machine,Yes,Rajpura,Rajpura,1.5,2614,0,0
503082,182054,2026-02-01,22:36:00,2872.05,Electronics,UPI,USSD,Yes,Mumbai,Mumbai,4.9,3896,2,0
503467,153884,2026-07-07,14:22:00,1406.19,Utility Bill,NEFT,USSD,Yes,Hyderabad,Hyderabad,12.0,2508,5,0
505234,119748,2026-01-30,13:38:00,618.59,E-commerce,POS,USSD,No,Kolkata,Kolkata,2.5,745,0,0
504024,128659,2026-02-03,17:29:00,5819.01,Travel,UPI,Web Browser,Yes,Pune,Pune,13.0,1931,1,0
502047,145286,2026-06-20,22:26:00,5192.62,Electronics,POS,Mobile App,Yes,Kolkata,Kolkata,14.8,677,0,0
504711,128503,2026-01-23,15:16:00,3557.18,Electronics,POS,Mobile App,Yes,Bengaluru,Bengaluru,10.6,741,1,0
502114,191031,2026-02-27,20:16:00,561.96,Utility Bill,POS,Mobile App,No,Bengaluru,Bengaluru,0.2,1189,1,0
500028,182275,2026-01-10,15:46:00,7179.61,Dining,ONLINE,Web Browser,Yes,Hyderabad,Hyderabad,10.0,2146,4,0
502041,128966,2026-06-06,12:13:00,3324.74,Pharmacy,POS,Mobile App,Yes,Rajpura,Rajpura,4.7,2262,1,0
503929,166266,2026-02-08,11:26:00,3213.18,E-commerce,UPI,Mobile App,Yes,Bengaluru,Bengaluru,6.8,3581,0,0
505422,197198,2026-05-05,17:18:00,1690.18,ATM Withdrawal,ONLINE,USSD,Yes,Ahmedabad,Ahmedabad,0.8,3940,1,0
503217,100534,2026-01-17,09:49:00,2171.21,Grocery,NEFT,USSD,Yes,Ahmedabad,Ahmedabad,4.1,2816,2,0
503815,138264,2026-07-31,22:14:00,4591.09,Fuel,UPI,Web Browser,No,Pune,Pune,4.1,3928,2,0
500130,163471,2026-06-05,07:05:00,933.21,Utility Bill,UPI,POS Terminal,No,Chennai,Chennai,13.5,2522,1,0
504448,119004,2026-06-11,22:55:00,3912.68,Pharmacy,ATM,POS Terminal,No,Delhi,Delhi,1.5,1283,2,0
505889,166393,2026-07-23,20:19:00,4737.82,Utility Bill,POS,ATM Machine,No,Rajpura,Rajpura,12.4,1449,3,0
500014,176113,2026-08-09,15:40:00,2849.16,Electronics,POS,ATM Machine,Yes,Pune,Pune,14.4,1046,5,0
505143,165862,2026-03-19,17:35:00,6996.39,Utility Bill,ATM,ATM Machine,No,Rajpura,Rajpura,7.9,2070,0,0
501526,104737,2026-06-01,21:31:00,1721.49,Dining,UPI,POS Terminal,Yes,Mumbai,Mumbai,14.1,2569,2,0
502366,108598,2026-04-25,16:25:00,628.08,Pharmacy,POS,Mobile App,No,Hyderabad,Hyderabad,0.1,3003,0,0
503053,175127,2026-05-06,13:09:00,1623.55,Travel,UPI,USSD,Yes,Mumbai,Mumbai,4.7,3112,0,0
504006,195296,2026-05-24,06:08:00,4198.93,ATM Withdrawal,UPI,Mobile App,Yes,Ahmedabad,Ahmedabad,13.5,1458,0,0
502341,142338,2026-08-04,04:30:00,2332.22,Grocery,POS,ATM Machine,No,Rajpura,Rajpura,0.2,1252,1,0
500375,188628,2026-08-13,03:35:00,6567.37,Fuel,POS,USSD,Yes,Delhi,Delhi,0.4,3253,1,0
504373,122672,2026-06-13,23:08:00,4580.1,Grocery,POS,Web Browser,No,Chennai,Chennai,2.3,56,2,0
505153,126159,2026-03-10,16:53:00,2942.01,Electronics,UPI,Web Browser,Yes,Delhi,Delhi,13.3,1226,0,0
500940,150834,2026-01-12,20:45:00,779.47,Grocery,POS,Mobile App,No,Jaipur,Jaipur,8.2,3964,0,0
505745,101684,2026-04-17,06:14:00,1813.59,Grocery,ATM,Web Browser,No,Pune,Pune,9.6,2990,1,0
502148,193592,2026-05-11,12:46:00,3475.36,Fuel,POS,ATM Machine,No,Delhi,Delhi,4.1,1563,0,0
503592,129501,2026-01-23,17:40:00,5867.26,ATM Withdrawal,ONLINE,Web Browser,No,Delhi,Delhi,9.3,3158,0,0
505444,180743,2026-01-27,11:48:00,1645.87,ATM Withdrawal,POS,ATM Machine,No,Mumbai,Mumbai,3.9,1590,1,0
505042,116320,2026-05-03,14:44:00,313.58,Pharmacy,POS,Web Browser,No,Kolkata,Kolkata,14.4,2511,1,0
503624,144095,2026-02-18,14:33:00,2072.34,E-commerce,UPI,Web Browser,Yes,Hyderabad,Hyderabad,1.9,3719,1,0
500530,192096,2026-06-14,10:00:00,7103.79,Fuel,POS,Mobile App,No,Chennai,Chennai,13.5,363,1,0
503715,172553,2026-05-16,07:49:00,10606.48,ATM Withdrawal,UPI,POS Terminal,No,Hyderabad,Hyderabad,3.1,597,0,0
501270,104869,2026-01-29,19:16:00,3858.42,Travel,UPI,POS Terminal,Yes,Pune,Pune,3.2,2202,0,0
504282,189549,2026-04-18,06:46:00,3556.51,Grocery,ATM,USSD,No,Hyderabad,Hyderabad,4.3,1569,0,0
501395,121562,2026-07-01,11:11:00,6162.37,Pharmacy,ATM,Mobile App,No,Pune,Pune,3.9,1057,1,0
504010,111589,2026-03-21,18:38:00,377.19,Jewellery,POS,Web Browser,No,Mumbai,Mumbai,6.4,987,1,0
501798,118576,2026-01-08,14:28:00,4696.32,Pharmacy,UPI,POS Terminal,No,Delhi,Delhi,4.6,3640,0,0
502980,147555,2026-08-19,00:45:00,5917.89,ATM Withdrawal,UPI,Web Browser,Yes,Pune,Pune,6.0,1798,4,0
501442,151272,2026-04-24,09:03:00,3197.08,Pharmacy,POS,USSD,Yes,Hyderabad,Hyderabad,3.3,2001,1,0
505297,100499,2026-06-22,09:45:00,9307.77,Jewellery,UPI,Web Browser,No,Jaipur,Jaipur,7.9,592,1,0
505850,105999,2026-06-14,10:54:00,2942.52,Grocery,ONLINE,Mobile App,Yes,Pune,Pune,2.0,3852,1,0
503812,144468,2026-05-08,04:07:00,654.26,Utility Bill,UPI,POS Terminal,No,Pune,Pune,8.9,817,3,0
501274,167529,2026-02-17,02:10:00,6326.17,Fuel,UPI,Mobile App,No,Rajpura,Rajpura,12.3,544,0,0
501713,187998,2026-03-21,19:41:00,1368.8,Electronics,ONLINE,POS Terminal,No,Chennai,Chennai,0.7,2837,1,0
500956,161098,2026-03-08,10:59:00,1368.86,Fuel,NEFT,Mobile App,No,Jaipur,Jaipur,12.6,3209,1,0
504443,168279,2026-03-23,22:20:00,3013.58,Electronics,NEFT,Web Browser,Yes,Chennai,Chennai,6.4,2662,1,0
504795,139635,2026-03-31,17:09:00,1588.86,E-commerce,POS,POS Terminal,Yes,Bengaluru,Bengaluru,12.8,789,1,0
505377,117078,2026-04-01,03:29:00,2264.68,Utility Bill,ATM,ATM Machine,No,Jaipur,Jaipur,10.6,2837,1,0
500404,197181,2026-01-30,11:07:00,2672.69,Utility Bill,UPI,Web Browser,Yes,Jaipur,Jaipur,6.3,2013,2,0
502072,164706,2026-05-20,15:00:00,1595.21,Jewellery,ONLINE,Web Browser,Yes,Chennai,Chennai,6.6,3184,0,0
505702,138023,2026-07-13,09:22:00,541.27,Travel,UPI,USSD,No,Jaipur,Jaipur,4.9,1567,2,0
501978,134240,2026-03-01,00:29:00,2304.54,Fuel,ONLINE,USSD,Yes,Jaipur,Jaipur,0.8,589,4,0
500159,150501,2026-07-07,02:24:00,3475.69,Utility Bill,POS,Mobile App,Yes,Ahmedabad,Ahmedabad,3.9,1391,2,0
503889,113969,2026-07-10,01:47:00,33941.7,Pharmacy,ONLINE,USSD,No,Jaipur,Bengaluru,1507.7,1,4,1
500903,121913,2026-03-01,01:57:00,986.91,Utility Bill,UPI,Web Browser,No,Rajpura,Rajpura,3.5,2006,2,0
500353,129879,2026-05-08,12:19:00,5783.83,Dining,ONLINE,POS Terminal,No,Delhi,Delhi,9.4,977,3,0
504131,100838,2026-06-26,08:23:00,6033.8,Fuel,ONLINE,ATM Machine,Yes,Bengaluru,Bengaluru,4.1,646,1,0
500755,155500,2026-03-18,16:15:00,1268.33,Electronics,ATM,USSD,No,Hyderabad,Hyderabad,8.2,2319,5,0
502972,105083,2026-01-29,18:49:00,1991.54,Jewellery,ATM,Web Browser,No,Bengaluru,Bengaluru,9.7,3507,1,0
505971,174548,2026-05-04,23:22:00,7920.47,Dining,NEFT,Mobile App,Yes,Hyderabad,Hyderabad,11.8,3988,2,0
502921,132558,2026-07-10,13:47:00,3428.4,Dining,POS,USSD,Yes,Ahmedabad,Ahmedabad,10.1,207,1,0
500312,167223,2026-01-25,02:05:00,2354.76,Utility Bill,ATM,USSD,No,Chennai,Chennai,6.4,3605,0,0
500662,173488,2026-04-02,10:44:00,7537.5,Jewellery,POS,ATM Machine,Yes,Jaipur,Jaipur,5.9,596,0,0
501990,192377,2026-03-27,19:01:00,3435.0,Electronics,ONLINE,POS Terminal,Yes,Bengaluru,Bengaluru,12.9,434,0,0
503666,145057,2026-07-02,02:20:00,2165.35,Jewellery,UPI,POS Terminal,No,Hyderabad,Hyderabad,6.2,1043,1,0
500307,130217,2026-06-28,22:49:00,724.11,Grocery,UPI,ATM Machine,Yes,Rajpura,Rajpura,5.9,2422,4,0
502336,153893,2026-03-06,04:04:00,7174.2,Fuel,ONLINE,Mobile App,Yes,Kolkata,Kolkata,11.7,2888,1,0
502357,141158,2026-07-17,23:57:00,2868.11,Jewellery,UPI,Web Browser,Yes,Jaipur,Jaipur,0.9,369,0,0
503703,124998,2026-07-19,16:43:00,13405.09,Jewellery,NEFT,POS Terminal,Yes,Chennai,Chennai,11.2,3131,1,0
503805,102223,2026-01-14,19:11:00,4867.11,Grocery,POS,POS Terminal,Yes,Rajpura,Rajpura,12.2,3378,4,0
501928,112566,2026-01-06,09:57:00,8259.0,Electronics,POS,ATM Machine,Yes,Bengaluru,Bengaluru,2.6,3300,2,0
503428,188352,2026-03-26,03:46:00,74843.41,ATM Withdrawal,UPI,Web Browser,No,Jaipur,Kolkata,1920.5,9,5,1
500750,115761,2026-02-07,06:00:00,2292.88,Travel,POS,POS Terminal,No,Pune,Pune,1.2,359,0,0
503639,108264,2026-08-06,16:18:00,2032.04,ATM Withdrawal,ATM,USSD,No,Jaipur,Jaipur,5.0,2077,2,0
505244,195958,2026-04-04,14:06:00,9382.23,Dining,POS,Mobile App,Yes,Chennai,Chennai,5.0,2811,2,0
501267,105505,2026-03-23,15:31:00,3744.56,E-commerce,ONLINE,Mobile App,No,Ahmedabad,Ahmedabad,3.0,2521,0,0
505918,124794,2026-02-04,00:17:00,2204.69,ATM Withdrawal,NEFT,Web Browser,Yes,Hyderabad,Hyderabad,1.2,450,3,0
505300,184633,2026-01-22,15:15:00,706.39,Dining,ONLINE,USSD,Yes,Delhi,Delhi,7.2,307,1,0
503596,128983,2026-06-17,21:44:00,5324.58,Utility Bill,ATM,Web Browser,Yes,Kolkata,Kolkata,9.5,534,1,0
502135,144037,2026-05-17,12:59:00,7620.99,ATM Withdrawal,ONLINE,ATM Machine,Yes,Ahmedabad,Ahmedabad,3.5,541,3,0
504110,132389,2026-07-26,22:33:00,4070.41,Grocery,ONLINE,Mobile App,No,Rajpura,Rajpura,10.1,3396,1,0
500515,195913,2026-06-17,19:54:00,2247.11,Fuel,UPI,Mobile App,Yes,Rajpura,Rajpura,4.3,1284,2,0
505362,180056,2026-01-07,03:39:00,1910.8,Grocery,ONLINE,POS Terminal,Yes,Rajpura,Rajpura,9.3,1838,1,0
500410,101393,2026-06-27,03:08:00,3568.84,Jewellery,ONLINE,POS Terminal,No,Jaipur,Jaipur,4.6,3928,1,0
504476,132015,2026-08-18,12:52:00,3949.06,Jewellery,POS,Web Browser,Yes,Delhi,Delhi,12.2,3423,1,0
505976,154888,2026-06-20,23:49:00,5053.68,Travel,UPI,Web Browser,Yes,Chennai,Chennai,7.8,2015,2,0
505931,192693,2026-07-14,03:25:00,3415.52,E-commerce,UPI,POS Terminal,Yes,Bengaluru,Bengaluru,4.6,1587,1,0
505194,108873,2026-08-05,15:35:00,3965.61,E-commerce,ONLINE,POS Terminal,Yes,Jaipur,Jaipur,5.9,969,0,0
500208,196916,2026-02-04,20:15:00,6579.51,Utility Bill,ONLINE,Web Browser,Yes,Ahmedabad,Ahmedabad,2.1,3897,1,0
500459,184078,2026-06-05,11:57:00,1516.85,Dining,UPI,Mobile App,Yes,Chennai,Chennai,12.1,2065,0,0
502055,171449,2026-02-24,01:15:00,2669.98,Electronics,ATM,POS Terminal,Yes,Hyderabad,Hyderabad,1.7,260,2,0
502431,113227,2026-02-09,20:47:00,2009.33,Electronics,ONLINE,ATM Machine,Yes,Mumbai,Mumbai,3.0,332,3,0
500251,117945,2026-08-27,05:43:00,4593.35,Electronics,ONLINE,POS Terminal,No,Hyderabad,Hyderabad,6.9,2294,0,0
505120,103099,2026-05-30,20:26:00,966.81,Utility Bill,POS,Mobile App,Yes,Delhi,Delhi,11.3,2372,0,0
501108,190709,2026-01-17,01:18:00,10116.14,Dining,POS,Web Browser,Yes,Pune,Pune,6.6,1579,1,0
504863,189187,2026-08-14,05:32:00,2752.89,Fuel,ONLINE,POS Terminal,Yes,Mumbai,Mumbai,12.1,2095,1,0
501714,173348,2026-07-02,05:34:00,2044.74,Utility Bill,POS,USSD,Yes,Rajpura,Rajpura,9.4,1545,0,0
503912,197070,2026-02-27,16:34:00,1355.99,Utility Bill,UPI,ATM Machine,No,Bengaluru,Bengaluru,13.6,1151,1,0
500716,179923,2026-03-26,22:02:00,6820.02,Jewellery,ONLINE,Mobile App,No,Kolkata,Kolkata,1.8,678,2,0
500553,182820,2026-02-19,15:55:00,3663.79,Jewellery,POS,POS Terminal,Yes,Delhi,Delhi,8.3,1358,2,0
501440,195533,2026-06-21,10:19:00,5795.2,Fuel,ONLINE,Mobile App,Yes,Kolkata,Kolkata,1.6,2982,4,0
502271,132045,2026-02-04,11:04:00,1560.76,Grocery,UPI,USSD,Yes,Chennai,Chennai,7.4,804,1,0
503145,176345,2026-01-14,14:00:00,5064.98,Grocery,ONLINE,Web Browser,Yes,Rajpura,Rajpura,12.0,1414,0,0
505744,145773,2026-07-20,20:48:00,4332.82,E-commerce,NEFT,Mobile App,Yes,Bengaluru,Bengaluru,7.6,2816,1,0
501926,113175,2026-07-29,13:23:00,2503.19,Travel,POS,ATM Machine,Yes,Hyderabad,Hyderabad,10.7,348,0,0
500635,118291,2026-03-15,08:30:00,543.33,Fuel,POS,ATM Machine,Yes,Rajpura,Rajpura,0.6,2598,3,0
500317,173028,2026-08-16,06:06:00,1312.65,Travel,POS,POS Terminal,No,Ahmedabad,Ahmedabad,5.0,2242,2,0
505637,125478,2026-05-31,00:13:00,83000.07,Utility Bill,POS,USSD,No,Chennai,Hyderabad,1654.4,23,9,1
500428,180411,2026-01-06,14:03:00,5016.96,Travel,POS,USSD,Yes,Pune,Pune,8.8,2997,0,0
504454,170526,2026-01-16,16:57:00,3320.74,Fuel,NEFT,POS Terminal,Yes,Delhi,Delhi,9.9,1625,0,0
500106,178691,2026-01-25,20:44:00,3296.44,Grocery,POS,Web Browser,Yes,Hyderabad,Hyderabad,14.9,363,2,0
503042,129132,2026-08-24,01:12:00,3581.64,Electronics,POS,POS Terminal,No,Mumbai,Mumbai,2.7,507,1,0
504239,175944,2026-02-14,08:49:00,2220.6,Travel,ATM,POS Terminal,Yes,Kolkata,Kolkata,12.3,120,2,0
502170,197819,2026-08-22,15:54:00,1148.99,Utility Bill,ONLINE,Mobile App,No,Pune,Pune,2.8,2149,0,0
501710,121214,2026-07-04,03:01:00,2212.52,Travel,POS,USSD,No,Hyderabad,Hyderabad,9.0,3269,2,0
500090,183225,2026-02-15,12:28:00,3965.31,E-commerce,POS,USSD,No,Ahmedabad,Ahmedabad,6.5,980,1,0
502242,166344,2026-05-28,09:35:00,342.86,Utility Bill,UPI,ATM Machine,Yes,Jaipur,Jaipur,2.3,2270,1,0
503175,199454,2026-04-13,14:11:00,1892.91,ATM Withdrawal,ONLINE,USSD,No,Kolkata,Kolkata,14.2,3064,1,0
504479,186938,2026-06-18,18:56:00,2702.96,Utility Bill,ONLINE,POS Terminal,No,Hyderabad,Hyderabad,2.3,961,1,0
501950,132152,2026-05-12,13:47:00,1507.56,E-commerce,POS,POS Terminal,No,Mumbai,Mumbai,7.7,1172,1,0
504045,141331,2026-01-17,06:29:00,3939.12,Utility Bill,POS,USSD,No,Pune,Pune,3.9,148,1,0
502849,127992,2026-08-08,03:36:00,4638.59,ATM Withdrawal,POS,ATM Machine,Yes,Chennai,Chennai,10.3,3375,1,0
500002,177394,2026-02-06,10:03:00,6072.85,Electronics,POS,USSD,Yes,Rajpura,Rajpura,3.1,3496,1,0
504338,132780,2026-03-27,04:33:00,9260.68,Utility Bill,UPI,USSD,Yes,Delhi,Delhi,1.1,3890,3,0
500936,194058,2026-08-09,17:03:00,2264.65,ATM Withdrawal,ONLINE,USSD,No,Chennai,Chennai,5.1,1057,0,0
505134,104125,2026-03-17,21:11:00,4168.18,Fuel,POS,POS Terminal,No,Hyderabad,Hyderabad,9.6,3215,1,0
502721,162663,2026-05-05,13:19:00,1934.5,Electronics,UPI,ATM Machine,Yes,Ahmedabad,Ahmedabad,12.0,1701,0,0
500592,190264,2026-01-01,19:43:00,4150.01,Fuel,ATM,ATM Machine,No,Jaipur,Jaipur,12.9,986,0,0
504909,179851,2026-04-07,12:56:00,1440.54,Fuel,UPI,USSD,No,Jaipur,Jaipur,11.6,74,1,0
502937,176762,2026-03-19,22:45:00,4518.1,ATM Withdrawal,ATM,POS Terminal,No,Jaipur,Jaipur,4.4,3445,2,0
502449,177815,2026-03-07,12:45:00,3808.91,Fuel,POS,Mobile App,Yes,Rajpura,Rajpura,14.0,103,2,0
501577,154816,2026-03-25,17:27:00,1866.57,Electronics,ONLINE,USSD,Yes,Jaipur,Jaipur,13.6,2735,2,0
505005,177260,2026-05-08,19:41:00,4590.3,Electronics,ATM,USSD,No,Hyderabad,Hyderabad,9.2,3002,2,0
500214,144935,2026-02-13,23:02:00,2025.13,Fuel,ONLINE,ATM Machine,Yes,Chennai,Chennai,6.3,3196,1,0
500779,127096,2026-04-18,09:56:00,3152.28,Utility Bill,POS,POS Terminal,No,Delhi,Delhi,2.3,1683,3,0
503497,110282,2026-01-13,00:43:00,4259.86,E-commerce,ONLINE,USSD,Yes,Chennai,Chennai,12.9,3290,3,0
504706,123470,2026-01-23,19:11:00,1913.67,Grocery,POS,USSD,No,Hyderabad,Hyderabad,9.5,1659,2,0
502044,174961,2026-07-28,23:53:00,4116.37,E-commerce,POS,ATM Machine,No,Delhi,Delhi,14.1,3924,3,0
505439,142275,2026-05-27,23:10:00,2573.78,ATM Withdrawal,ATM,Web Browser,No,Jaipur,Jaipur,6.9,1785,2,0
501568,160341,2026-03-18,01:20:00,9896.08,Electronics,UPI,POS Terminal,No,Bengaluru,Bengaluru,6.5,3732,2,0
500166,181401,2026-06-10,13:43:00,405.18,Grocery,ONLINE,Web Browser,Yes,Hyderabad,Hyderabad,3.0,1343,2,0
503567,142192,2026-05-10,21:21:00,1198.06,E-commerce,POS,Web Browser,Yes,Bengaluru,Bengaluru,13.6,1211,1,0
504591,169410,2026-01-13,19:45:00,3461.76,Electronics,UPI,Mobile App,Yes,Jaipur,Jaipur,0.2,1316,2,0
502014,192184,2026-06-23,19:14:00,1966.21,ATM Withdrawal,ATM,ATM Machine,Yes,Kolkata,Kolkata,4.9,3628,1,0
500274,195854,2026-07-10,22:33:00,3066.52,Fuel,NEFT,USSD,Yes,Rajpura,Rajpura,14.1,1666,0,0
503861,154371,2026-05-20,19:41:00,182.43,Fuel,NEFT,Web Browser,Yes,Pune,Pune,13.7,908,2,0
504168,118131,2026-03-11,13:56:00,2033.78,Dining,ONLINE,USSD,Yes,Mumbai,Mumbai,1.9,3991,3,0
504789,130612,2026-05-18,10:17:00,2932.58,Fuel,POS,Mobile App,No,Delhi,Delhi,12.8,1744,2,0
503789,197608,2026-05-28,21:57:00,4985.98,ATM Withdrawal,POS,ATM Machine,Yes,Hyderabad,Hyderabad,14.7,3827,0,0
500395,171991,2026-06-13,14:04:00,1689.97,Jewellery,POS,POS Terminal,No,Pune,Pune,8.6,1853,2,0
500584,105196,2026-01-25,22:14:00,2718.61,Fuel,POS,Mobile App,Yes,Ahmedabad,Ahmedabad,5.3,1739,0,0
505981,160448,2026-05-22,03:53:00,1577.49,Pharmacy,POS,POS Terminal,No,Hyderabad,Hyderabad,8.8,3284,1,0
505565,109253,2026-02-06,13:48:00,2188.55,Fuel,POS,ATM Machine,Yes,Delhi,Delhi,10.0,3581,1,0
505741,175011,2026-04-27,18:18:00,3762.74,Utility Bill,POS,USSD,Yes,Hyderabad,Hyderabad,3.7,2609,1,0
500521,135785,2026-03-29,02:41:00,3011.36,Jewellery,ATM,POS Terminal,No,Mumbai,Mumbai,7.2,3087,0,0
501764,160176,2026-04-17,23:48:00,30991.62,Grocery,POS,Web Browser,No,Jaipur,Bengaluru,1940.1,3,9,1
501876,112065,2026-05-23,13:42:00,1763.52,Travel,POS,POS Terminal,No,Hyderabad,Hyderabad,5.3,3568,0,0
503966,185171,2026-08-09,22:34:00,2096.82,Dining,ONLINE,Web Browser,No,Chennai,Chennai,1.5,2273,0,0
503345,153766,2026-03-29,19:14:00,3073.61,E-commerce,UPI,USSD,No,Jaipur,Jaipur,2.9,2951,4,0
502254,150076,2026-02-01,07:07:00,3478.02,ATM Withdrawal,POS,POS Terminal,No,Pune,Pune,2.2,2311,2,0
503225,160829,2026-08-11,02:59:00,4682.01,Grocery,UPI,POS Terminal,Yes,Mumbai,Mumbai,9.5,3506,3,0
500527,192335,2026-06-16,10:36:00,453.3,Utility Bill,ATM,Web Browser,Yes,Mumbai,Mumbai,4.2,3755,2,0
502947,158883,2026-02-28,19:07:00,4542.74,E-commerce,NEFT,POS Terminal,No,Mumbai,Mumbai,3.9,3507,1,0
503900,192495,2026-06-02,21:00:00,1690.0,Pharmacy,UPI,Mobile App,No,Hyderabad,Hyderabad,8.9,1503,1,0
500693,193136,2026-05-26,23:58:00,14686.24,Utility Bill,POS,USSD,No,Rajpura,Rajpura,14.8,3962,5,0
505675,149426,2026-02-05,06:10:00,2416.73,Travel,ATM,POS Terminal,Yes,Rajpura,Rajpura,13.8,2744,2,0
503634,176041,2026-05-10,13:16:00,2787.46,Travel,POS,Mobile App,Yes,Bengaluru,Bengaluru,5.4,41,1,0
501051,150830,2026-08-02,03:37:00,384.89,E-commerce,ONLINE,POS Terminal,No,Jaipur,Jaipur,7.8,580,1,0
500591,180068,2026-08-04,02:18:00,5066.54,Fuel,ATM,Web Browser,Yes,Mumbai,Mumbai,0.1,1567,1,0
500520,159442,2026-05-24,05:30:00,2634.17,Electronics,POS,POS Terminal,Yes,Mumbai,Mumbai,3.8,665,2,0
503381,183212,2026-08-02,01:27:00,1057.98,Grocery,NEFT,USSD,No,Mumbai,Mumbai,11.2,3378,2,0
503677,136647,2026-05-12,08:06:00,3353.85,Dining,UPI,POS Terminal,No,Rajpura,Rajpura,7.1,363,1,0
504938,159135,2026-08-21,12:39:00,7679.6,E-commerce,NEFT,USSD,No,Pune,Pune,1.8,3834,2,0
501608,159382,2026-01-06,09:23:00,3005.14,Pharmacy,POS,POS Terminal,No,Delhi,Delhi,8.6,2337,1,0
503611,155955,2026-03-23,17:35:00,1037.72,Electronics,UPI,ATM Machine,No,Jaipur,Jaipur,14.9,1187,0,0
505813,129928,2026-07-24,21:44:00,3388.36,Fuel,NEFT,ATM Machine,Yes,Pune,Pune,8.8,1205,1,0
501810,195932,2026-05-23,11:56:00,3889.12,Pharmacy,UPI,ATM Machine,No,Chennai,Chennai,8.0,3019,0,0
500792,145431,2026-06-22,00:38:00,92002.21,Travel,ONLINE,USSD,No,Jaipur,Delhi,1667.5,45,5,1
500793,172257,2026-01-16,11:09:00,4479.02,Jewellery,POS,Web Browser,No,Rajpura,Rajpura,8.5,3234,1,0
504928,159226,2026-06-26,20:17:00,2681.88,ATM Withdrawal,POS,ATM Machine,No,Ahmedabad,Ahmedabad,6.6,3779,1,0
501856,185192,2026-03-24,21:40:00,2565.98,ATM Withdrawal,ONLINE,USSD,Yes,Rajpura,Rajpura,3.7,3410,2,0
501981,165755,2026-03-05,22:27:00,3744.0,Dining,ONLINE,POS Terminal,No,Rajpura,Rajpura,5.7,3483,1,0
503234,100430,2026-07-22,07:41:00,1323.46,Grocery,ONLINE,POS Terminal,Yes,Delhi,Delhi,0.1,1114,2,0
503599,128453,2026-06-03,02:37:00,83240.83,Electronics,UPI,USSD,No,Pune,Chennai,1389.0,25,3,1
500934,164922,2026-08-05,05:31:00,3290.35,Utility Bill,ATM,Web Browser,Yes,Hyderabad,Hyderabad,0.9,3674,2,0
503964,137819,2026-04-23,21:48:00,4773.25,E-commerce,UPI,Mobile App,No,Bengaluru,Bengaluru,3.2,3273,3,0
505573,123877,2026-02-14,05:32:00,4460.97,Fuel,NEFT,Mobile App,Yes,Rajpura,Rajpura,5.4,2934,0,0
504180,146650,2026-01-15,02:27:00,1381.99,Travel,UPI,ATM Machine,Yes,Bengaluru,Bengaluru,6.9,2084,1,0
504027,120997,2026-01-16,02:30:00,4234.94,Pharmacy,ONLINE,Web Browser,Yes,Jaipur,Jaipur,13.9,3212,1,0
504117,101862,2026-01-22,21:04:00,1568.42,Pharmacy,UPI,Mobile App,No,Jaipur,Jaipur,14.3,3636,1,0
500989,124628,2026-08-12,07:52:00,173.12,Electronics,UPI,POS Terminal,No,Chennai,Chennai,14.3,3992,1,0
504627,100302,2026-02-10,04:41:00,4981.73,E-commerce,POS,Web Browser,No,Bengaluru,Bengaluru,6.8,1060,1,0
503454,134827,2026-02-21,02:43:00,1649.09,ATM Withdrawal,ATM,ATM Machine,No,Rajpura,Rajpura,9.2,2403,0,0
505478,170668,2026-06-23,18:45:00,4915.27,ATM Withdrawal,POS,POS Terminal,No,Jaipur,Jaipur,8.3,622,2,0
503779,198538,2026-03-02,11:18:00,510.19,Travel,ATM,Mobile App,No,Hyderabad,Hyderabad,10.7,2448,0,0
505350,158199,2026-06-02,03:24:00,764.89,Pharmacy,POS,POS Terminal,Yes,Pune,Pune,8.9,3970,2,0
503094,124092,2026-06-11,12:41:00,305.47,Utility Bill,POS,Web Browser,Yes,Jaipur,Jaipur,2.0,2649,1,0
503156,184782,2026-02-09,00:21:00,1620.09,E-commerce,UPI,USSD,No,Mumbai,Mumbai,2.7,2411,2,0
503202,191327,2026-07-17,23:49:00,2434.45,Dining,UPI,USSD,Yes,Hyderabad,Hyderabad,8.9,3500,3,0
504840,193145,2026-04-20,02:15:00,2149.45,E-commerce,ATM,ATM Machine,Yes,Chennai,Chennai,13.6,2481,2,0
501099,104122,2026-07-02,22:37:00,1432.88,Travel,POS,ATM Machine,Yes,Bengaluru,Bengaluru,7.4,1130,5,0
504980,160865,2026-08-28,17:52:00,6923.07,ATM Withdrawal,ATM,POS Terminal,Yes,Ahmedabad,Ahmedabad,0.2,3217,1,0
502845,145665,2026-03-29,03:45:00,1239.48,Utility Bill,UPI,Web Browser,Yes,Pune,Pune,0.2,1943,0,0
500887,105302,2026-07-08,19:16:00,7266.37,Electronics,ATM,USSD,No,Rajpura,Rajpura,10.7,113,1,0
505919,168107,2026-07-12,15:11:00,5820.27,Grocery,POS,Web Browser,No,Chennai,Chennai,12.1,829,1,0
504652,198601,2026-06-25,05:53:00,1182.14,E-commerce,ONLINE,POS Terminal,No,Delhi,Delhi,12.8,3051,1,0
500516,110527,2026-06-21,02:06:00,4545.35,Fuel,UPI,POS Terminal,No,Chennai,Chennai,3.4,2277,1,0
505785,156963,2026-03-25,16:49:00,13488.36,Dining,ATM,POS Terminal,No,Chennai,Chennai,5.3,2727,0,0
501454,124606,2026-01-04,00:53:00,1758.51,Utility Bill,NEFT,Mobile App,Yes,Jaipur,Jaipur,1.3,796,0,0
503554,171274,2026-04-28,04:17:00,6772.47,Jewellery,UPI,Mobile App,No,Kolkata,Kolkata,11.6,1737,3,0
503610,167474,2026-08-26,05:34:00,3731.85,Fuel,UPI,Web Browser,Yes,Rajpura,Rajpura,4.4,161,0,0
502507,145982,2026-03-03,08:19:00,1533.78,ATM Withdrawal,UPI,Web Browser,No,Kolkata,Kolkata,13.5,1800,1,0
502995,177050,2026-07-12,17:31:00,1969.98,Grocery,POS,Web Browser,No,Mumbai,Mumbai,9.6,2933,0,0
504000,152006,2026-08-07,22:47:00,1521.28,Jewellery,UPI,ATM Machine,Yes,Hyderabad,Hyderabad,5.6,226,0,0
505689,175842,2026-05-12,07:34:00,1600.43,ATM Withdrawal,POS,POS Terminal,Yes,Delhi,Delhi,11.4,1710,1,0
500907,141155,2026-07-06,10:25:00,770.04,Fuel,POS,USSD,No,Mumbai,Mumbai,12.6,927,4,0
500029,154542,2026-04-24,12:18:00,2707.73,ATM Withdrawal,POS,Mobile App,No,Pune,Pune,3.1,3877,1,0
502508,161956,2026-03-09,14:53:00,9627.97,E-commerce,POS,ATM Machine,No,Pune,Pune,14.5,3962,0,0
502429,175458,2026-07-27,13:58:00,1305.5,Electronics,POS,Web Browser,No,Pune,Pune,3.8,1661,0,0
500763,194905,2026-02-10,03:13:00,5425.48,Dining,ATM,USSD,Yes,Delhi,Delhi,12.1,2532,2,0
503748,198503,2026-01-05,02:05:00,3557.24,Dining,POS,Mobile App,No,Pune,Pune,1.9,2547,1,0
500285,144116,2026-04-21,18:47:00,7111.47,Electronics,UPI,USSD,Yes,Kolkata,Kolkata,4.3,3852,3,0
500687,140671,2026-03-05,08:17:00,780.68,Travel,POS,Web Browser,Yes,Delhi,Delhi,2.0,858,2,0
502354,146467,2026-07-16,02:29:00,2684.33,ATM Withdrawal,ONLINE,USSD,Yes,Hyderabad,Hyderabad,11.7,2210,1,0
504826,141690,2026-07-20,15:51:00,1851.55,Grocery,UPI,USSD,Yes,Chennai,Chennai,5.1,347,3,0
500022,137079,2026-08-15,18:22:00,1077.3,ATM Withdrawal,UPI,POS Terminal,Yes,Bengaluru,Bengaluru,13.6,2506,1,0
502753,158251,2026-01-25,01:17:00,4997.01,Jewellery,POS,USSD,Yes,Kolkata,Kolkata,10.3,1632,2,0
500886,173461,2026-08-03,20:37:00,1933.87,Pharmacy,UPI,USSD,No,Mumbai,Mumbai,10.4,2500,1,0
500918,178407,2026-04-19,12:27:00,3767.71,Travel,UPI,ATM Machine,No,Mumbai,Mumbai,7.7,3951,4,0
501041,170615,2026-01-17,01:28:00,7574.58,E-commerce,UPI,Mobile App,Yes,Pune,Pune,1.8,2517,1,0
501266,103697,2026-03-27,21:11:00,6786.41,Jewellery,POS,POS Terminal,Yes,Pune,Pune,1.4,756,2,0
505188,112440,2026-04-27,10:14:00,7645.55,Pharmacy,POS,USSD,Yes,Mumbai,Mumbai,13.7,839,1,0
500278,178272,2026-07-17,04:23:00,2145.19,E-commerce,ATM,ATM Machine,Yes,Ahmedabad,Ahmedabad,2.3,2759,1,0
502085,113129,2026-05-26,09:29:00,3539.57,Grocery,ONLINE,POS Terminal,Yes,Hyderabad,Hyderabad,13.7,1665,1,0
501246,198553,2026-06-13,00:04:00,1559.34,Travel,POS,ATM Machine,Yes,Kolkata,Kolkata,10.5,2624,1,0
502383,191787,2026-07-03,11:23:00,1913.34,Pharmacy,POS,Mobile App,Yes,Kolkata,Kolkata,9.2,2933,0,0
500572,141625,2026-08-06,13:00:00,2681.66,E-commerce,ATM,USSD,Yes,Hyderabad,Hyderabad,3.3,1565,0,0
501436,110189,2026-06-30,20:14:00,5369.11,ATM Withdrawal,UPI,USSD,Yes,Rajpura,Rajpura,10.0,3522,3,0
503903,150926,2026-05-28,16:08:00,4132.5,Fuel,NEFT,Mobile App,Yes,Bengaluru,Bengaluru,8.9,1749,2,0
501248,146496,2026-05-27,10:18:00,7418.03,Travel,UPI,USSD,Yes,Rajpura,Rajpura,2.2,1186,1,0
503527,113316,2026-03-06,16:20:00,1212.86,Travel,ATM,USSD,Yes,Rajpura,Rajpura,5.4,1729,0,0
502515,110341,2026-06-14,09:52:00,1947.37,Grocery,POS,Mobile App,No,Pune,Pune,1.4,1321,1,0
501008,150362,2026-04-03,01:41:00,36723.7,ATM Withdrawal,UPI,USSD,No,Hyderabad,Rajpura,1164.9,25,5,1
505193,149602,2026-02-04,23:23:00,3196.72,Electronics,UPI,Web Browser,Yes,Hyderabad,Hyderabad,5.8,793,1,0
502065,158956,2026-03-23,06:41:00,5578.11,Dining,UPI,Mobile App,Yes,Ahmedabad,Ahmedabad,5.7,2888,2,0
505749,192217,2026-05-18,09:48:00,8652.19,E-commerce,POS,ATM Machine,No,Mumbai,Mumbai,13.2,3963,3,0
501691,177220,2026-07-24,18:26:00,954.71,Electronics,ATM,Web Browser,Yes,Rajpura,Rajpura,6.3,3281,1,0
505590,184658,2026-06-13,13:46:00,10096.28,Dining,ONLINE,Mobile App,Yes,Ahmedabad,Ahmedabad,2.3,2120,1,0
501986,179362,2026-01-03,21:41:00,5648.15,Jewellery,ONLINE,Mobile App,Yes,Mumbai,Mumbai,1.8,3290,0,0
500295,154499,2026-07-04,17:43:00,2896.97,Jewellery,ATM,USSD,No,Mumbai,Mumbai,1.9,2577,1,0
501548,184942,2026-08-03,23:52:00,12352.3,Jewellery,ONLINE,Web Browser,No,Rajpura,Rajpura,6.9,272,2,0
502013,115317,2026-03-29,20:01:00,1715.15,Travel,ATM,Mobile App,No,Mumbai,Mumbai,5.4,994,0,0
500589,183712,2026-03-13,15:36:00,5859.66,Grocery,UPI,USSD,No,Bengaluru,Bengaluru,0.0,1822,2,0
503330,191738,2026-04-28,03:15:00,2298.5,Travel,UPI,USSD,Yes,Pune,Pune,0.5,1291,2,0
502404,155090,2026-02-08,08:03:00,1846.93,Grocery,ONLINE,USSD,No,Rajpura,Rajpura,10.5,2826,1,0
502130,132048,2026-02-01,09:28:00,1099.05,Jewellery,UPI,USSD,Yes,Delhi,Delhi,13.4,1338,1,0
503999,173126,2026-04-24,15:38:00,650.91,Grocery,ONLINE,POS Terminal,Yes,Pune,Pune,4.6,3291,0,0
505251,114923,2026-08-01,19:49:00,3882.03,Pharmacy,POS,ATM Machine,No,Rajpura,Rajpura,11.0,321,0,0
503742,130319,2026-02-09,00:00:00,3312.29,Jewellery,POS,Mobile App,Yes,Kolkata,Kolkata,12.2,2724,1,0
503509,105813,2026-07-30,22:36:00,5730.11,Pharmacy,UPI,ATM Machine,No,Rajpura,Rajpura,4.6,3145,2,0
502720,116339,2026-06-16,15:32:00,3727.74,Fuel,UPI,POS Terminal,Yes,Ahmedabad,Ahmedabad,3.5,2258,0,0
505462,100270,2026-03-29,05:10:00,9160.65,Dining,ATM,Web Browser,Yes,Bengaluru,Bengaluru,3.8,3056,1,0
505468,133409,2026-05-18,11:11:00,2351.61,Dining,ONLINE,USSD,No,Rajpura,Rajpura,6.6,128,6,0
500557,173600,2026-06-15,04:27:00,9905.64,Grocery,ATM,ATM Machine,Yes,Delhi,Delhi,14.9,1006,2,0
502470,121409,2026-06-27,14:30:00,6799.61,Grocery,POS,ATM Machine,Yes,Mumbai,Mumbai,5.2,3469,1,0
503739,166815,2026-06-04,16:15:00,2260.67,Grocery,POS,USSD,Yes,Jaipur,Jaipur,9.4,3898,0,0
504287,171426,2026-07-16,16:57:00,814.43,Fuel,POS,USSD,No,Ahmedabad,Ahmedabad,13.1,2042,1,0
504933,189942,2026-06-29,00:18:00,6578.58,ATM Withdrawal,POS,USSD,Yes,Delhi,Delhi,1.3,674,3,0
501717,164588,2026-08-27,14:12:00,7466.51,Jewellery,ONLINE,ATM Machine,No,Hyderabad,Hyderabad,12.9,1206,1,0
502605,175816,2026-04-29,02:50:00,5195.53,Utility Bill,POS,POS Terminal,Yes,Delhi,Delhi,5.6,603,4,0
504944,186409,2026-06-12,19:10:00,4731.86,Travel,ATM,Mobile App,No,Mumbai,Mumbai,2.6,2240,2,0
501705,191989,2026-05-10,13:18:00,2939.46,Dining,UPI,ATM Machine,Yes,Jaipur,Jaipur,10.5,1956,3,0
502140,140005,2026-05-14,16:17:00,7496.53,Fuel,ATM,ATM Machine,Yes,Delhi,Delhi,1.2,3626,2,0
503240,103864,2026-02-26,20:47:00,2821.13,Grocery,UPI,USSD,No,Pune,Pune,6.5,1377,1,0
502384,139291,2026-07-11,06:47:00,4710.73,Pharmacy,UPI,Mobile App,Yes,Ahmedabad,Ahmedabad,0.6,511,2,0
504312,185685,2026-06-30,23:30:00,2893.7,Travel,POS,Web Browser,Yes,Mumbai,Mumbai,11.3,228,0,0
501286,104896,2026-04-10,04:03:00,5717.14,Travel,UPI,Mobile App,Yes,Rajpura,Rajpura,0.4,1433,0,0
505106,164373,2026-02-28,19:39:00,1459.9,Travel,UPI,Web Browser,Yes,Chennai,Chennai,9.6,1164,4,0
505358,174564,2026-03-10,18:11:00,1558.65,Fuel,POS,Mobile App,Yes,Ahmedabad,Ahmedabad,11.6,1298,1,0
503931,170884,2026-03-09,03:07:00,6544.43,Electronics,UPI,Mobile App,No,Chennai,Chennai,8.8,226,5,0
504538,172342,2026-01-22,17:19:00,1791.91,Travel,POS,USSD,Yes,Jaipur,Jaipur,13.4,3253,1,0
501592,134647,2026-06-09,13:55:00,2724.7,Pharmacy,POS,Web Browser,Yes,Hyderabad,Hyderabad,5.0,1629,1,0
505311,191104,2026-04-13,07:29:00,5275.37,Utility Bill,ATM,Mobile App,Yes,Jaipur,Jaipur,8.1,3350,2,0
502163,140282,2026-01-20,06:30:00,6381.41,Dining,POS,ATM Machine,No,Chennai,Chennai,2.9,69,0,0
502397,194657,2026-04-02,06:57:00,5792.05,Fuel,POS,Web Browser,No,Hyderabad,Hyderabad,0.1,3058,4,0
500318,172698,2026-07-15,00:13:00,1301.67,Dining,UPI,Mobile App,Yes,Jaipur,Jaipur,0.9,2203,1,0
505384,138130,2026-08-08,07:43:00,1256.14,Grocery,POS,ATM Machine,No,Delhi,Delhi,13.3,513,2,0
503112,176314,2026-08-22,22:28:00,2754.91,Utility Bill,POS,Mobile App,No,Ahmedabad,Ahmedabad,11.7,3317,2,0
504037,168538,2026-07-27,07:43:00,2647.37,Pharmacy,UPI,POS Terminal,No,Kolkata,Kolkata,7.5,3051,2,0
500796,129535,2026-07-26,03:18:00,680.42,Travel,ONLINE,Web Browser,Yes,Delhi,Delhi,2.8,3989,3,0
503021,134967,2026-06-03,03:04:00,5415.02,Utility Bill,ONLINE,Web Browser,Yes,Ahmedabad,Ahmedabad,1.7,3084,0,0
501712,146979,2026-03-24,08:29:00,5997.73,Jewellery,POS,POS Terminal,No,Bengaluru,Bengaluru,2.5,3525,0,0
503388,173651,2026-03-21,05:14:00,769.25,ATM Withdrawal,UPI,POS Terminal,Yes,Rajpura,Rajpura,8.5,1836,1,0
500037,185828,2026-03-07,12:53:00,2247.36,E-commerce,UPI,Mobile App,Yes,Pune,Pune,10.7,2876,1,0
500914,198001,2026-07-17,11:42:00,1263.74,Fuel,UPI,ATM Machine,Yes,Jaipur,Jaipur,9.4,2379,1,0
503973,112409,2026-08-16,19:19:00,3995.69,Fuel,ONLINE,Web Browser,Yes,Hyderabad,Hyderabad,7.6,1779,3,0
504134,150240,2026-05-06,03:35:00,8284.09,Fuel,UPI,Web Browser,No,Hyderabad,Hyderabad,0.6,2956,2,0
500975,114792,2026-06-24,00:06:00,6358.71,E-commerce,POS,ATM Machine,No,Chennai,Chennai,11.4,3317,2,0
500984,164794,2026-07-06,15:40:00,5778.99,Dining,UPI,Web Browser,No,Mumbai,Mumbai,4.1,1928,2,0
505210,103158,2026-04-08,15:06:00,2715.55,Utility Bill,ONLINE,Web Browser,Yes,Pune,Pune,0.6,3894,1,0
501419,186095,2026-04-08,10:21:00,483.63,ATM Withdrawal,UPI,USSD,Yes,Rajpura,Rajpura,8.5,647,0,0
501561,129113,2026-04-25,06:18:00,2171.61,Pharmacy,UPI,Mobile App,Yes,Hyderabad,Hyderabad,8.0,2219,1,0
504136,197112,2026-06-12,09:23:00,912.74,Electronics,ONLINE,Mobile App,No,Chennai,Chennai,4.3,3685,3,0
504266,199079,2026-04-17,19:35:00,3088.37,Jewellery,ATM,Web Browser,No,Bengaluru,Bengaluru,12.9,231,2,0
501356,149691,2026-05-25,21:46:00,2825.57,Pharmacy,POS,ATM Machine,Yes,Pune,Pune,2.4,1827,2,0
505692,158781,2026-02-08,14:57:00,4851.51,Jewellery,POS,Mobile App,No,Rajpura,Rajpura,6.1,2357,1,0
500988,131621,2026-06-23,03:58:00,632.92,ATM Withdrawal,ONLINE,Web Browser,Yes,Hyderabad,Hyderabad,10.2,364,4,0
502683,138970,2026-07-03,11:27:00,8475.34,Utility Bill,UPI,Web Browser,Yes,Mumbai,Mumbai,14.5,399,1,0
501641,172160,2026-03-22,08:52:00,653.41,Dining,ONLINE,ATM Machine,No,Hyderabad,Hyderabad,4.8,1546,4,0
501291,123365,2026-07-25,02:09:00,1541.79,Electronics,UPI,USSD,Yes,Hyderabad,Hyderabad,10.5,1848,3,0
503682,103214,2026-07-08,21:31:00,1293.01,Jewellery,UPI,POS Terminal,Yes,Rajpura,Rajpura,7.3,1244,2,0
501381,198050,2026-02-05,14:22:00,1058.64,ATM Withdrawal,ATM,ATM Machine,Yes,Hyderabad,Hyderabad,3.7,3768,2,0
501934,195319,2026-03-01,12:51:00,2099.6,Jewellery,ONLINE,Web Browser,Yes,Kolkata,Kolkata,12.4,2370,3,0
505046,136808,2026-06-29,23:59:00,3861.11,Electronics,ONLINE,Mobile App,No,Kolkata,Kolkata,1.1,2880,1,0
503161,111853,2026-02-03,03:35:00,5105.09,Grocery,UPI,POS Terminal,Yes,Hyderabad,Hyderabad,4.2,3172,0,0
502031,155578,2026-08-26,19:52:00,3060.86,Fuel,UPI,ATM Machine,No,Bengaluru,Bengaluru,0.4,387,1,0
500893,152254,2026-07-03,05:54:00,3802.13,Grocery,UPI,Mobile App,No,Mumbai,Mumbai,9.7,112,1,0
504070,110028,2026-08-10,00:26:00,2601.47,E-commerce,POS,Mobile App,Yes,Hyderabad,Hyderabad,14.5,276,0,0
504256,132792,2026-01-29,16:30:00,7011.5,Pharmacy,POS,POS Terminal,No,Bengaluru,Bengaluru,7.2,2168,3,0
500003,165456,2026-02-07,01:39:00,3452.76,Pharmacy,ONLINE,USSD,Yes,Hyderabad,Hyderabad,10.9,2755,0,0
502110,128351,2026-03-20,01:26:00,32337.59,Jewellery,UPI,Web Browser,No,Rajpura,Kolkata,365.2,31,7,1
500850,160591,2026-07-19,01:31:00,4365.98,ATM Withdrawal,ONLINE,ATM Machine,No,Delhi,Delhi,11.4,3614,1,0
502738,118847,2026-08-07,21:31:00,10191.78,E-commerce,UPI,USSD,No,Delhi,Delhi,8.4,1408,6,0
502467,130116,2026-03-25,15:02:00,3010.92,Grocery,ATM,Web Browser,Yes,Chennai,Chennai,11.6,3235,1,0
501915,132840,2026-03-21,23:43:00,2560.47,Grocery,POS,POS Terminal,No,Delhi,Delhi,13.5,2124,4,0
501597,165915,2026-03-31,02:50:00,2386.16,Dining,ONLINE,USSD,No,Hyderabad,Hyderabad,6.9,452,1,0
501914,177735,2026-03-05,06:39:00,2151.68,E-commerce,ONLINE,POS Terminal,No,Jaipur,Jaipur,9.8,3828,1,0
505653,105687,2026-04-29,01:07:00,2331.9,Grocery,ATM,Web Browser,No,Kolkata,Kolkata,4.7,1917,1,0
502737,157422,2026-04-11,10:05:00,3831.69,Utility Bill,UPI,Web Browser,No,Kolkata,Kolkata,7.0,327,2,0
500727,172121,2026-01-04,10:43:00,1623.55,Electronics,POS,Mobile App,Yes,Rajpura,Rajpura,0.3,568,0,0
500054,146671,2026-07-20,03:00:00,7071.97,E-commerce,ONLINE,ATM Machine,Yes,Bengaluru,Bengaluru,1.2,2554,0,0
501797,197563,2026-07-23,20:01:00,4913.93,Jewellery,UPI,USSD,No,Rajpura,Rajpura,7.8,1380,0,0
503846,147722,2026-01-15,19:16:00,1483.43,Pharmacy,UPI,Mobile App,No,Bengaluru,Bengaluru,12.8,3564,1,0
502554,119320,2026-07-12,09:11:00,3803.15,E-commerce,ONLINE,Mobile App,No,Kolkata,Kolkata,7.1,672,3,0
502801,179283,2026-08-05,22:00:00,1573.69,Electronics,POS,Web Browser,No,Hyderabad,Hyderabad,0.2,225,2,0
500937,115792,2026-08-08,14:21:00,2249.46,Fuel,POS,Web Browser,Yes,Kolkata,Kolkata,6.4,1872,2,0
504942,144624,2026-04-21,10:39:00,2764.17,Grocery,ATM,Mobile App,Yes,Hyderabad,Hyderabad,1.6,3511,2,0
500825,162330,2026-06-14,12:26:00,4247.97,Electronics,ATM,POS Terminal,No,Pune,Pune,0.4,621,0,0
504322,144821,2026-06-30,09:27:00,4480.9,Grocery,POS,ATM Machine,No,Jaipur,Jaipur,7.7,2102,1,0
503402,191785,2026-04-01,03:05:00,9894.35,Pharmacy,POS,Mobile App,No,Jaipur,Jaipur,3.6,2200,3,0
501390,190905,2026-01-07,10:03:00,4188.96,Electronics,ATM,ATM Machine,Yes,Ahmedabad,Ahmedabad,9.8,1888,1,0
503565,178140,2026-03-28,09:18:00,1150.47,Grocery,ONLINE,ATM Machine,Yes,Jaipur,Jaipur,13.7,1416,2,0
500885,181332,2026-04-12,15:45:00,4612.5,Grocery,POS,USSD,No,Mumbai,Mumbai,4.6,3523,2,0
501869,103016,2026-06-18,16:27:00,2410.24,Travel,ONLINE,Mobile App,Yes,Hyderabad,Hyderabad,0.5,2768,1,0
500011,152647,2026-08-11,03:00:00,1992.49,Utility Bill,UPI,USSD,No,Chennai,Chennai,13.0,589,2,0
503416,141237,2026-08-28,11:43:00,4721.54,Grocery,POS,ATM Machine,No,Kolkata,Kolkata,12.8,3153,0,0
501464,105095,2026-06-23,13:35:00,8119.23,ATM Withdrawal,UPI,Mobile App,Yes,Jaipur,Jaipur,5.4,2623,2,0
500807,154489,2026-07-27,01:29:00,1139.65,E-commerce,POS,POS Terminal,No,Kolkata,Kolkata,4.8,886,3,0
504716,150065,2026-07-25,02:55:00,999.41,Travel,POS,POS Terminal,Yes,Kolkata,Kolkata,7.2,197,2,0
504069,173801,2026-03-25,10:39:00,10622.79,ATM Withdrawal,UPI,ATM Machine,No,Chennai,Chennai,12.8,3024,0,0
502109,128053,2026-04-15,00:42:00,1294.7,Dining,POS,USSD,Yes,Hyderabad,Hyderabad,7.2,3898,2,0
505063,161643,2026-05-17,10:19:00,3887.09,Pharmacy,ONLINE,ATM Machine,Yes,Kolkata,Kolkata,1.9,2581,0,0
505947,126126,2026-01-07,20:16:00,5751.27,ATM Withdrawal,POS,ATM Machine,No,Kolkata,Kolkata,12.4,3595,1,0
502235,158858,2026-06-27,10:06:00,1990.74,Grocery,UPI,Web Browser,No,Chennai,Chennai,10.8,3901,1,0
500964,121762,2026-03-01,11:06:00,1302.62,Travel,UPI,Web Browser,Yes,Ahmedabad,Ahmedabad,12.5,1937,3,0
504495,130724,2026-05-17,18:52:00,7793.01,E-commerce,ONLINE,POS Terminal,No,Kolkata,Kolkata,14.1,245,2,0
502633,191341,2026-01-03,20:58:00,1291.42,Travel,UPI,Web Browser,No,Kolkata,Kolkata,11.4,3537,2,0
500705,112933,2026-01-09,02:43:00,2064.86,Pharmacy,POS,USSD,No,Rajpura,Rajpura,14.9,2453,1,0
500432,173897,2026-04-01,03:54:00,1992.24,Grocery,POS,Web Browser,Yes,Ahmedabad,Ahmedabad,4.6,1462,2,0
504389,133693,2026-01-06,20:55:00,2806.92,ATM Withdrawal,POS,POS Terminal,No,Delhi,Delhi,14.0,3078,1,0
500146,185339,2026-01-20,00:37:00,2439.04,E-commerce,ATM,ATM Machine,Yes,Rajpura,Rajpura,14.4,3171,3,0
502034,167808,2026-08-05,09:18:00,1472.9,Electronics,ONLINE,POS Terminal,No,Bengaluru,Bengaluru,1.9,1666,1,0
505031,131713,2026-08-01,00:33:00,3125.07,Dining,ONLINE,ATM Machine,Yes,Bengaluru,Bengaluru,4.1,2570,1,0
501166,110497,2026-06-30,17:27:00,8967.82,ATM Withdrawal,POS,ATM Machine,No,Kolkata,Kolkata,12.6,1771,1,0
503501,106114,2026-01-06,10:17:00,912.74,Pharmacy,ATM,Web Browser,Yes,Jaipur,Jaipur,12.8,530,1,0
502051,117228,2026-06-18,05:06:00,1233.77,Utility Bill,ONLINE,Web Browser,Yes,Bengaluru,Bengaluru,8.1,1983,0,0
503761,117439,2026-05-28,03:50:00,3585.07,Dining,POS,USSD,No,Pune,Pune,14.4,3693,3,0
502625,192131,2026-03-21,02:19:00,2271.52,Electronics,ONLINE,Mobile App,Yes,Bengaluru,Bengaluru,11.2,1861,1,0
504485,146886,2026-02-01,04:53:00,1952.41,Grocery,ONLINE,POS Terminal,No,Delhi,Delhi,8.0,483,1,0
504436,192962,2026-06-27,13:06:00,8556.51,Jewellery,POS,USSD,No,Mumbai,Mumbai,1.0,1498,2,0
504779,110665,2026-06-24,14:12:00,8000.03,Electronics,ONLINE,POS Terminal,Yes,Bengaluru,Bengaluru,5.4,2801,1,0
504649,129298,2026-05-15,11:20:00,1437.77,Utility Bill,ONLINE,ATM Machine,Yes,Chennai,Chennai,14.5,2607,2,0
504362,178471,2026-06-27,06:31:00,4197.94,Dining,ATM,Mobile App,No,Hyderabad,Hyderabad,1.2,103,2,0
502425,134852,2026-02-03,22:47:00,6096.4,Electronics,ONLINE,Web Browser,Yes,Mumbai,Mumbai,2.3,851,0,0
501263,144446,2026-01-31,14:51:00,651.41,Electronics,ONLINE,Web Browser,No,Ahmedabad,Ahmedabad,8.3,3050,2,0
501772,137720,2026-02-06,22:49:00,2460.9,ATM Withdrawal,UPI,POS Terminal,Yes,Mumbai,Mumbai,1.8,3150,1,0
503512,157860,2026-06-07,21:25:00,5261.25,Utility Bill,POS,Mobile App,No,Pune,Pune,6.5,3585,0,0
500272,102280,2026-05-20,05:05:00,1761.87,Jewellery,UPI,USSD,No,Ahmedabad,Ahmedabad,7.2,3495,2,0
500245,162873,2026-05-30,03:13:00,1230.65,ATM Withdrawal,POS,Web Browser,No,Rajpura,Rajpura,6.8,2543,3,0
505821,161262,2026-02-16,20:04:00,2865.92,Travel,UPI,Web Browser,No,Ahmedabad,Ahmedabad,4.5,200,2,0
504573,149481,2026-03-24,03:55:00,1967.46,ATM Withdrawal,UPI,ATM Machine,No,Delhi,Delhi,10.6,1917,1,0
502033,109069,2026-07-21,12:28:00,1094.13,Jewellery,UPI,Web Browser,No,Hyderabad,Hyderabad,11.7,3880,2,0
504741,126482,2026-08-18,07:09:00,1883.27,Electronics,POS,Mobile App,No,Pune,Pune,8.2,1076,2,0
500814,128390,2026-02-22,23:12:00,1539.39,ATM Withdrawal,POS,USSD,Yes,Pune,Pune,11.8,555,2,0
503811,122888,2026-07-02,08:34:00,1682.87,E-commerce,POS,Web Browser,No,Jaipur,Jaipur,7.6,2479,0,0
504869,192169,2026-07-16,20:13:00,3650.3,Fuel,POS,ATM Machine,Yes,Chennai,Chennai,12.7,434,0,0
501805,112796,2026-03-08,00:28:00,22606.21,Fuel,POS,USSD,No,Ahmedabad,Kolkata,1082.2,3,5,1
504347,104970,2026-07-03,02:20:00,25766.19,E-commerce,NEFT,USSD,No,Jaipur,Mumbai,1229.9,35,8,1
502462,121517,2026-05-28,07:53:00,1825.5,Pharmacy,ONLINE,Web Browser,No,Jaipur,Jaipur,12.1,2330,0,0
500546,105338,2026-05-17,14:29:00,1946.25,Jewellery,UPI,Web Browser,No,Hyderabad,Hyderabad,6.3,3856,1,0
503242,120799,2026-05-22,07:46:00,1674.06,Jewellery,POS,USSD,No,Bengaluru,Bengaluru,11.5,255,2,0
500739,173822,2026-07-14,02:18:00,1879.36,E-commerce,POS,Mobile App,Yes,Chennai,Chennai,2.2,2297,0,0
500311,166598,2026-01-04,05:02:00,4257.78,Electronics,POS,Web Browser,No,Kolkata,Kolkata,14.9,1507,3,0
503522,133215,2026-03-21,08:50:00,2587.55,Electronics,UPI,POS Terminal,No,Pune,Pune,11.4,2269,1,0
501132,167019,2026-01-28,16:25:00,8251.47,Travel,UPI,Web Browser,Yes,Rajpura,Rajpura,4.2,1106,1,0
505907,146851,2026-07-20,04:58:00,864.89,Utility Bill,POS,POS Terminal,No,Rajpura,Rajpura,6.7,2311,2,0
504112,147979,2026-04-13,14:30:00,5806.39,Pharmacy,UPI,ATM Machine,No,Bengaluru,Bengaluru,3.4,2543,3,0
502770,195869,2026-05-10,00:25:00,44183.95,Pharmacy,NEFT,USSD,No,Rajpura,Kolkata,1009.1,12,2,1
500921,187268,2026-04-04,22:53:00,243.05,E-commerce,POS,ATM Machine,No,Bengaluru,Bengaluru,13.4,1297,2,0
503588,168889,2026-01-14,09:25:00,2162.43,Dining,POS,POS Terminal,Yes,Jaipur,Jaipur,3.1,3075,2,0
503960,121524,2026-05-21,10:06:00,9624.33,Utility Bill,ONLINE,Mobile App,Yes,Jaipur,Jaipur,11.1,3184,2,0
500039,127675,2026-07-21,16:15:00,7609.5,Jewellery,ONLINE,ATM Machine,Yes,Kolkata,Kolkata,5.4,54,1,0
504460,165372,2026-05-23,15:51:00,1149.9,Travel,UPI,Web Browser,Yes,Bengaluru,Bengaluru,13.1,318,3,0
504279,173340,2026-06-09,07:34:00,7446.52,ATM Withdrawal,POS,Web Browser,Yes,Chennai,Chennai,12.0,33,1,0
502984,182220,2026-07-23,23:44:00,2915.14,Utility Bill,UPI,ATM Machine,No,Rajpura,Rajpura,3.8,1815,2,0
505986,130954,2026-02-13,03:00:00,4104.05,Utility Bill,ONLINE,Mobile App,No,Jaipur,Jaipur,3.3,1596,2,0
502668,196540,2026-01-21,15:19:00,10287.34,Utility Bill,UPI,Web Browser,No,Kolkata,Kolkata,12.3,1957,1,0
503224,177578,2026-07-30,17:50:00,4828.58,Dining,POS,ATM Machine,Yes,Chennai,Chennai,4.8,1664,1,0
501183,169079,2026-04-15,17:58:00,3176.91,Electronics,POS,Mobile App,No,Mumbai,Mumbai,4.7,2687,1,0
500615,168615,2026-01-04,10:51:00,1626.11,E-commerce,UPI,POS Terminal,Yes,Bengaluru,Bengaluru,14.1,1795,2,0
505890,128359,2026-03-03,18:05:00,344.5,E-commerce,ONLINE,Mobile App,Yes,Mumbai,Mumbai,8.4,1164,2,0
501467,163555,2026-08-15,05:00:00,6355.01,Travel,ONLINE,Web Browser,Yes,Hyderabad,Hyderabad,13.3,926,0,0
504498,138814,2026-04-26,09:40:00,3135.51,Jewellery,POS,Mobile App,No,Delhi,Delhi,5.8,1414,1,0
503043,132805,2026-01-17,12:34:00,5896.85,Fuel,POS,ATM Machine,No,Pune,Pune,14.3,1194,0,0
500935,144267,2026-07-05,20:40:00,5890.86,ATM Withdrawal,UPI,Web Browser,Yes,Chennai,Chennai,12.0,1674,1,0
502420,141865,2026-07-24,14:41:00,1981.19,Jewellery,POS,USSD,No,Bengaluru,Bengaluru,2.8,2005,3,0
505412,146840,2026-03-27,10:02:00,10677.56,E-commerce,POS,USSD,No,Kolkata,Kolkata,0.7,3600,0,0
504857,184595,2026-04-15,13:35:00,4420.69,Dining,POS,ATM Machine,No,Hyderabad,Hyderabad,4.8,792,1,0
500827,168072,2026-05-19,11:35:00,14077.35,Utility Bill,UPI,ATM Machine,No,Pune,Pune,6.0,592,0,0
501522,171155,2026-04-16,01:54:00,1140.71,Electronics,POS,USSD,Yes,Jaipur,Jaipur,4.5,2214,2,0
502931,117419,2026-06-21,08:55:00,7684.03,Fuel,POS,Web Browser,No,Rajpura,Rajpura,2.7,2140,2,0
504233,160513,2026-02-12,05:44:00,3269.27,Travel,ATM,Mobile App,Yes,Delhi,Delhi,14.9,229,2,0
500629,150504,2026-01-12,03:52:00,287.17,ATM Withdrawal,ONLINE,POS Terminal,No,Kolkata,Kolkata,14.0,1852,3,0
504431,192094,2026-02-23,01:50:00,1253.5,Dining,UPI,USSD,Yes,Pune,Pune,10.4,289,4,0
503854,135220,2026-04-16,04:40:00,1423.95,Electronics,ONLINE,ATM Machine,No,Bengaluru,Bengaluru,4.9,3574,2,0
500391,174673,2026-03-05,02:01:00,735.9,Electronics,NEFT,POS Terminal,No,Ahmedabad,Ahmedabad,2.9,3862,2,0
504346,150267,2026-08-03,14:12:00,3645.61,Dining,ONLINE,USSD,Yes,Rajpura,Rajpura,3.8,983,3,0
505851,116928,2026-07-02,14:00:00,603.53,ATM Withdrawal,UPI,POS Terminal,Yes,Kolkata,Kolkata,13.6,861,0,0
503991,175447,2026-02-28,02:55:00,6367.32,Fuel,ATM,ATM Machine,Yes,Chennai,Chennai,11.4,3676,0,0
500401,199801,2026-04-01,01:30:00,3308.57,Fuel,ATM,POS Terminal,No,Pune,Pune,9.1,3973,2,0
503360,152745,2026-04-21,23:15:00,2988.51,Travel,UPI,Web Browser,Yes,Rajpura,Rajpura,4.9,3678,3,0
500047,144568,2026-02-20,15:22:00,3487.38,Utility Bill,UPI,USSD,No,Delhi,Delhi,8.8,3928,1,0
505754,127456,2026-04-02,21:51:00,8495.75,Travel,UPI,Web Browser,No,Hyderabad,Hyderabad,13.4,3425,1,0
505910,151787,2026-07-07,11:50:00,1626.38,Pharmacy,POS,ATM Machine,Yes,Kolkata,Kolkata,4.1,2435,3,0
503643,192977,2026-06-07,14:50:00,5596.7,Utility Bill,UPI,ATM Machine,Yes,Kolkata,Kolkata,7.8,718,0,0
503727,110935,2026-07-26,21:10:00,4382.54,Electronics,POS,Web Browser,No,Jaipur,Jaipur,8.2,2967,1,0
505825,151674,2026-02-04,06:40:00,169.75,Dining,ONLINE,USSD,No,Pune,Pune,13.5,1208,1,0
502422,175790,2026-01-26,12:15:00,2710.5,E-commerce,POS,Web Browser,Yes,Hyderabad,Hyderabad,4.5,742,0,0
501751,193125,2026-04-27,10:23:00,3385.92,Electronics,ONLINE,POS Terminal,Yes,Hyderabad,Hyderabad,9.1,3416,3,0
505799,156256,2026-05-06,20:25:00,6555.33,Jewellery,POS,Mobile App,No,Jaipur,Jaipur,9.3,1888,0,0
504908,179023,2026-07-19,23:53:00,64531.6,Electronics,UPI,USSD,No,Delhi,Chennai,1235.9,9,6,1
504063,163241,2026-04-20,16:43:00,4522.43,Electronics,ONLINE,Mobile App,Yes,Rajpura,Rajpura,9.8,2556,3,0
500339,120273,2026-06-08,00:09:00,2469.12,Grocery,UPI,Mobile App,No,Rajpura,Rajpura,5.4,1814,4,0
500216,127223,2026-02-27,03:49:00,1379.53,E-commerce,UPI,Web Browser,Yes,Hyderabad,Hyderabad,9.7,1647,1,0
503664,196219,2026-01-25,16:30:00,4407.49,Pharmacy,POS,Mobile App,Yes,Bengaluru,Bengaluru,7.6,221,2,0
501342,113681,2026-05-08,08:19:00,1141.86,Fuel,POS,POS Terminal,No,Chennai,Chennai,3.2,1102,2,0
505485,153355,2026-02-24,16:04:00,10142.27,Electronics,UPI,Web Browser,Yes,Rajpura,Rajpura,13.8,1102,1,0
503895,160858,2026-04-18,00:58:00,2952.51,Travel,UPI,POS Terminal,Yes,Kolkata,Kolkata,13.2,1051,1,0
503641,172143,2026-08-22,16:48:00,6978.89,Grocery,POS,POS Terminal,No,Chennai,Chennai,3.7,1181,2,0
500330,155484,2026-04-07,21:32:00,4664.58,Dining,POS,POS Terminal,Yes,Hyderabad,Hyderabad,15.0,61,3,0
503005,170489,2026-01-29,13:42:00,7583.79,Travel,ATM,Mobile App,Yes,Ahmedabad,Ahmedabad,4.1,236,0,0
505732,112385,2026-02-02,11:57:00,1924.28,Fuel,UPI,Web Browser,No,Chennai,Chennai,12.1,2690,1,0
503116,149792,2026-07-17,07:22:00,4915.43,Travel,ONLINE,POS Terminal,Yes,Ahmedabad,Ahmedabad,4.6,3264,2,0
505802,138394,2026-01-21,04:11:00,2289.94,Utility Bill,POS,USSD,No,Rajpura,Rajpura,14.6,781,2,0
502323,133808,2026-08-25,08:42:00,3267.2,Travel,ATM,ATM Machine,Yes,Hyderabad,Hyderabad,9.4,2644,0,0
504198,112393,2026-05-14,10:15:00,6305.45,Fuel,ONLINE,USSD,Yes,Rajpura,Rajpura,1.4,1881,1,0
503550,163846,2026-08-21,16:10:00,2665.37,Pharmacy,POS,POS Terminal,Yes,Mumbai,Mumbai,1.1,3354,0,0
501459,126384,2026-02-21,01:06:00,10051.03,Pharmacy,UPI,Web Browser,No,Delhi,Delhi,4.2,2080,3,0
500172,109004,2026-05-27,19:52:00,4786.92,Dining,UPI,Mobile App,Yes,Chennai,Chennai,7.3,127,2,0
504204,113075,2026-06-10,04:55:00,2447.08,Fuel,ATM,Mobile App,Yes,Bengaluru,Bengaluru,8.8,3378,2,0
505021,188052,2026-07-27,01:51:00,74989.36,Pharmacy,ATM,USSD,No,Kolkata,Ahmedabad,1404.9,8,5,1
503570,124634,2026-08-01,09:14:00,3036.1,Dining,UPI,Web Browser,Yes,Jaipur,Jaipur,7.9,2452,0,0
504227,144938,2026-03-20,03:14:00,1329.11,E-commerce,POS,ATM Machine,Yes,Chennai,Chennai,9.3,2078,1,0
504889,133782,2026-05-04,22:05:00,2956.7,E-commerce,UPI,Web Browser,Yes,Bengaluru,Bengaluru,9.6,1908,1,0
504937,196079,2026-08-19,16:14:00,1852.29,Travel,POS,POS Terminal,Yes,Jaipur,Jaipur,9.7,1305,2,0
500939,146165,2026-02-23,18:52:00,1962.77,ATM Withdrawal,ONLINE,USSD,Yes,Ahmedabad,Ahmedabad,13.7,2248,1,0
500061,192251,2026-08-24,10:06:00,699.64,ATM Withdrawal,POS,Web Browser,Yes,Kolkata,Kolkata,12.0,575,0,0
501241,150817,2026-02-02,13:20:00,4499.07,Utility Bill,NEFT,Web Browser,Yes,Pune,Pune,9.9,1152,2,0
505010,127719,2026-03-29,16:37:00,7119.21,Electronics,ONLINE,Web Browser,Yes,Rajpura,Rajpura,9.6,2958,1,0
502121,176908,2026-08-11,10:55:00,606.98,Jewellery,NEFT,Web Browser,No,Kolkata,Kolkata,1.1,3016,2,0
501525,160358,2026-04-26,14:26:00,1406.03,Electronics,POS,ATM Machine,Yes,Kolkata,Kolkata,14.5,391,1,0
500154,129359,2026-06-05,15:29:00,2126.75,Travel,UPI,POS Terminal,Yes,Chennai,Chennai,8.9,2660,4,0
500482,182942,2026-05-06,15:37:00,173.31,Travel,UPI,Web Browser,Yes,Rajpura,Rajpura,0.9,3867,0,0
504461,110254,2026-05-11,03:31:00,4845.41,Fuel,POS,ATM Machine,Yes,Jaipur,Jaipur,12.3,1663,1,0
503921,193821,2026-04-20,16:17:00,4355.37,Electronics,UPI,Web Browser,No,Bengaluru,Bengaluru,3.5,1445,0,0
501763,101019,2026-01-06,21:38:00,4510.05,Jewellery,ATM,USSD,No,Pune,Pune,8.4,2871,2,0
500751,196128,2026-01-03,15:05:00,1982.52,Jewellery,ONLINE,ATM Machine,No,Ahmedabad,Ahmedabad,8.8,356,2,0
501786,124359,2026-03-27,01:48:00,2543.39,Travel,POS,POS Terminal,No,Pune,Pune,10.5,3721,4,0
504502,153390,2026-04-12,09:37:00,554.37,Grocery,ATM,ATM Machine,No,Kolkata,Kolkata,13.5,2974,2,0
502712,102397,2026-06-25,09:24:00,4156.29,Electronics,POS,Mobile App,Yes,Hyderabad,Hyderabad,6.5,512,1,0
504846,176531,2026-08-12,15:41:00,3490.51,Fuel,POS,POS Terminal,Yes,Ahmedabad,Ahmedabad,10.9,2163,0,0
504194,103897,2026-08-21,01:56:00,854.3,Pharmacy,UPI,ATM Machine,Yes,Hyderabad,Hyderabad,1.7,2968,4,0
501334,180742,2026-02-01,19:00:00,2098.16,Grocery,NEFT,USSD,No,Bengaluru,Bengaluru,4.0,372,1,0
505336,107011,2026-03-21,16:45:00,2454.22,Pharmacy,UPI,Mobile App,Yes,Rajpura,Rajpura,9.4,3099,1,0
502855,172384,2026-02-12,12:36:00,4542.32,Dining,POS,Mobile App,No,Pune,Pune,7.0,1799,2,0
500187,116621,2026-05-23,03:50:00,4277.27,ATM Withdrawal,ATM,USSD,Yes,Chennai,Chennai,6.7,552,2,0
501137,172494,2026-04-14,14:49:00,7758.0,ATM Withdrawal,ONLINE,ATM Machine,No,Pune,Pune,7.7,3370,1,0
502059,139421,2026-07-21,23:31:00,239.03,Pharmacy,ONLINE,Web Browser,No,Hyderabad,Hyderabad,13.9,2976,3,0
505023,168259,2026-03-03,06:35:00,6397.9,Electronics,POS,POS Terminal,Yes,Hyderabad,Hyderabad,6.9,177,0,0
500149,182166,2026-05-22,03:08:00,22995.44,Dining,ONLINE,USSD,No,Mumbai,Kolkata,1272.4,20,4,1
504125,178873,2026-02-18,04:13:00,3156.05,ATM Withdrawal,UPI,Web Browser,No,Jaipur,Jaipur,9.7,1414,4,0
503364,182049,2026-06-11,16:45:00,936.24,Electronics,ONLINE,POS Terminal,No,Mumbai,Mumbai,0.4,1414,3,0
502867,131521,2026-03-23,15:24:00,2889.77,Fuel,POS,ATM Machine,No,Delhi,Delhi,14.2,2239,2,0
503777,153240,2026-02-15,06:54:00,4612.41,Jewellery,POS,Mobile App,Yes,Rajpura,Rajpura,2.1,1317,3,0
501387,156046,2026-07-24,21:23:00,3548.41,Utility Bill,POS,POS Terminal,Yes,Ahmedabad,Ahmedabad,3.0,3173,1,0
505672,164316,2026-01-17,01:20:00,3695.01,Fuel,POS,ATM Machine,No,Mumbai,Mumbai,10.7,2951,3,0
504960,194413,2026-01-18,01:38:00,78964.23,Travel,POS,Web Browser,No,Jaipur,Mumbai,799.9,36,4,1
503630,182974,2026-02-22,13:43:00,5032.11,Dining,UPI,USSD,No,Kolkata,Kolkata,5.7,1255,1,0
505397,194371,2026-05-12,12:50:00,6287.62,Travel,UPI,Mobile App,Yes,Hyderabad,Hyderabad,14.0,948,0,0
503029,122461,2026-05-28,11:20:00,5387.05,E-commerce,ONLINE,POS Terminal,Yes,Pune,Pune,11.5,3996,2,0
502970,163760,2026-05-03,07:38:00,1977.04,Pharmacy,ATM,POS Terminal,Yes,Rajpura,Rajpura,2.8,2111,1,0
505208,175345,2026-03-14,23:23:00,3935.83,Fuel,ATM,Mobile App,No,Jaipur,Jaipur,1.1,1289,0,0
501709,124376,2026-04-14,07:42:00,362.52,Fuel,POS,Web Browser,No,Kolkata,Kolkata,12.0,2537,1,0
502954,143666,2026-02-09,11:53:00,8762.39,Dining,ONLINE,ATM Machine,No,Pune,Pune,11.0,3309,1,0
500455,159693,2026-01-19,03:16:00,2572.12,E-commerce,POS,POS Terminal,Yes,Kolkata,Kolkata,9.8,1330,2,0
500610,185756,2026-04-30,17:48:00,6987.27,Jewellery,UPI,Web Browser,No,Ahmedabad,Ahmedabad,14.0,1046,1,0
504264,175664,2026-05-13,21:32:00,4577.12,Travel,UPI,Web Browser,No,Delhi,Delhi,11.0,2137,0,0
505082,150718,2026-08-25,04:12:00,1669.82,Travel,ONLINE,Mobile App,Yes,Jaipur,Jaipur,9.7,2323,2,0
502075,169651,2026-04-21,19:50:00,2720.16,Utility Bill,ATM,Mobile App,No,Rajpura,Rajpura,1.6,3565,1,0
504053,176476,2026-02-11,17:23:00,2536.79,Utility Bill,POS,Web Browser,Yes,Ahmedabad,Ahmedabad,4.8,1660,0,0
504874,158751,2026-01-06,10:39:00,1459.54,Dining,ONLINE,Mobile App,No,Rajpura,Rajpura,13.6,1543,3,0
501623,192415,2026-05-09,15:01:00,3307.0,Pharmacy,POS,USSD,Yes,Rajpura,Rajpura,12.8,2401,1,0
504684,106913,2026-06-23,00:08:00,56186.69,Fuel,ATM,Web Browser,No,Mumbai,Ahmedabad,1256.8,42,7,1
505253,171411,2026-08-09,20:14:00,4698.55,Travel,ATM,Mobile App,No,Chennai,Chennai,2.4,1949,2,0
500041,116522,2026-04-16,11:26:00,7822.26,Pharmacy,POS,Web Browser,No,Chennai,Chennai,8.7,3597,2,0
502090,101976,2026-08-12,23:58:00,3875.6,Travel,UPI,USSD,No,Kolkata,Kolkata,14.5,2790,0,0
503925,163815,2026-07-11,06:45:00,3583.4,E-commerce,POS,POS Terminal,No,Mumbai,Mumbai,10.8,2238,1,0
502176,176258,2026-05-01,06:57:00,3251.42,Electronics,ATM,POS Terminal,No,Hyderabad,Hyderabad,6.9,1693,1,0
500075,168647,2026-03-21,04:10:00,1065.27,Electronics,ATM,USSD,Yes,Jaipur,Jaipur,0.5,1955,3,0
505926,110076,2026-07-02,16:48:00,1938.99,E-commerce,UPI,USSD,No,Kolkata,Kolkata,0.6,3187,1,0
505917,132508,2026-01-05,13:21:00,2191.1,Dining,ONLINE,USSD,Yes,Kolkata,Kolkata,3.8,3244,2,0
502658,127033,2026-08-23,06:14:00,2644.58,Pharmacy,ONLINE,Web Browser,No,Rajpura,Rajpura,14.2,3749,1,0
503181,122355,2026-03-05,00:34:00,922.89,Dining,POS,ATM Machine,No,Rajpura,Rajpura,6.8,3736,0,0
502077,146436,2026-08-15,06:47:00,3817.97,ATM Withdrawal,POS,USSD,No,Pune,Pune,11.0,3186,3,0
500442,130094,2026-07-06,10:11:00,6573.08,Travel,ONLINE,Mobile App,Yes,Bengaluru,Bengaluru,6.4,3951,3,0
502052,130247,2026-07-24,12:54:00,4985.79,Utility Bill,ONLINE,POS Terminal,Yes,Jaipur,Jaipur,13.8,115,1,0
502542,197087,2026-05-20,20:18:00,5065.43,Fuel,UPI,USSD,Yes,Jaipur,Jaipur,12.8,2833,0,0
501302,140135,2026-04-01,15:02:00,6240.25,Dining,UPI,Web Browser,Yes,Bengaluru,Bengaluru,3.6,994,1,0
503431,124950,2026-07-31,18:44:00,1737.34,Utility Bill,ONLINE,Web Browser,Yes,Mumbai,Mumbai,14.9,2509,0,0
501305,161060,2026-05-04,15:38:00,1098.5,Utility Bill,POS,ATM Machine,Yes,Jaipur,Jaipur,8.6,3182,3,0
500237,166329,2026-04-07,12:05:00,2960.84,Pharmacy,POS,POS Terminal,No,Rajpura,Rajpura,0.2,2400,1,0
504996,121173,2026-03-07,21:36:00,3410.52,Travel,UPI,Mobile App,No,Chennai,Chennai,3.9,1151,5,0
502600,138909,2026-03-01,15:47:00,2803.27,Dining,ATM,Mobile App,No,Hyderabad,Hyderabad,13.6,948,1,0
504617,129277,2026-07-05,15:12:00,5301.91,ATM Withdrawal,UPI,USSD,No,Jaipur,Jaipur,1.6,785,2,0
502574,139148,2026-05-23,02:40:00,90177.29,Travel,ATM,Web Browser,No,Jaipur,Kolkata,780.2,48,9,1
503281,108697,2026-08-02,02:40:00,4768.78,Utility Bill,POS,POS Terminal,No,Pune,Pune,10.3,3701,3,0
503187,176554,2026-06-13,00:25:00,624.16,Fuel,UPI,POS Terminal,Yes,Mumbai,Mumbai,13.9,727,1,0
503954,146391,2026-04-30,20:22:00,1944.35,Grocery,POS,USSD,No,Kolkata,Kolkata,2.1,3062,1,0
502769,147852,2026-08-05,12:23:00,819.21,Electronics,ONLINE,Web Browser,Yes,Delhi,Delhi,5.1,203,0,0
504224,153324,2026-04-08,06:22:00,933.24,E-commerce,POS,Web Browser,Yes,Hyderabad,Hyderabad,10.3,1581,2,0
502107,176588,2026-05-28,23:04:00,2802.72,Grocery,POS,POS Terminal,No,Kolkata,Kolkata,4.8,3396,1,0
502680,137446,2026-07-07,21:27:00,4423.42,Utility Bill,POS,ATM Machine,Yes,Rajpura,Rajpura,0.1,1968,1,0
502762,143107,2026-06-22,08:13:00,2378.97,Jewellery,POS,POS Terminal,No,Pune,Pune,12.0,2612,0,0
504689,100797,2026-02-11,13:48:00,2350.26,Electronics,ONLINE,USSD,No,Rajpura,Rajpura,7.0,2187,2,0
501388,132533,2026-08-17,19:44:00,2193.08,Travel,UPI,USSD,Yes,Pune,Pune,11.5,2934,2,0
505632,155866,2026-07-11,07:46:00,3602.6,Dining,ONLINE,Mobile App,No,Ahmedabad,Ahmedabad,8.3,3389,0,0
505427,182727,2026-01-19,02:43:00,4864.52,ATM Withdrawal,UPI,Mobile App,No,Jaipur,Jaipur,0.9,2459,1,0
501280,186544,2026-08-19,09:42:00,2538.65,Grocery,POS,Mobile App,Yes,Pune,Pune,1.1,1973,0,0
505880,101118,2026-03-23,22:17:00,272.3,ATM Withdrawal,ATM,USSD,No,Rajpura,Rajpura,3.9,217,4,0
501556,116274,2026-07-20,13:51:00,1571.96,Dining,ONLINE,Web Browser,Yes,Mumbai,Mumbai,11.9,910,0,0
505423,107360,2026-03-17,11:02:00,4164.43,E-commerce,UPI,USSD,Yes,Rajpura,Rajpura,8.7,1740,1,0
503191,100314,2026-06-26,22:13:00,3208.41,Jewellery,POS,Web Browser,Yes,Delhi,Delhi,12.4,1942,3,0
504567,170453,2026-03-24,02:55:00,6439.45,Dining,ONLINE,ATM Machine,Yes,Delhi,Delhi,2.3,3908,1,0
504803,122141,2026-06-10,14:13:00,7357.11,E-commerce,ONLINE,Web Browser,Yes,Bengaluru,Bengaluru,1.3,1026,1,0
505627,141849,2026-03-22,00:07:00,3029.78,Dining,POS,Web Browser,Yes,Pune,Pune,1.3,3517,2,0
503595,124870,2026-07-03,21:27:00,3220.6,Grocery,UPI,USSD,No,Kolkata,Kolkata,8.1,2993,2,0
501921,139327,2026-05-09,06:29:00,3351.57,Fuel,ONLINE,POS Terminal,Yes,Chennai,Chennai,12.0,1550,0,0
500514,181656,2026-06-08,15:25:00,830.0,Utility Bill,POS,Web Browser,Yes,Delhi,Delhi,5.1,1916,1,0
504178,171674,2026-08-13,11:28:00,1328.49,Jewellery,POS,POS Terminal,No,Jaipur,Jaipur,14.5,1029,3,0
501309,141499,2026-08-23,06:31:00,8191.97,ATM Withdrawal,ONLINE,Web Browser,Yes,Ahmedabad,Ahmedabad,14.8,2154,0,0
500915,159195,2026-08-15,02:18:00,5482.7,ATM Withdrawal,NEFT,USSD,Yes,Delhi,Delhi,13.3,3942,2,0
503453,145245,2026-04-11,21:42:00,2150.65,Dining,ATM,Web Browser,Yes,Ahmedabad,Ahmedabad,6.4,3369,1,0
503696,164155,2026-04-03,06:22:00,15027.22,Grocery,ONLINE,Mobile App,Yes,Hyderabad,Hyderabad,6.0,198,1,0
504243,182451,2026-07-10,22:32:00,4292.92,Grocery,POS,POS Terminal,Yes,Pune,Pune,8.6,2461,2,0
503157,177053,2026-07-30,17:59:00,1148.98,ATM Withdrawal,POS,Web Browser,Yes,Rajpura,Rajpura,11.5,876,3,0
502199,157097,2026-08-05,18:26:00,2760.34,Jewellery,ATM,Web Browser,Yes,Pune,Pune,14.2,3538,0,0
500775,184632,2026-01-23,03:45:00,1805.24,Travel,POS,POS Terminal,Yes,Jaipur,Jaipur,5.3,573,3,0
504426,187252,2026-03-12,16:33:00,5152.74,Travel,POS,Mobile App,No,Jaipur,Jaipur,6.9,1254,1,0
500944,147416,2026-01-10,14:21:00,2986.37,Fuel,UPI,ATM Machine,Yes,Kolkata,Kolkata,13.5,718,1,0
500823,113652,2026-03-08,09:04:00,5753.69,Pharmacy,POS,Web Browser,Yes,Jaipur,Jaipur,1.7,3941,1,0
504278,176474,2026-05-30,18:24:00,5092.66,Grocery,UPI,POS Terminal,Yes,Bengaluru,Bengaluru,10.8,2646,3,0
500165,141795,2026-01-21,02:36:00,1517.23,Utility Bill,ONLINE,ATM Machine,Yes,Bengaluru,Bengaluru,7.5,2513,1,0
504548,184244,2026-06-10,17:13:00,1199.74,Grocery,ONLINE,ATM Machine,Yes,Rajpura,Rajpura,2.4,1416,1,0
503984,167418,2026-02-17,22:37:00,2321.43,Pharmacy,ONLINE,USSD,Yes,Rajpura,Rajpura,2.2,3724,0,0
502539,153083,2026-01-02,16:35:00,2918.93,Pharmacy,ONLINE,ATM Machine,Yes,Mumbai,Mumbai,3.4,691,1,0
505725,121467,2026-06-02,23:12:00,1946.24,Grocery,UPI,ATM Machine,No,Bengaluru,Bengaluru,8.7,1753,2,0
501312,134802,2026-06-28,09:27:00,2007.27,Jewellery,ONLINE,USSD,Yes,Mumbai,Mumbai,10.3,2623,2,0
505839,127787,2026-07-03,21:06:00,3288.36,Electronics,UPI,ATM Machine,Yes,Bengaluru,Bengaluru,0.2,3958,1,0
504998,181944,2026-08-05,13:30:00,915.79,Jewellery,POS,Web Browser,Yes,Mumbai,Mumbai,1.6,114,2,0
505569,131425,2026-04-03,11:24:00,8232.57,Electronics,UPI,Web Browser,Yes,Pune,Pune,9.0,2951,1,0
503301,163638,2026-07-15,16:38:00,3871.26,Pharmacy,ATM,Web Browser,Yes,Bengaluru,Bengaluru,8.3,1395,1,0
503311,151341,2026-04-21,04:43:00,2960.92,Utility Bill,ONLINE,POS Terminal,Yes,Ahmedabad,Ahmedabad,10.1,187,2,0
500328,103741,2026-06-23,13:29:00,6994.56,ATM Withdrawal,ATM,ATM Machine,No,Ahmedabad,Ahmedabad,13.3,3132,0,0
502491,134225,2026-04-06,16:46:00,6014.65,ATM Withdrawal,UPI,Web Browser,No,Kolkata,Kolkata,13.7,662,2,0
505621,102187,2026-06-21,23:18:00,4956.86,E-commerce,UPI,ATM Machine,No,Rajpura,Rajpura,11.0,494,1,0
504409,126063,2026-07-29,21:39:00,3208.94,Utility Bill,POS,USSD,No,Chennai,Chennai,3.8,411,2,0
500833,145328,2026-03-30,02:49:00,1959.96,E-commerce,ONLINE,POS Terminal,Yes,Kolkata,Kolkata,2.6,757,0,0
503080,144823,2026-01-27,06:04:00,9682.7,Pharmacy,ONLINE,Web Browser,Yes,Chennai,Chennai,9.1,363,2,0
503463,186728,2026-08-10,20:54:00,1434.05,Jewellery,POS,POS Terminal,Yes,Kolkata,Kolkata,9.6,3902,0,0
505254,156036,2026-04-29,07:37:00,2221.58,Electronics,POS,POS Terminal,Yes,Ahmedabad,Ahmedabad,4.1,2757,1,0
500055,149778,2026-01-18,17:29:00,7198.29,Pharmacy,POS,ATM Machine,Yes,Rajpura,Rajpura,7.0,3162,1,0
504065,175649,2026-03-24,03:10:00,10053.39,Dining,ONLINE,Web Browser,Yes,Mumbai,Mumbai,9.6,1798,4,0
503452,105520,2026-06-03,09:49:00,5584.52,ATM Withdrawal,POS,POS Terminal,No,Chennai,Chennai,0.9,2841,1,0
501902,153084,2026-01-28,14:05:00,1686.32,Jewellery,UPI,USSD,Yes,Kolkata,Kolkata,7.6,2999,0,0
501482,100166,2026-03-15,02:07:00,56176.79,Pharmacy,POS,Web Browser,No,Bengaluru,Chennai,750.4,28,6,1
504151,132919,2026-04-27,02:20:00,12142.34,ATM Withdrawal,ONLINE,USSD,Yes,Hyderabad,Hyderabad,5.8,747,3,0
503336,122765,2026-02-23,08:08:00,5803.44,ATM Withdrawal,ATM,USSD,Yes,Chennai,Chennai,8.1,456,2,0
500947,197339,2026-03-09,16:19:00,1799.42,Jewellery,POS,POS Terminal,No,Kolkata,Kolkata,4.9,2864,1,0
503294,128942,2026-01-30,01:23:00,6695.7,Utility Bill,ONLINE,ATM Machine,No,Jaipur,Jaipur,5.3,2978,1,0
502162,124420,2026-07-16,19:16:00,4977.03,Fuel,UPI,USSD,No,Chennai,Chennai,14.1,543,2,0
505077,132985,2026-07-09,17:58:00,694.37,Utility Bill,POS,POS Terminal,No,Kolkata,Kolkata,7.1,269,1,0
503058,114742,2026-04-14,09:07:00,4326.41,E-commerce,ONLINE,Mobile App,No,Bengaluru,Bengaluru,12.3,3647,0,0
500769,113992,2026-08-12,14:11:00,8479.07,Electronics,ONLINE,USSD,Yes,Pune,Pune,13.7,479,2,0
505641,175304,2026-05-29,03:17:00,92058.36,Fuel,POS,Web Browser,No,Pune,Hyderabad,412.4,29,2,1
503496,153160,2026-04-10,15:07:00,3077.57,ATM Withdrawal,ONLINE,USSD,No,Hyderabad,Hyderabad,8.8,373,2,0
500286,193781,2026-05-16,02:13:00,2630.88,Jewellery,ONLINE,POS Terminal,No,Jaipur,Jaipur,7.5,3033,0,0
505927,174321,2026-08-07,11:14:00,3738.69,E-commerce,ONLINE,POS Terminal,Yes,Delhi,Delhi,5.2,31,2,0
504525,180046,2026-04-10,18:58:00,4860.28,Grocery,UPI,USSD,No,Kolkata,Kolkata,2.7,1371,0,0
505333,139090,2026-03-27,00:29:00,49547.72,Travel,ATM,USSD,No,Jaipur,Mumbai,1810.4,50,8,1
502333,126841,2026-08-10,08:43:00,1504.81,Dining,UPI,POS Terminal,Yes,Ahmedabad,Ahmedabad,7.0,488,2,0
502718,169011,2026-08-08,06:24:00,1513.11,E-commerce,ONLINE,ATM Machine,Yes,Kolkata,Kolkata,12.5,3369,1,0
502080,112580,2026-01-30,22:19:00,4120.11,Jewellery,ATM,USSD,Yes,Rajpura,Rajpura,11.0,1171,0,0
503390,167796,2026-06-13,05:55:00,7303.34,Pharmacy,POS,USSD,Yes,Chennai,Chennai,8.1,1260,3,0
500723,184503,2026-01-06,03:55:00,2294.46,ATM Withdrawal,ATM,USSD,Yes,Delhi,Delhi,9.3,1287,2,0
500952,130470,2026-06-11,01:10:00,3488.91,Electronics,POS,USSD,No,Kolkata,Kolkata,8.4,1309,0,0
505584,107513,2026-02-02,20:25:00,21225.62,Fuel,POS,POS Terminal,Yes,Hyderabad,Hyderabad,2.3,1671,2,0
502263,103177,2026-01-05,10:37:00,5781.39,Jewellery,ONLINE,Mobile App,Yes,Ahmedabad,Ahmedabad,13.8,675,4,0
500990,178742,2026-07-02,20:29:00,9681.43,Pharmacy,ATM,POS Terminal,No,Delhi,Delhi,14.8,1035,0,0
503213,134221,2026-06-13,16:12:00,3252.82,Pharmacy,POS,Mobile App,No,Jaipur,Jaipur,10.0,3399,0,0
501760,158098,2026-03-09,02:58:00,10132.4,Utility Bill,ONLINE,ATM Machine,No,Kolkata,Kolkata,1.6,2573,1,0
504920,152739,2026-04-21,23:44:00,23459.89,Travel,UPI,USSD,No,Mumbai,Jaipur,1810.0,10,4,1
504423,176399,2026-06-16,03:20:00,2836.72,Pharmacy,NEFT,Mobile App,No,Rajpura,Rajpura,2.2,1806,2,0
501725,153393,2026-07-06,08:19:00,3936.21,Utility Bill,ATM,POS Terminal,Yes,Rajpura,Rajpura,2.9,3104,1,0
500342,129091,2026-07-29,23:09:00,1841.24,E-commerce,ONLINE,ATM Machine,No,Jaipur,Jaipur,6.9,309,1,0
503702,123067,2026-03-17,13:17:00,6434.43,Fuel,ATM,ATM Machine,No,Bengaluru,Bengaluru,5.3,3720,1,0
504244,103280,2026-01-26,13:59:00,1043.94,Travel,ATM,USSD,No,Chennai,Chennai,9.0,2578,1,0
500689,144518,2026-04-13,09:22:00,3890.03,Fuel,ONLINE,POS Terminal,Yes,Hyderabad,Hyderabad,1.7,825,2,0
503433,120747,2026-02-08,00:20:00,2403.31,E-commerce,ONLINE,ATM Machine,No,Rajpura,Rajpura,2.2,2805,1,0
500967,160156,2026-04-19,19:43:00,2645.66,Pharmacy,POS,Mobile App,No,Jaipur,Jaipur,9.3,1326,2,0
505667,120215,2026-01-04,13:19:00,6111.93,E-commerce,POS,ATM Machine,Yes,Chennai,Chennai,5.8,135,1,0
502204,133612,2026-05-31,06:31:00,8419.45,Travel,ATM,USSD,Yes,Hyderabad,Hyderabad,0.8,776,0,0
502714,152045,2026-06-24,17:27:00,7885.99,Dining,UPI,ATM Machine,Yes,Jaipur,Jaipur,11.5,3326,0,0
504758,113378,2026-06-04,09:45:00,1477.5,Jewellery,UPI,USSD,Yes,Bengaluru,Bengaluru,13.7,3778,0,0
505733,184268,2026-06-09,09:59:00,5535.74,Dining,NEFT,Mobile App,No,Chennai,Chennai,6.0,536,4,0
505943,119981,2026-08-22,20:37:00,1886.25,Travel,UPI,Mobile App,Yes,Chennai,Chennai,14.6,3513,2,0
503573,168907,2026-08-21,10:57:00,3970.37,Electronics,POS,POS Terminal,Yes,Delhi,Delhi,9.9,1588,1,0
504806,175306,2026-08-01,14:17:00,2565.79,Dining,POS,USSD,Yes,Chennai,Chennai,2.4,1615,1,0
501991,153102,2026-03-24,03:07:00,2116.19,Grocery,ONLINE,POS Terminal,No,Bengaluru,Bengaluru,2.7,3083,2,0
504121,172598,2026-06-07,02:40:00,6736.65,Fuel,UPI,Web Browser,Yes,Pune,Pune,9.1,1682,1,0
504760,169385,2026-08-03,23:34:00,58959.88,E-commerce,ONLINE,USSD,No,Rajpura,Jaipur,1415.7,26,9,1
504915,177768,2026-07-04,07:06:00,3616.75,ATM Withdrawal,POS,Mobile App,No,Mumbai,Mumbai,13.8,1093,1,0
505554,164859,2026-06-25,10:14:00,399.95,Jewellery,UPI,ATM Machine,Yes,Ahmedabad,Ahmedabad,8.5,1536,0,0
505794,197449,2026-05-14,05:23:00,3900.91,Travel,POS,Mobile App,No,Delhi,Delhi,11.2,127,0,0
503601,144526,2026-07-16,23:59:00,5624.46,Dining,UPI,USSD,Yes,Pune,Pune,11.1,501,0,0
505473,179939,2026-07-05,18:47:00,2053.54,Fuel,POS,Web Browser,No,Jaipur,Jaipur,9.1,1065,2,0
505972,124129,2026-07-08,17:06:00,2712.39,ATM Withdrawal,ONLINE,Mobile App,No,Chennai,Chennai,7.6,1146,2,0
504939,129588,2026-06-08,18:13:00,3508.79,ATM Withdrawal,POS,ATM Machine,Yes,Hyderabad,Hyderabad,9.0,3421,4,0
500386,112275,2026-01-19,04:20:00,2075.12,Jewellery,POS,Web Browser,Yes,Pune,Pune,3.8,782,3,0
505229,108628,2026-07-08,14:34:00,2921.77,Grocery,UPI,Web Browser,Yes,Kolkata,Kolkata,4.7,2827,4,0
505475,105710,2026-05-09,18:42:00,2062.18,Electronics,POS,ATM Machine,Yes,Jaipur,Jaipur,2.7,119,2,0
500537,145565,2026-01-31,11:37:00,3628.83,E-commerce,UPI,ATM Machine,No,Chennai,Chennai,5.4,1061,0,0
505622,104496,2026-04-04,19:26:00,1910.8,Utility Bill,NEFT,USSD,Yes,Pune,Pune,11.3,3153,3,0
504213,141586,2026-05-08,18:58:00,2424.41,Jewellery,ATM,POS Terminal,Yes,Rajpura,Rajpura,7.3,133,1,0
503508,181174,2026-04-29,20:06:00,945.79,Jewellery,UPI,Mobile App,No,Kolkata,Kolkata,0.3,1693,0,0
500202,190857,2026-08-04,13:27:00,2411.09,Electronics,POS,Mobile App,Yes,Jaipur,Jaipur,8.6,3989,1,0
501333,142488,2026-02-14,18:39:00,1151.69,Travel,ATM,Web Browser,No,Chennai,Chennai,12.5,2547,1,0
503503,131044,2026-02-13,19:27:00,3272.8,ATM Withdrawal,ONLINE,USSD,Yes,Bengaluru,Bengaluru,2.5,3337,1,0
502709,173049,2026-04-08,02:30:00,8217.45,Dining,UPI,Web Browser,Yes,Kolkata,Kolkata,6.8,584,0,0
504663,115516,2026-02-14,02:23:00,3615.55,E-commerce,ONLINE,ATM Machine,No,Bengaluru,Bengaluru,6.3,3619,1,0
504022,104737,2026-01-23,23:34:00,6444.88,Dining,UPI,ATM Machine,No,Bengaluru,Bengaluru,2.3,505,4,0
501855,110666,2026-06-21,12:45:00,2595.16,Utility Bill,POS,Mobile App,No,Ahmedabad,Ahmedabad,11.4,1079,1,0
505359,106594,2026-06-25,16:12:00,8206.17,Dining,POS,Mobile App,No,Chennai,Chennai,10.4,2027,1,0
502873,181825,2026-07-27,23:21:00,3864.79,Utility Bill,UPI,USSD,No,Rajpura,Rajpura,6.3,2983,1,0
503031,173243,2026-03-01,18:31:00,1842.78,Dining,POS,POS Terminal,Yes,Bengaluru,Bengaluru,2.6,3053,1,0
501206,190331,2026-06-13,06:46:00,2358.34,Fuel,ONLINE,POS Terminal,Yes,Pune,Pune,8.4,3351,0,0
501646,129475,2026-08-23,11:01:00,1583.74,Jewellery,POS,POS Terminal,Yes,Pune,Pune,7.6,2203,2,0
503418,187553,2026-02-15,08:18:00,4584.85,Dining,POS,Web Browser,No,Delhi,Delhi,6.5,2346,3,0
503477,154764,2026-02-27,06:05:00,1250.61,Travel,POS,Mobile App,Yes,Chennai,Chennai,14.1,1945,1,0
502862,193067,2026-04-07,19:35:00,11741.22,Jewellery,ONLINE,USSD,Yes,Chennai,Chennai,10.9,2131,0,0
501793,134381,2026-07-29,19:52:00,2457.88,Fuel,UPI,Web Browser,Yes,Ahmedabad,Ahmedabad,3.3,440,0,0
503798,106494,2026-03-18,23:18:00,4112.4,Electronics,POS,POS Terminal,No,Rajpura,Rajpura,14.4,1605,2,0
503369,142360,2026-02-25,19:47:00,1126.89,Grocery,ONLINE,Web Browser,Yes,Ahmedabad,Ahmedabad,14.0,3002,4,0
503368,128785,2026-05-21,02:29:00,35570.22,Dining,ATM,Web Browser,No,Ahmedabad,Chennai,1909.7,29,7,1
503534,198981,2026-03-11,17:51:00,4534.12,Travel,ONLINE,POS Terminal,No,Hyderabad,Hyderabad,4.8,3287,4,0
505260,124131,2026-01-09,20:44:00,3104.97,Electronics,ONLINE,USSD,No,Chennai,Chennai,10.1,3818,4,0
503450,149560,2026-04-13,20:33:00,4535.59,Utility Bill,POS,Mobile App,No,Mumbai,Mumbai,6.7,3389,0,0
500604,113455,2026-01-27,11:54:00,4079.94,Grocery,ONLINE,ATM Machine,Yes,Chennai,Chennai,1.4,2012,1,0
503057,180220,2026-05-10,17:41:00,1769.71,Travel,ATM,USSD,No,Rajpura,Rajpura,7.0,3522,1,0
505213,146208,2026-08-13,23:17:00,11094.69,Travel,ONLINE,ATM Machine,No,Mumbai,Mumbai,1.0,961,0,0
500127,107919,2026-07-23,22:28:00,3282.4,Electronics,NEFT,Web Browser,No,Delhi,Delhi,9.4,1824,0,0
503877,169485,2026-03-30,01:08:00,4807.76,E-commerce,POS,ATM Machine,No,Jaipur,Jaipur,7.6,1290,4,0
502936,122864,2026-03-26,04:55:00,5279.92,Utility Bill,ATM,Web Browser,No,Hyderabad,Hyderabad,6.3,746,0,0
504452,125330,2026-05-11,03:58:00,4964.17,E-commerce,ONLINE,ATM Machine,No,Kolkata,Kolkata,7.3,2192,6,0
503532,107130,2026-04-14,00:49:00,2636.15,Travel,ONLINE,Mobile App,Yes,Bengaluru,Bengaluru,5.6,1179,2,0
502731,196104,2026-07-11,03:04:00,2633.43,Electronics,POS,USSD,Yes,Pune,Pune,6.5,3301,3,0
500828,189702,2026-04-18,22:26:00,4980.88,E-commerce,UPI,USSD,Yes,Mumbai,Mumbai,11.5,651,2,0
501640,127318,2026-01-06,03:29:00,74544.46,Utility Bill,ONLINE,Web Browser,No,Rajpura,Bengaluru,1499.5,42,5,1
500985,158714,2026-02-05,07:31:00,893.94,Dining,ONLINE,USSD,Yes,Jaipur,Jaipur,0.9,2341,1,0
503282,175456,2026-05-23,00:52:00,1962.51,Utility Bill,ATM,POS Terminal,Yes,Bengaluru,Bengaluru,8.2,859,0,0
505963,182963,2026-02-16,20:33:00,10329.5,Pharmacy,UPI,Mobile App,No,Delhi,Delhi,5.3,3164,3,0
502189,146177,2026-08-28,21:15:00,3028.84,Electronics,POS,Web Browser,Yes,Delhi,Delhi,13.3,1608,0,0
505524,191910,2026-04-07,02:18:00,5993.57,Fuel,UPI,POS Terminal,No,Jaipur,Jaipur,6.7,3296,1,0
502444,121227,2026-05-02,04:24:00,7327.39,E-commerce,POS,Mobile App,Yes,Mumbai,Mumbai,5.0,90,2,0
500363,122341,2026-04-27,23:03:00,2024.21,Pharmacy,POS,ATM Machine,Yes,Ahmedabad,Ahmedabad,3.6,1483,4,0
502350,150417,2026-08-03,08:29:00,2001.95,Utility Bill,UPI,Mobile App,No,Ahmedabad,Ahmedabad,10.8,1884,0,0
500346,125596,2026-06-06,09:11:00,1071.34,E-commerce,POS,POS Terminal,No,Ahmedabad,Ahmedabad,11.1,2184,2,0
500815,177798,2026-04-28,02:51:00,1327.26,Electronics,POS,Mobile App,No,Chennai,Chennai,2.0,3235,2,0
504808,189253,2026-03-14,20:53:00,1472.51,ATM Withdrawal,UPI,ATM Machine,Yes,Delhi,Delhi,8.2,233,0,0
503206,167770,2026-01-08,12:35:00,7046.19,Grocery,ONLINE,Web Browser,Yes,Jaipur,Jaipur,13.8,3956,0,0
505415,131104,2026-08-01,13:27:00,9421.18,ATM Withdrawal,POS,USSD,No,Kolkata,Kolkata,1.5,3138,0,0
505750,111848,2026-05-09,00:48:00,6529.93,ATM Withdrawal,POS,Web Browser,Yes,Delhi,Delhi,0.9,2477,1,0
503326,178289,2026-06-18,15:14:00,5220.0,Travel,UPI,USSD,No,Kolkata,Kolkata,12.5,594,1,0
504107,110290,2026-04-06,18:12:00,3970.73,Pharmacy,POS,ATM Machine,No,Ahmedabad,Ahmedabad,11.3,153,4,0
502117,196057,2026-08-03,22:12:00,1557.14,Dining,UPI,ATM Machine,No,Delhi,Delhi,9.2,1067,0,0
501835,141012,2026-05-04,01:20:00,2656.91,Fuel,POS,POS Terminal,No,Jaipur,Jaipur,3.1,3908,2,0
500794,182539,2026-07-23,19:50:00,4249.36,Fuel,POS,ATM Machine,Yes,Mumbai,Mumbai,5.2,1122,1,0
505936,128346,2026-06-24,07:38:00,2766.93,Electronics,ONLINE,ATM Machine,No,Bengaluru,Bengaluru,6.9,347,1,0
502675,193108,2026-03-06,23:51:00,1215.27,Utility Bill,UPI,Mobile App,Yes,Jaipur,Jaipur,2.6,300,1,0
500095,189807,2026-06-17,13:15:00,383.15,ATM Withdrawal,ATM,ATM Machine,No,Chennai,Chennai,14.8,1996,1,0
504226,117791,2026-02-23,22:46:00,9756.97,Electronics,UPI,Web Browser,Yes,Ahmedabad,Ahmedabad,14.9,3522,4,0
503757,163689,2026-03-07,00:17:00,6464.39,Pharmacy,ONLINE,USSD,No,Chennai,Chennai,7.4,1065,3,0
502892,156856,2026-01-23,15:39:00,4676.35,Travel,ATM,POS Terminal,Yes,Kolkata,Kolkata,10.5,626,1,0
502372,182309,2026-02-22,09:00:00,10705.85,Travel,POS,POS Terminal,No,Rajpura,Rajpura,6.3,32,4,0
504966,110574,2026-04-11,19:52:00,1303.35,Pharmacy,ONLINE,USSD,No,Chennai,Chennai,6.2,2137,1,0
505668,182640,2026-05-07,13:57:00,963.22,E-commerce,POS,Mobile App,No,Hyderabad,Hyderabad,9.4,2461,2,0
503229,173787,2026-04-27,06:18:00,6755.14,ATM Withdrawal,POS,Web Browser,Yes,Rajpura,Rajpura,5.5,133,2,0
505343,156694,2026-04-19,00:00:00,6976.14,Fuel,UPI,Mobile App,No,Pune,Pune,10.9,500,0,0
502854,108975,2026-02-12,23:26:00,2076.27,Pharmacy,POS,Web Browser,No,Delhi,Delhi,4.5,2259,3,0
502913,147193,2026-08-07,12:19:00,1593.54,Jewellery,POS,ATM Machine,No,Hyderabad,Hyderabad,4.7,1332,0,0
501866,140485,2026-05-05,13:23:00,3491.17,Utility Bill,UPI,USSD,Yes,Pune,Pune,10.8,3011,1,0
504613,178651,2026-03-26,10:35:00,4080.12,ATM Withdrawal,ATM,Mobile App,No,Mumbai,Mumbai,6.3,3931,2,0
501858,158422,2026-07-10,07:27:00,1136.29,Dining,POS,ATM Machine,Yes,Delhi,Delhi,6.5,411,3,0
502646,100547,2026-02-21,09:33:00,4073.7,Pharmacy,ATM,Mobile App,Yes,Hyderabad,Hyderabad,2.1,2907,2,0
502244,111184,2026-02-23,00:12:00,9885.21,Utility Bill,ONLINE,Web Browser,Yes,Ahmedabad,Ahmedabad,13.9,3096,3,0
502337,145478,2026-06-24,11:40:00,1405.32,Pharmacy,UPI,POS Terminal,Yes,Chennai,Chennai,3.2,3923,0,0
500951,109340,2026-08-26,00:35:00,4511.68,Dining,UPI,Mobile App,Yes,Hyderabad,Hyderabad,4.4,2305,3,0
503069,114904,2026-08-11,06:29:00,917.14,Fuel,ATM,ATM Machine,Yes,Pune,Pune,7.5,815,0,0
501121,101390,2026-03-17,03:06:00,1923.82,Pharmacy,NEFT,Web Browser,Yes,Pune,Pune,14.1,3457,2,0
502598,172310,2026-08-02,21:40:00,3943.47,Dining,POS,ATM Machine,Yes,Pune,Pune,3.8,3476,1,0
502205,145445,2026-07-23,19:52:00,6252.71,Utility Bill,ONLINE,ATM Machine,No,Kolkata,Kolkata,1.4,2271,0,0
500420,150632,2026-07-17,20:53:00,2288.24,Travel,POS,POS Terminal,No,Mumbai,Mumbai,14.6,2949,0,0
500923,144653,2026-04-27,03:18:00,5424.86,Fuel,ONLINE,Web Browser,Yes,Kolkata,Kolkata,8.7,3202,2,0
501255,164983,2026-02-20,12:22:00,2758.31,Fuel,ATM,Web Browser,Yes,Bengaluru,Bengaluru,1.9,1573,4,0
500478,101783,2026-05-22,20:21:00,4405.95,Fuel,ATM,Mobile App,No,Chennai,Chennai,9.3,903,2,0
502036,184599,2026-03-21,00:50:00,2399.38,ATM Withdrawal,ATM,ATM Machine,No,Kolkata,Kolkata,5.8,1800,2,0
501203,198475,2026-07-19,20:36:00,1217.07,Jewellery,ATM,Web Browser,No,Bengaluru,Bengaluru,1.4,2327,2,0
502627,197888,2026-04-14,17:44:00,3825.54,Grocery,POS,ATM Machine,Yes,Ahmedabad,Ahmedabad,12.8,808,4,0
505774,102422,2026-07-17,01:12:00,1678.37,Travel,POS,Mobile App,No,Bengaluru,Bengaluru,8.9,3039,2,0
501971,182873,2026-07-03,23:02:00,2305.3,Fuel,POS,POS Terminal,No,Bengaluru,Bengaluru,4.2,754,1,0
503111,153932,2026-06-26,21:09:00,3522.23,Jewellery,UPI,ATM Machine,No,Delhi,Delhi,14.9,2277,2,0
504019,118708,2026-01-15,03:35:00,4229.72,E-commerce,UPI,POS Terminal,Yes,Rajpura,Rajpura,6.6,3135,5,0
502152,132221,2026-06-30,11:36:00,1449.71,Grocery,UPI,ATM Machine,No,Kolkata,Kolkata,11.0,2397,3,0
503688,194106,2026-03-27,14:54:00,8400.26,Electronics,ATM,USSD,No,Kolkata,Kolkata,2.8,2533,0,0
504917,110459,2026-07-06,13:04:00,1206.64,Grocery,POS,Web Browser,No,Kolkata,Kolkata,0.6,3731,0,0
501998,199335,2026-07-29,20:05:00,1526.17,Utility Bill,UPI,USSD,Yes,Chennai,Chennai,7.1,1407,2,0
504034,127963,2026-07-20,18:24:00,3155.54,Grocery,UPI,Web Browser,No,Pune,Pune,4.6,3944,1,0
505884,122248,2026-05-18,02:33:00,1814.41,ATM Withdrawal,ONLINE,POS Terminal,No,Pune,Pune,3.8,3246,2,0
503055,178757,2026-02-27,16:59:00,1422.8,Electronics,UPI,Mobile App,No,Jaipur,Jaipur,7.9,63,2,0
501249,132525,2026-07-23,14:36:00,146.3,Grocery,POS,USSD,Yes,Kolkata,Kolkata,12.7,67,0,0
502193,128640,2026-01-06,14:29:00,3029.24,Fuel,POS,USSD,No,Bengaluru,Bengaluru,14.5,3232,5,0
502713,193999,2026-03-20,19:49:00,517.61,Dining,UPI,Mobile App,Yes,Rajpura,Rajpura,12.0,3652,1,0
500993,119697,2026-05-19,15:20:00,3201.71,Grocery,NEFT,POS Terminal,No,Bengaluru,Bengaluru,6.5,662,0,0
502191,136253,2026-07-21,00:50:00,2318.32,Utility Bill,NEFT,ATM Machine,No,Bengaluru,Bengaluru,5.5,2408,0,0
504671,109586,2026-05-06,06:56:00,1976.6,E-commerce,UPI,ATM Machine,Yes,Bengaluru,Bengaluru,4.2,3583,2,0
503763,157569,2026-04-01,10:51:00,1897.9,Travel,ATM,POS Terminal,Yes,Jaipur,Jaipur,8.8,3559,0,0
503598,155428,2026-01-17,09:39:00,3112.4,Pharmacy,UPI,ATM Machine,No,Rajpura,Rajpura,9.1,1600,2,0
504712,179551,2026-06-09,19:10:00,4911.91,ATM Withdrawal,ONLINE,POS Terminal,No,Jaipur,Jaipur,3.6,1943,3,0
501319,144896,2026-04-23,06:14:00,1297.01,ATM Withdrawal,POS,Mobile App,No,Pune,Pune,1.8,2891,2,0
501864,137124,2026-07-30,17:28:00,3271.28,Pharmacy,ONLINE,Mobile App,No,Pune,Pune,7.5,1524,2,0
502344,173779,2026-02-13,13:25:00,2312.45,Jewellery,NEFT,Mobile App,Yes,Ahmedabad,Ahmedabad,1.3,2881,0,0
502450,117195,2026-07-11,15:54:00,1605.54,Utility Bill,ATM,Mobile App,No,Bengaluru,Bengaluru,9.2,119,4,0
502137,154446,2026-07-24,08:33:00,3929.76,Pharmacy,ONLINE,POS Terminal,No,Rajpura,Rajpura,7.1,1137,1,0
501066,138783,2026-05-14,16:31:00,10417.98,Grocery,UPI,Web Browser,Yes,Kolkata,Kolkata,14.6,2910,0,0
505951,140045,2026-08-26,18:36:00,6221.58,Grocery,ONLINE,POS Terminal,No,Hyderabad,Hyderabad,3.0,3984,1,0
504228,161310,2026-04-10,17:44:00,4190.09,Jewellery,POS,USSD,No,Jaipur,Jaipur,8.5,465,2,0
502622,139248,2026-01-16,09:19:00,3156.25,Pharmacy,POS,USSD,No,Pune,Pune,12.2,1176,0,0
500078,122690,2026-07-26,05:07:00,9240.59,E-commerce,UPI,Web Browser,Yes,Delhi,Delhi,1.6,153,1,0
502899,179637,2026-04-23,08:03:00,11237.72,Utility Bill,POS,Web Browser,No,Ahmedabad,Ahmedabad,9.4,679,0,0
504821,153939,2026-03-20,22:53:00,174.69,Fuel,ONLINE,ATM Machine,Yes,Rajpura,Rajpura,9.7,2550,4,0
501315,190252,2026-08-18,18:39:00,2948.95,Jewellery,ONLINE,Mobile App,No,Rajpura,Rajpura,12.8,2771,0,0
505232,149425,2026-04-24,15:58:00,5613.13,Jewellery,UPI,ATM Machine,Yes,Bengaluru,Bengaluru,8.3,2904,3,0
500873,111372,2026-02-20,02:29:00,2354.13,Electronics,NEFT,Mobile App,Yes,Jaipur,Jaipur,10.2,2165,1,0
503851,173378,2026-08-06,01:34:00,6926.2,Electronics,POS,USSD,Yes,Delhi,Delhi,8.4,2309,6,0
505843,155465,2026-03-03,15:31:00,10534.66,Dining,ONLINE,ATM Machine,Yes,Ahmedabad,Ahmedabad,11.5,3031,3,0
502966,159295,2026-04-14,13:04:00,3790.0,Dining,ONLINE,USSD,No,Ahmedabad,Ahmedabad,2.1,1348,0,0
503392,152308,2026-01-09,14:50:00,11131.95,Dining,POS,USSD,Yes,Hyderabad,Hyderabad,9.7,2239,2,0
502561,157739,2026-08-08,03:41:00,3948.14,Travel,UPI,ATM Machine,No,Jaipur,Jaipur,4.2,991,0,0
505877,191426,2026-07-28,14:49:00,2766.74,Travel,UPI,Mobile App,No,Hyderabad,Hyderabad,3.2,3422,2,0
502636,102653,2026-07-26,23:51:00,2182.27,ATM Withdrawal,ONLINE,USSD,Yes,Ahmedabad,Ahmedabad,7.2,169,0,0
503531,138042,2026-02-23,07:41:00,1333.67,Dining,ONLINE,USSD,Yes,Hyderabad,Hyderabad,11.3,2730,2,0
500376,109446,2026-08-03,06:02:00,2092.77,ATM Withdrawal,UPI,POS Terminal,No,Rajpura,Rajpura,4.9,970,0,0
501909,103654,2026-04-12,10:05:00,3264.01,Utility Bill,POS,USSD,Yes,Delhi,Delhi,5.6,691,1,0
504430,192234,2026-06-29,05:08:00,4179.06,Utility Bill,POS,POS Terminal,Yes,Kolkata,Kolkata,9.5,1219,1,0
505183,163725,2026-03-03,13:53:00,1145.09,Fuel,NEFT,POS Terminal,Yes,Hyderabad,Hyderabad,10.4,62,1,0
505241,135099,2026-06-24,02:10:00,1190.36,Utility Bill,POS,Mobile App,Yes,Hyderabad,Hyderabad,10.6,2102,1,0
504028,144107,2026-02-26,08:40:00,2446.04,Travel,ATM,Web Browser,No,Ahmedabad,Ahmedabad,5.2,1158,2,0
501605,112417,2026-04-06,07:52:00,2767.26,Electronics,UPI,POS Terminal,No,Mumbai,Mumbai,7.8,2765,2,0
501119,172323,2026-01-31,15:49:00,3583.88,E-commerce,POS,Mobile App,No,Kolkata,Kolkata,10.4,3220,2,0
503678,176923,2026-07-21,17:07:00,1986.12,Jewellery,UPI,POS Terminal,Yes,Delhi,Delhi,5.0,2143,1,0
503491,110792,2026-05-31,16:14:00,9724.01,ATM Withdrawal,ATM,USSD,Yes,Bengaluru,Bengaluru,14.9,989,1,0
505836,185438,2026-05-29,05:30:00,3076.12,E-commerce,UPI,ATM Machine,No,Ahmedabad,Ahmedabad,5.2,579,0,0
502959,151259,2026-05-24,08:35:00,1079.38,Pharmacy,ONLINE,Mobile App,Yes,Kolkata,Kolkata,6.0,1475,3,0
501995,175395,2026-07-15,12:19:00,700.84,Jewellery,POS,USSD,Yes,Rajpura,Rajpura,15.0,2452,2,0
505946,112818,2026-08-11,19:49:00,1597.47,Dining,POS,Mobile App,Yes,Pune,Pune,2.7,105,1,0
505207,170559,2026-03-04,08:42:00,7732.75,ATM Withdrawal,ATM,ATM Machine,No,Kolkata,Kolkata,14.4,378,3,0
502377,185369,2026-05-25,07:22:00,3806.54,Jewellery,ONLINE,ATM Machine,No,Delhi,Delhi,1.0,473,1,0
501343,111934,2026-03-28,05:59:00,6016.86,Dining,UPI,Mobile App,Yes,Rajpura,Rajpura,4.0,1229,1,0
500321,132067,2026-06-19,03:44:00,3577.54,Electronics,NEFT,USSD,No,Ahmedabad,Ahmedabad,3.5,1300,0,0
501620,199176,2026-02-24,18:41:00,2919.55,Fuel,UPI,Mobile App,No,Ahmedabad,Ahmedabad,14.3,3569,2,0
503714,122394,2026-06-28,04:32:00,576.73,Dining,UPI,Mobile App,Yes,Kolkata,Kolkata,8.0,2370,1,0
502061,189428,2026-04-16,19:39:00,932.25,Fuel,UPI,Web Browser,Yes,Chennai,Chennai,7.0,375,1,0
502220,119258,2026-08-05,03:30:00,2750.17,Electronics,UPI,Web Browser,No,Pune,Pune,12.9,2822,1,0
501674,175841,2026-03-19,01:09:00,7083.21,ATM Withdrawal,ONLINE,POS Terminal,Yes,Hyderabad,Hyderabad,1.8,3911,0,0
500261,179347,2026-02-13,02:38:00,462.48,ATM Withdrawal,ONLINE,Web Browser,Yes,Delhi,Delhi,14.9,2692,4,0
505292,188160,2026-08-23,09:57:00,1051.56,E-commerce,UPI,Web Browser,Yes,Bengaluru,Bengaluru,11.0,1782,0,0
502040,144962,2026-04-11,13:03:00,7693.28,ATM Withdrawal,ONLINE,ATM Machine,Yes,Ahmedabad,Ahmedabad,13.7,1945,1,0
504786,135920,2026-04-28,10:51:00,2991.56,Pharmacy,UPI,Web Browser,Yes,Jaipur,Jaipur,1.2,1616,1,0
500902,104235,2026-06-27,07:05:00,4385.84,Grocery,ATM,USSD,Yes,Hyderabad,Hyderabad,13.9,1277,1,0
503745,124156,2026-02-25,23:10:00,3101.37,ATM Withdrawal,ONLINE,ATM Machine,No,Pune,Pune,9.9,2902,2,0
502027,161391,2026-03-06,09:29:00,324.36,E-commerce,ONLINE,Mobile App,Yes,Pune,Pune,3.4,2845,0,0
504235,125881,2026-06-01,19:33:00,5074.27,Utility Bill,UPI,Web Browser,Yes,Rajpura,Rajpura,0.4,2767,2,0
501918,149060,2026-02-06,08:44:00,2569.81,Travel,ATM,POS Terminal,No,Delhi,Delhi,12.4,3136,0,0
501829,161395,2026-05-12,01:25:00,14610.34,Jewellery,POS,ATM Machine,Yes,Pune,Pune,1.7,1536,0,0
501574,181315,2026-04-15,10:08:00,4566.27,ATM Withdrawal,ONLINE,Mobile App,No,Jaipur,Jaipur,2.1,2459,1,0
504416,144265,2026-01-09,08:33:00,3228.17,Grocery,ONLINE,Mobile App,Yes,Jaipur,Jaipur,3.3,2295,1,0
504750,136504,2026-08-22,15:31:00,6363.26,Electronics,ONLINE,USSD,No,Hyderabad,Hyderabad,5.7,250,1,0
505261,199338,2026-05-14,05:18:00,2579.12,Travel,ONLINE,USSD,No,Bengaluru,Bengaluru,6.3,1816,1,0
504655,112231,2026-06-11,00:19:00,2843.32,Electronics,ONLINE,USSD,No,Bengaluru,Bengaluru,11.0,2765,1,0
504209,122630,2026-02-12,05:08:00,4801.1,Electronics,ONLINE,Mobile App,No,Ahmedabad,Ahmedabad,3.3,91,0,0
504628,118070,2026-01-08,07:35:00,5055.76,Travel,ATM,Mobile App,No,Hyderabad,Hyderabad,9.8,2480,2,0
500225,172160,2026-06-12,11:22:00,5241.46,Travel,POS,POS Terminal,No,Chennai,Chennai,5.9,2790,0,0
500724,111973,2026-03-30,15:58:00,6062.2,Grocery,ONLINE,Mobile App,Yes,Chennai,Chennai,1.8,2047,1,0
505379,148596,2026-07-10,02:33:00,5161.15,Grocery,UPI,ATM Machine,Yes,Delhi,Delhi,14.5,3677,0,0
501142,133845,2026-04-21,16:55:00,3617.8,E-commerce,POS,Web Browser,No,Ahmedabad,Ahmedabad,2.8,2841,1,0
502763,136443,2026-01-23,14:30:00,2876.65,Utility Bill,ONLINE,USSD,Yes,Ahmedabad,Ahmedabad,10.1,2135,0,0
500847,115632,2026-08-06,09:01:00,3503.36,Grocery,POS,USSD,Yes,Delhi,Delhi,2.7,3630,0,0
504290,130845,2026-03-29,14:41:00,592.29,E-commerce,ONLINE,USSD,Yes,Chennai,Chennai,8.5,3888,1,0
505043,139837,2026-03-06,05:52:00,4333.94,Utility Bill,ATM,ATM Machine,Yes,Bengaluru,Bengaluru,5.9,3330,0,0
502552,132108,2026-03-17,18:23:00,3971.42,Utility Bill,ATM,ATM Machine,Yes,Mumbai,Mumbai,5.2,2157,0,0
502929,118559,2026-08-02,01:15:00,94416.39,Utility Bill,UPI,Web Browser,No,Hyderabad,Pune,913.2,37,5,1
500118,113979,2026-02-23,19:28:00,4443.31,Jewellery,UPI,POS Terminal,Yes,Bengaluru,Bengaluru,10.0,1742,1,0
500646,132835,2026-06-15,20:44:00,2294.16,Travel,UPI,POS Terminal,No,Ahmedabad,Ahmedabad,12.7,1323,0,0
500004,143887,2026-05-20,02:18:00,6837.03,Travel,ONLINE,Mobile App,Yes,Pune,Pune,10.3,2491,1,0
504171,137271,2026-06-13,12:58:00,4992.64,Pharmacy,UPI,POS Terminal,No,Mumbai,Mumbai,0.9,3253,0,0
500468,159603,2026-07-18,05:54:00,5912.24,Grocery,UPI,POS Terminal,No,Mumbai,Mumbai,3.0,3816,4,0
500006,185858,2026-05-28,13:38:00,5209.04,Pharmacy,UPI,USSD,Yes,Bengaluru,Bengaluru,6.7,665,0,0
500920,163640,2026-03-22,17:56:00,3201.37,E-commerce,POS,POS Terminal,Yes,Ahmedabad,Ahmedabad,9.9,612,2,0
502596,116606,2026-04-26,01:10:00,2175.15,Fuel,NEFT,Web Browser,No,Pune,Pune,13.0,316,1,0
504325,197118,2026-01-05,04:41:00,7632.65,E-commerce,UPI,POS Terminal,Yes,Pune,Pune,7.5,154,4,0
501064,170539,2026-07-17,23:30:00,546.06,Utility Bill,POS,POS Terminal,No,Mumbai,Mumbai,2.1,2125,0,0
502591,107051,2026-03-30,15:28:00,3283.91,Utility Bill,POS,ATM Machine,Yes,Kolkata,Kolkata,1.3,464,3,0
500243,109469,2026-01-19,12:47:00,525.04,ATM Withdrawal,ONLINE,Web Browser,Yes,Jaipur,Jaipur,8.8,1485,3,0
505214,161419,2026-06-18,05:51:00,701.84,Pharmacy,ATM,ATM Machine,No,Mumbai,Mumbai,6.9,1369,1,0
501161,158291,2026-06-26,08:26:00,910.87,E-commerce,ONLINE,USSD,No,Mumbai,Mumbai,13.3,3311,2,0
502871,128264,2026-06-02,10:21:00,4142.85,ATM Withdrawal,ONLINE,POS Terminal,Yes,Mumbai,Mumbai,12.9,2110,1,0
503736,120385,2026-01-29,04:40:00,2158.8,Fuel,POS,ATM Machine,Yes,Bengaluru,Bengaluru,4.6,266,2,0
502398,128908,2026-07-04,16:00:00,8357.51,Utility Bill,ONLINE,USSD,Yes,Delhi,Delhi,3.5,3944,5,0
503518,190288,2026-04-05,08:00:00,630.15,Dining,UPI,ATM Machine,No,Mumbai,Mumbai,8.6,3733,3,0
503422,178778,2026-06-16,10:15:00,1263.91,ATM Withdrawal,UPI,POS Terminal,Yes,Ahmedabad,Ahmedabad,5.0,3771,1,0
502564,140866,2026-03-10,02:40:00,2805.74,E-commerce,POS,Mobile App,No,Chennai,Chennai,9.3,2963,1,0
501606,189001,2026-04-01,11:42:00,516.92,E-commerce,ATM,Mobile App,No,Chennai,Chennai,10.1,3179,2,0
505786,161765,2026-04-29,18:58:00,3457.28,E-commerce,POS,POS Terminal,No,Pune,Pune,4.7,159,1,0
502325,174672,2026-08-25,04:45:00,8451.04,Travel,POS,Mobile App,No,Pune,Pune,7.8,1909,2,0
502710,187432,2026-03-04,11:03:00,2289.5,Jewellery,ATM,USSD,Yes,Rajpura,Rajpura,2.2,955,2,0
505266,188775,2026-02-18,00:24:00,2742.46,Jewellery,ONLINE,POS Terminal,Yes,Kolkata,Kolkata,4.8,1926,3,0
501313,177960,2026-01-11,03:36:00,484.16,Electronics,NEFT,Mobile App,No,Pune,Pune,8.4,2987,3,0
503449,160542,2026-06-21,19:12:00,2477.62,Fuel,POS,Web Browser,No,Ahmedabad,Ahmedabad,15.0,3708,1,0
503813,167486,2026-02-05,09:50:00,1073.98,Travel,UPI,Mobile App,No,Chennai,Chennai,14.5,3416,0,0
505581,153899,2026-05-26,19:59:00,1198.17,Jewellery,UPI,USSD,No,Ahmedabad,Ahmedabad,6.6,3204,1,0
502363,196182,2026-03-21,20:30:00,2167.83,Jewellery,POS,Mobile App,No,Ahmedabad,Ahmedabad,5.6,3916,2,0
501976,105010,2026-06-18,01:14:00,5056.13,Utility Bill,POS,USSD,Yes,Kolkata,Kolkata,7.1,678,2,0
503515,126310,2026-04-25,12:51:00,1050.75,E-commerce,ONLINE,POS Terminal,Yes,Hyderabad,Hyderabad,6.5,1280,0,0
501762,140913,2026-01-25,01:21:00,3821.58,Fuel,UPI,ATM Machine,No,Ahmedabad,Ahmedabad,9.6,3709,0,0
502740,134413,2026-02-17,22:46:00,5633.08,Travel,POS,Web Browser,No,Kolkata,Kolkata,2.2,268,0,0
505588,198843,2026-05-25,17:08:00,7934.66,Dining,ONLINE,USSD,Yes,Delhi,Delhi,7.2,3144,4,0
502473,141474,2026-05-11,22:32:00,2969.71,Jewellery,ONLINE,USSD,No,Kolkata,Kolkata,14.0,2761,6,0
504008,165078,2026-02-28,00:06:00,7584.03,Utility Bill,POS,Web Browser,Yes,Delhi,Delhi,8.1,3917,0,0
504719,140103,2026-03-14,00:50:00,1908.63,ATM Withdrawal,POS,Web Browser,Yes,Bengaluru,Bengaluru,12.9,539,1,0
501494,133309,2026-08-11,14:46:00,577.55,Grocery,NEFT,Web Browser,No,Bengaluru,Bengaluru,0.3,1428,3,0
504207,190648,2026-01-19,00:36:00,2623.74,Electronics,ONLINE,Mobile App,Yes,Rajpura,Rajpura,12.4,2433,1,0
502159,181297,2026-03-07,06:37:00,3402.89,Grocery,POS,USSD,Yes,Jaipur,Jaipur,11.4,945,1,0
501170,191732,2026-07-09,11:58:00,6302.28,Pharmacy,ONLINE,Mobile App,No,Jaipur,Jaipur,10.5,2246,0,0
505416,122994,2026-02-07,00:35:00,4599.43,Dining,ONLINE,Web Browser,No,Rajpura,Rajpura,10.7,2041,1,0
500233,101952,2026-06-15,11:11:00,1667.25,E-commerce,POS,ATM Machine,Yes,Delhi,Delhi,9.6,321,1,0
500067,190552,2026-07-06,06:04:00,3835.18,Pharmacy,ONLINE,Web Browser,No,Chennai,Chennai,10.3,3230,1,0
501604,131714,2026-04-09,15:40:00,3973.1,Electronics,UPI,USSD,Yes,Bengaluru,Bengaluru,0.4,3039,0,0
503284,109778,2026-01-15,21:59:00,395.44,Utility Bill,ATM,USSD,Yes,Mumbai,Mumbai,0.8,2447,0,0
503597,133920,2026-06-11,01:14:00,1965.21,Electronics,POS,ATM Machine,No,Hyderabad,Hyderabad,10.0,656,3,0
504633,127470,2026-06-21,08:24:00,2981.37,Jewellery,ONLINE,POS Terminal,Yes,Pune,Pune,12.7,3673,2,0
500126,156523,2026-08-07,03:01:00,1088.5,Travel,ATM,USSD,Yes,Bengaluru,Bengaluru,5.3,32,1,0
501297,126297,2026-07-18,22:08:00,3494.97,ATM Withdrawal,NEFT,ATM Machine,No,Bengaluru,Bengaluru,5.9,1140,1,0
501977,193179,2026-06-22,01:51:00,3655.61,Grocery,ATM,Web Browser,No,Mumbai,Mumbai,10.4,2260,1,0
505417,135237,2026-07-02,14:34:00,3296.18,Travel,UPI,Web Browser,Yes,Ahmedabad,Ahmedabad,5.0,251,3,0
505374,123878,2026-07-07,18:49:00,532.93,Fuel,NEFT,POS Terminal,Yes,Mumbai,Mumbai,8.3,2520,1,0
502076,140815,2026-04-24,02:08:00,56932.46,Fuel,POS,USSD,No,Rajpura,Hyderabad,936.7,48,11,1
504581,119407,2026-06-18,23:02:00,572.18,Grocery,ONLINE,POS Terminal,No,Ahmedabad,Ahmedabad,0.8,74,0,0
503087,118168,2026-08-09,06:19:00,5884.4,Jewellery,UPI,Web Browser,No,Hyderabad,Hyderabad,9.2,1609,1,0
505197,193672,2026-02-01,15:41:00,293.49,Utility Bill,ONLINE,USSD,No,Delhi,Delhi,0.4,393,1,0
503346,175995,2026-04-29,22:36:00,1963.47,Dining,POS,POS Terminal,No,Mumbai,Mumbai,0.6,483,3,0
505819,139335,2026-03-02,16:56:00,5947.42,Dining,ATM,Mobile App,Yes,Ahmedabad,Ahmedabad,11.5,1260,2,0
502798,156744,2026-06-23,23:22:00,1634.01,Dining,POS,USSD,No,Delhi,Delhi,10.9,80,0,0
500919,125447,2026-03-24,02:13:00,3853.59,E-commerce,ONLINE,ATM Machine,Yes,Mumbai,Mumbai,11.4,2723,1,0
501647,134349,2026-06-25,23:26:00,75749.95,Utility Bill,ONLINE,USSD,No,Pune,Hyderabad,1371.5,47,9,1
505123,161519,2026-02-11,10:22:00,6856.37,Jewellery,UPI,Mobile App,No,Bengaluru,Bengaluru,11.9,1739,1,0
505127,124812,2026-06-01,04:57:00,2820.61,Fuel,ONLINE,Web Browser,No,Bengaluru,Bengaluru,2.7,2454,2,0
504979,192347,2026-08-11,02:43:00,3899.55,ATM Withdrawal,POS,ATM Machine,No,Hyderabad,Hyderabad,11.4,2869,1,0
504622,199499,2026-02-28,21:07:00,4276.63,Dining,UPI,USSD,No,Kolkata,Kolkata,12.3,969,1,0
500365,111597,2026-07-26,09:04:00,703.88,Jewellery,POS,USSD,Yes,Rajpura,Rajpura,7.6,1749,1,0
503288,120056,2026-07-04,16:19:00,3524.65,ATM Withdrawal,ONLINE,ATM Machine,No,Mumbai,Mumbai,13.2,368,2,0
502126,125510,2026-03-29,06:43:00,1450.37,Travel,ONLINE,USSD,Yes,Delhi,Delhi,3.1,303,2,0
504124,126580,2026-02-02,05:49:00,2803.66,E-commerce,POS,Mobile App,Yes,Delhi,Delhi,8.8,413,0,0
504570,120435,2026-05-11,02:13:00,938.23,ATM Withdrawal,POS,Web Browser,Yes,Delhi,Delhi,4.0,1084,0,0
500526,131033,2026-01-24,01:09:00,3576.16,E-commerce,POS,USSD,No,Mumbai,Mumbai,9.9,2538,2,0
504822,168188,2026-08-02,16:12:00,4647.32,Pharmacy,UPI,POS Terminal,No,Bengaluru,Bengaluru,0.0,1811,5,0
500056,104380,2026-05-15,02:47:00,1458.7,Grocery,ONLINE,ATM Machine,No,Rajpura,Rajpura,10.1,1403,3,0
500639,179274,2026-03-21,15:25:00,3365.86,Electronics,UPI,USSD,Yes,Ahmedabad,Ahmedabad,8.5,2011,2,0
500303,100991,2026-07-21,00:08:00,60301.17,Fuel,ATM,USSD,No,Delhi,Kolkata,677.4,22,10,1
502767,136933,2026-01-22,04:55:00,1662.36,Fuel,ONLINE,POS Terminal,No,Bengaluru,Bengaluru,13.0,1415,3,0
501277,165702,2026-01-03,07:43:00,405.63,Dining,POS,ATM Machine,Yes,Bengaluru,Bengaluru,13.8,2573,2,0
504721,157215,2026-05-01,19:48:00,2982.16,Grocery,ONLINE,Web Browser,No,Kolkata,Kolkata,0.1,2175,3,0
502056,136633,2026-08-15,06:30:00,1767.87,Travel,ONLINE,USSD,Yes,Hyderabad,Hyderabad,6.4,1371,1,0
505146,175100,2026-03-07,19:04:00,6493.71,Utility Bill,ATM,USSD,Yes,Pune,Pune,2.5,161,0,0
504433,189825,2026-08-02,17:07:00,3577.13,Pharmacy,POS,Mobile App,Yes,Bengaluru,Bengaluru,3.3,93,0,0
503645,195897,2026-07-21,22:35:00,872.73,Pharmacy,ONLINE,ATM Machine,Yes,Kolkata,Kolkata,11.7,3539,1,0
504144,144824,2026-04-13,12:56:00,3098.36,Utility Bill,NEFT,POS Terminal,Yes,Chennai,Chennai,10.8,2793,2,0
502879,187111,2026-07-29,10:00:00,2637.21,Electronics,UPI,Web Browser,Yes,Chennai,Chennai,0.4,1384,1,0
504203,134398,2026-05-07,17:58:00,2483.08,E-commerce,ONLINE,Mobile App,Yes,Rajpura,Rajpura,8.0,2056,1,0
502287,190609,2026-04-15,09:38:00,3529.8,Utility Bill,UPI,Mobile App,No,Mumbai,Mumbai,6.5,281,1,0
502262,199941,2026-04-09,10:37:00,3222.29,Jewellery,UPI,POS Terminal,Yes,Ahmedabad,Ahmedabad,6.9,842,1,0
502297,116738,2026-01-21,08:38:00,529.19,Jewellery,UPI,Web Browser,Yes,Ahmedabad,Ahmedabad,0.4,1731,1,0
501754,139462,2026-05-22,00:57:00,3087.58,Jewellery,POS,ATM Machine,Yes,Mumbai,Mumbai,1.6,3481,0,0
501969,183920,2026-01-24,23:16:00,2343.42,Grocery,ATM,Mobile App,No,Mumbai,Mumbai,2.9,938,3,0
505203,183649,2026-02-22,18:29:00,1446.75,Fuel,ONLINE,Web Browser,No,Kolkata,Kolkata,7.2,1513,1,0
503118,164299,2026-01-18,20:35:00,3280.01,Dining,UPI,POS Terminal,Yes,Mumbai,Mumbai,9.9,3932,2,0
502394,122079,2026-07-07,03:33:00,1604.41,Dining,ONLINE,POS Terminal,No,Delhi,Delhi,7.1,3727,1,0
500524,182465,2026-04-14,03:22:00,2315.1,Jewellery,POS,Web Browser,Yes,Hyderabad,Hyderabad,2.5,1642,2,0
503901,151834,2026-01-03,23:55:00,1971.03,Electronics,ATM,POS Terminal,No,Pune,Pune,12.4,3531,0,0
505712,193953,2026-08-02,04:14:00,840.36,E-commerce,POS,USSD,Yes,Rajpura,Rajpura,14.7,2168,0,0
504700,102375,2026-04-11,01:35:00,1122.63,E-commerce,POS,Web Browser,No,Bengaluru,Bengaluru,6.3,2759,2,0
505490,136056,2026-01-14,13:39:00,3156.67,Grocery,ONLINE,POS Terminal,Yes,Hyderabad,Hyderabad,6.5,2041,1,0
503123,147150,2026-06-02,01:45:00,874.82,Pharmacy,ONLINE,Web Browser,Yes,Jaipur,Jaipur,9.0,1041,1,0
504157,170676,2026-03-21,12:33:00,6303.3,Electronics,UPI,ATM Machine,Yes,Delhi,Delhi,0.3,3281,1,0
501970,115287,2026-07-30,07:02:00,2778.55,Jewellery,ONLINE,ATM Machine,No,Chennai,Chennai,3.1,1040,1,0
500672,161437,2026-02-10,09:39:00,4222.62,E-commerce,ATM,ATM Machine,Yes,Chennai,Chennai,6.0,1161,2,0
504189,104195,2026-07-29,10:50:00,6997.02,Utility Bill,ONLINE,USSD,No,Delhi,Delhi,10.3,2979,4,0
500667,150329,2026-06-22,11:22:00,3664.3,Pharmacy,ONLINE,Web Browser,Yes,Mumbai,Mumbai,13.8,1196,1,0
505533,150556,2026-08-12,02:16:00,4544.82,Travel,UPI,Mobile App,Yes,Jaipur,Jaipur,8.5,590,0,0
501888,141356,2026-06-14,14:48:00,7536.83,Jewellery,ONLINE,ATM Machine,No,Hyderabad,Hyderabad,10.3,568,1,0
503267,173855,2026-02-14,15:06:00,1750.24,ATM Withdrawal,ATM,ATM Machine,No,Pune,Pune,14.7,2988,1,0
500281,127584,2026-03-06,16:29:00,1912.98,Travel,UPI,ATM Machine,Yes,Mumbai,Mumbai,11.5,3448,2,0
501720,151701,2026-04-09,02:51:00,5841.78,Utility Bill,ATM,POS Terminal,Yes,Mumbai,Mumbai,11.3,3035,0,0
502948,149764,2026-08-14,11:20:00,5537.73,Dining,NEFT,Mobile App,Yes,Mumbai,Mumbai,11.0,2248,2,0
504456,106715,2026-01-11,03:00:00,1590.3,E-commerce,POS,USSD,Yes,Mumbai,Mumbai,3.9,3922,0,0
500900,161630,2026-08-17,18:08:00,2499.9,Grocery,ATM,Web Browser,No,Rajpura,Rajpura,9.3,3131,0,0
505815,159293,2026-05-03,01:55:00,3398.5,Electronics,POS,USSD,No,Delhi,Delhi,12.7,2778,2,0
500761,117599,2026-01-30,12:21:00,7218.76,Jewellery,UPI,Web Browser,Yes,Mumbai,Mumbai,3.1,3832,1,0
501907,129613,2026-01-27,21:25:00,1575.63,Electronics,UPI,ATM Machine,No,Ahmedabad,Ahmedabad,1.1,1911,1,0
504043,175971,2026-08-11,13:01:00,1879.9,Utility Bill,ONLINE,POS Terminal,No,Chennai,Chennai,8.1,1223,1,0
503824,117860,2026-05-10,03:28:00,1980.08,Fuel,ONLINE,Mobile App,Yes,Kolkata,Kolkata,10.6,3313,1,0
504139,188088,2026-03-05,06:48:00,1492.32,Travel,UPI,USSD,No,Bengaluru,Bengaluru,6.0,1840,2,0
503819,162675,2026-05-21,03:20:00,9247.32,Grocery,POS,POS Terminal,No,Kolkata,Kolkata,3.8,2996,0,0
504301,127656,2026-07-21,14:12:00,2396.14,Dining,POS,Web Browser,No,Mumbai,Mumbai,8.6,853,1,0
502594,109463,2026-05-31,16:13:00,3684.71,ATM Withdrawal,ATM,POS Terminal,No,Kolkata,Kolkata,6.5,1166,3,0
504165,171435,2026-02-10,07:09:00,1876.64,Pharmacy,POS,ATM Machine,No,Kolkata,Kolkata,0.6,1081,3,0
503032,127258,2026-01-26,12:26:00,1354.36,E-commerce,ONLINE,Web Browser,No,Chennai,Chennai,13.3,809,2,0
503580,107774,2026-03-24,05:25:00,7856.1,Dining,POS,Web Browser,Yes,Hyderabad,Hyderabad,8.5,2820,0,0
502833,130019,2026-01-20,10:04:00,1320.24,Electronics,ONLINE,Web Browser,No,Jaipur,Jaipur,11.0,3005,1,0
503473,173475,2026-05-15,13:12:00,1475.37,Jewellery,ATM,POS Terminal,Yes,Ahmedabad,Ahmedabad,14.1,311,2,0
500138,103081,2026-08-27,06:17:00,5681.76,Jewellery,ATM,USSD,Yes,Ahmedabad,Ahmedabad,12.6,518,1,0
504893,105809,2026-05-18,03:12:00,7544.31,Grocery,ATM,ATM Machine,No,Bengaluru,Bengaluru,0.9,128,5,0
502181,169982,2026-05-29,09:09:00,2817.57,Pharmacy,UPI,USSD,No,Kolkata,Kolkata,2.3,3515,0,0
502129,106412,2026-01-13,09:32:00,9834.58,Pharmacy,ATM,USSD,Yes,Bengaluru,Bengaluru,5.9,49,3,0
503178,129629,2026-08-12,14:53:00,7647.6,E-commerce,ONLINE,Web Browser,Yes,Hyderabad,Hyderabad,8.1,1420,2,0
504855,105558,2026-06-10,13:37:00,1047.13,Fuel,UPI,USSD,No,Bengaluru,Bengaluru,9.4,2659,3,0
504638,149628,2026-02-09,07:24:00,1487.16,E-commerce,UPI,ATM Machine,No,Kolkata,Kolkata,12.2,3972,4,0
505116,126238,2026-05-10,17:56:00,2330.64,Dining,UPI,ATM Machine,No,Chennai,Chennai,13.3,1214,2,0
505224,181925,2026-03-13,17:01:00,4214.55,Utility Bill,ONLINE,USSD,Yes,Ahmedabad,Ahmedabad,10.7,2505,4,0
504262,120211,2026-07-03,15:40:00,3768.14,Dining,POS,ATM Machine,No,Bengaluru,Bengaluru,12.1,634,1,0
504345,137446,2026-08-11,05:30:00,3007.07,Pharmacy,POS,USSD,No,Ahmedabad,Ahmedabad,10.4,1227,1,0
501332,171763,2026-06-24,17:30:00,993.16,Fuel,ONLINE,Mobile App,No,Kolkata,Kolkata,14.4,1985,2,0
502018,172617,2026-06-21,00:51:00,5999.41,Grocery,UPI,ATM Machine,No,Delhi,Delhi,2.2,1169,0,0
504543,192658,2026-05-26,09:55:00,5629.48,Jewellery,UPI,ATM Machine,Yes,Hyderabad,Hyderabad,14.5,1392,0,0
502483,118028,2026-03-13,02:28:00,3676.65,E-commerce,UPI,Mobile App,No,Jaipur,Jaipur,1.0,463,1,0
501359,110301,2026-07-19,02:38:00,3026.76,Fuel,ATM,USSD,Yes,Rajpura,Rajpura,9.0,578,2,0
501330,134192,2026-06-11,06:09:00,521.35,Dining,POS,ATM Machine,Yes,Bengaluru,Bengaluru,12.8,1229,4,0
505909,179559,2026-05-21,16:56:00,6635.76,Fuel,POS,Mobile App,No,Pune,Pune,13.3,3650,0,0
502151,132812,2026-08-26,09:12:00,3502.43,Dining,UPI,USSD,Yes,Rajpura,Rajpura,14.5,3639,0,0
504531,103015,2026-07-24,13:35:00,4416.91,Pharmacy,UPI,ATM Machine,Yes,Bengaluru,Bengaluru,8.3,1410,3,0
502123,158237,2026-06-01,20:09:00,1883.2,Fuel,UPI,USSD,Yes,Ahmedabad,Ahmedabad,4.5,2757,0,0
504674,186822,2026-05-02,19:31:00,2022.23,Pharmacy,POS,POS Terminal,No,Hyderabad,Hyderabad,12.8,2357,3,0
503982,108840,2026-01-28,13:41:00,955.58,Travel,UPI,Mobile App,Yes,Mumbai,Mumbai,8.7,826,2,0
501253,107402,2026-02-05,23:01:00,4371.88,Dining,UPI,USSD,Yes,Ahmedabad,Ahmedabad,3.5,3801,2,0
503279,199298,2026-05-20,11:41:00,4957.11,Travel,ONLINE,ATM Machine,Yes,Jaipur,Jaipur,3.1,2761,1,0
503375,167237,2026-01-14,08:25:00,7737.48,Fuel,ONLINE,POS Terminal,Yes,Bengaluru,Bengaluru,2.5,3454,0,0
502815,119989,2026-05-27,17:19:00,3660.32,Jewellery,UPI,Mobile App,No,Kolkata,Kolkata,13.8,2015,1,0
504720,115012,2026-03-28,03:37:00,3916.31,Pharmacy,POS,ATM Machine,Yes,Rajpura,Rajpura,2.5,3949,2,0
501849,152099,2026-01-01,13:28:00,5687.64,Jewellery,POS,Mobile App,No,Mumbai,Mumbai,14.7,2784,1,0
504859,126209,2026-03-10,13:07:00,766.76,Utility Bill,POS,USSD,No,Delhi,Delhi,6.7,1472,3,0
503038,115442,2026-07-12,08:11:00,5778.74,Dining,ATM,Mobile App,Yes,Ahmedabad,Ahmedabad,3.3,72,1,0
500389,189190,2026-08-15,18:20:00,7344.8,Electronics,POS,Web Browser,No,Bengaluru,Bengaluru,3.1,2167,3,0
500236,171945,2026-07-07,03:22:00,2915.17,Electronics,POS,POS Terminal,No,Hyderabad,Hyderabad,3.1,3109,2,0
501078,116590,2026-02-05,12:34:00,8638.38,Grocery,POS,USSD,Yes,Delhi,Delhi,6.2,1504,0,0
501985,163731,2026-05-16,18:43:00,4910.97,Dining,ONLINE,POS Terminal,Yes,Ahmedabad,Ahmedabad,13.2,2177,2,0
504364,196758,2026-01-18,18:17:00,12062.35,Grocery,UPI,Web Browser,No,Chennai,Chennai,6.6,979,0,0
503963,165666,2026-05-01,03:55:00,3949.64,Travel,ONLINE,POS Terminal,Yes,Ahmedabad,Ahmedabad,6.8,1124,2,0
500771,165191,2026-05-08,04:48:00,1306.27,Travel,ONLINE,Mobile App,No,Pune,Pune,1.8,3742,1,0
502166,192386,2026-04-02,19:05:00,966.59,Pharmacy,ONLINE,POS Terminal,No,Ahmedabad,Ahmedabad,2.0,3011,1,0
504534,175151,2026-04-08,22:17:00,3202.7,Grocery,POS,Mobile App,No,Chennai,Chennai,4.0,1404,1,0
500674,109509,2026-05-22,10:06:00,5209.8,Dining,ONLINE,POS Terminal,No,Pune,Pune,4.1,3465,0,0
500250,104161,2026-05-07,01:12:00,6207.43,Travel,UPI,Web Browser,No,Delhi,Delhi,5.7,1550,0,0
501575,114848,2026-07-02,15:05:00,3444.85,Grocery,ATM,Web Browser,No,Pune,Pune,13.9,3967,2,0
503420,128404,2026-04-05,15:37:00,2966.49,Pharmacy,ATM,Mobile App,No,Chennai,Chennai,9.7,278,3,0
502082,109172,2026-04-20,15:32:00,2965.15,Electronics,POS,POS Terminal,Yes,Kolkata,Kolkata,7.3,1837,4,0
501824,187670,2026-03-16,14:07:00,10429.13,Grocery,ATM,ATM Machine,Yes,Kolkata,Kolkata,4.0,286,1,0
505551,160227,2026-03-15,01:04:00,5576.97,Utility Bill,UPI,ATM Machine,Yes,Chennai,Chennai,2.0,770,0,0
505739,122446,2026-05-29,11:57:00,396.11,Electronics,POS,ATM Machine,No,Bengaluru,Bengaluru,7.1,3551,3,0
504545,144626,2026-06-03,07:19:00,1538.05,Electronics,ONLINE,Mobile App,No,Pune,Pune,11.3,3586,4,0
500717,151770,2026-01-31,02:10:00,5146.32,Jewellery,POS,ATM Machine,Yes,Pune,Pune,13.1,459,1,0
505345,128519,2026-02-15,14:50:00,988.32,Pharmacy,ATM,Mobile App,Yes,Hyderabad,Hyderabad,13.7,1643,1,0
505600,177038,2026-04-05,09:49:00,2133.14,Electronics,POS,ATM Machine,Yes,Chennai,Chennai,14.6,1528,4,0
502049,175094,2026-08-02,14:01:00,4702.55,ATM Withdrawal,UPI,ATM Machine,No,Ahmedabad,Ahmedabad,5.9,2221,2,0
504179,146023,2026-01-09,05:44:00,2197.81,Pharmacy,ONLINE,ATM Machine,Yes,Rajpura,Rajpura,4.1,2255,1,0
504810,180576,2026-08-21,22:39:00,6084.7,Grocery,ONLINE,Mobile App,No,Pune,Pune,0.5,804,1,0
502725,179049,2026-06-26,03:43:00,67062.03,E-commerce,POS,USSD,No,Jaipur,Pune,1660.5,26,7,1
505421,180111,2026-01-27,14:44:00,2080.62,Grocery,ONLINE,Web Browser,No,Pune,Pune,0.4,1455,3,0
501461,179014,2026-05-31,15:55:00,2203.85,Fuel,ONLINE,POS Terminal,Yes,Pune,Pune,6.4,410,0,0
501669,153264,2026-06-07,06:58:00,6194.03,ATM Withdrawal,ONLINE,ATM Machine,No,Bengaluru,Bengaluru,6.1,621,2,0
502757,188416,2026-08-13,10:40:00,7874.65,Fuel,UPI,Mobile App,No,Ahmedabad,Ahmedabad,12.1,3318,0,0
502001,187812,2026-01-19,09:05:00,2376.29,Grocery,UPI,Mobile App,Yes,Hyderabad,Hyderabad,4.7,1771,0,0
504572,109358,2026-08-20,04:12:00,877.19,Utility Bill,ATM,USSD,Yes,Delhi,Delhi,0.1,3328,1,0
504614,152170,2026-03-15,16:02:00,6736.63,Dining,ONLINE,ATM Machine,No,Jaipur,Jaipur,14.8,483,4,0
500405,149930,2026-05-01,07:16:00,4871.76,Electronics,POS,USSD,Yes,Rajpura,Rajpura,4.1,389,0,0
500385,103191,2026-02-19,21:16:00,407.61,Fuel,ATM,Mobile App,No,Bengaluru,Bengaluru,8.0,3963,3,0
505386,187572,2026-04-05,00:52:00,6980.05,ATM Withdrawal,UPI,Mobile App,Yes,Pune,Pune,5.2,2414,1,0
502153,185660,2026-07-13,19:35:00,7609.9,Electronics,POS,Web Browser,No,Kolkata,Kolkata,5.1,3671,0,0
501634,188037,2026-04-11,15:28:00,4238.0,Grocery,UPI,USSD,Yes,Kolkata,Kolkata,2.0,2659,5,0
505495,177442,2026-01-20,18:47:00,5163.44,Electronics,UPI,Mobile App,Yes,Jaipur,Jaipur,5.9,328,1,0
504785,184431,2026-03-23,08:01:00,7991.4,Travel,ATM,Web Browser,No,Rajpura,Rajpura,4.6,2463,1,0
503926,157183,2026-06-26,16:01:00,6833.13,Jewellery,ONLINE,Mobile App,No,Kolkata,Kolkata,4.8,3759,2,0
504159,119976,2026-05-24,15:41:00,6792.81,Jewellery,ONLINE,Web Browser,No,Jaipur,Jaipur,5.3,1396,2,0
504949,126479,2026-08-15,03:17:00,10629.98,Jewellery,ONLINE,Mobile App,Yes,Jaipur,Jaipur,5.8,1221,1,0
500224,120236,2026-04-14,09:33:00,4713.96,Electronics,ONLINE,POS Terminal,No,Bengaluru,Bengaluru,10.6,3308,0,0
502194,121885,2026-02-10,11:56:00,1710.55,Electronics,ONLINE,USSD,No,Pune,Pune,2.6,136,2,0
503137,158064,2026-04-21,03:27:00,2131.21,E-commerce,UPI,POS Terminal,Yes,Hyderabad,Hyderabad,11.3,750,1,0
504470,174850,2026-01-08,01:01:00,60238.69,Fuel,ONLINE,Web Browser,No,Ahmedabad,Hyderabad,1077.2,44,9,1
501825,177266,2026-03-11,13:53:00,1304.27,E-commerce,POS,Mobile App,No,Rajpura,Rajpura,11.1,2680,1,0
505510,188206,2026-06-22,03:01:00,7913.69,Grocery,POS,USSD,Yes,Mumbai,Mumbai,2.3,3708,2,0
505125,111540,2026-08-20,22:16:00,1591.69,Utility Bill,UPI,USSD,No,Hyderabad,Hyderabad,4.1,2777,2,0
504973,183637,2026-08-04,12:23:00,1914.58,Utility Bill,POS,Web Browser,No,Ahmedabad,Ahmedabad,10.7,721,2,0
500798,145854,2026-03-28,13:09:00,2200.38,Grocery,POS,POS Terminal,No,Hyderabad,Hyderabad,9.5,69,1,0
502872,197572,2026-02-20,10:02:00,6227.93,Utility Bill,POS,ATM Machine,No,Pune,Pune,4.8,1203,2,0
500010,109417,2026-08-04,01:24:00,3941.62,Utility Bill,ONLINE,USSD,Yes,Mumbai,Mumbai,10.6,1985,2,0
501945,138012,2026-07-04,16:28:00,1893.28,Dining,ONLINE,USSD,No,Jaipur,Jaipur,3.6,87,3,0
501839,122235,2026-02-17,16:09:00,3837.55,ATM Withdrawal,POS,Mobile App,Yes,Ahmedabad,Ahmedabad,9.1,229,0,0
504805,169174,2026-08-23,16:43:00,5897.78,Fuel,UPI,USSD,No,Hyderabad,Hyderabad,12.2,958,1,0
500256,114452,2026-05-19,00:26:00,924.55,Dining,ONLINE,Web Browser,No,Delhi,Delhi,10.4,3350,3,0
504486,136887,2026-06-19,23:59:00,5322.36,ATM Withdrawal,ONLINE,POS Terminal,Yes,Chennai,Chennai,9.2,3180,4,0
505403,167324,2026-01-22,05:01:00,14299.43,Jewellery,POS,POS Terminal,No,Mumbai,Mumbai,13.0,1905,0,0
501582,121635,2026-04-26,08:25:00,3622.16,Pharmacy,POS,Mobile App,Yes,Bengaluru,Bengaluru,7.9,2693,0,0
502957,109899,2026-06-18,08:20:00,309.91,Fuel,ATM,USSD,Yes,Hyderabad,Hyderabad,4.0,2368,3,0
500925,124828,2026-02-26,07:10:00,4376.32,Jewellery,UPI,Mobile App,No,Chennai,Chennai,8.4,3122,3,0
505548,104887,2026-01-29,18:50:00,722.16,Dining,ATM,POS Terminal,No,Pune,Pune,10.4,2409,1,0
502509,140732,2026-07-03,23:29:00,76320.4,Jewellery,ATM,Web Browser,No,Mumbai,Rajpura,1918.6,3,9,1
505025,187211,2026-07-27,18:27:00,1451.64,Utility Bill,POS,Mobile App,Yes,Mumbai,Mumbai,6.4,2306,1,0
503776,118871,2026-02-03,05:46:00,3529.39,Fuel,NEFT,Mobile App,No,Hyderabad,Hyderabad,7.9,3837,2,0
504836,152763,2026-08-07,20:29:00,5692.19,Dining,ONLINE,ATM Machine,Yes,Jaipur,Jaipur,1.6,2432,0,0
504137,197394,2026-07-21,20:54:00,1604.29,ATM Withdrawal,ONLINE,Mobile App,Yes,Chennai,Chennai,10.5,260,1,0
504965,194469,2026-06-16,13:21:00,934.4,Utility Bill,ATM,ATM Machine,Yes,Chennai,Chennai,11.6,2470,0,0
502780,104511,2026-05-09,05:26:00,1868.5,Jewellery,UPI,POS Terminal,Yes,Pune,Pune,9.1,3181,1,0
500540,102114,2026-03-22,00:21:00,7772.3,Jewellery,UPI,USSD,Yes,Delhi,Delhi,13.9,2541,1,0
502746,140499,2026-05-25,12:25:00,14635.24,Fuel,UPI,POS Terminal,No,Pune,Pune,11.3,3673,0,0
505392,116586,2026-01-31,11:07:00,997.97,Fuel,POS,ATM Machine,No,Bengaluru,Bengaluru,11.2,3748,1,0
505477,125689,2026-04-14,00:40:00,6770.73,Jewellery,ATM,Web Browser,Yes,Mumbai,Mumbai,13.7,871,2,0
501146,148256,2026-07-30,15:26:00,3091.74,ATM Withdrawal,ONLINE,POS Terminal,Yes,Chennai,Chennai,6.7,1814,3,0
505128,151656,2026-06-23,05:04:00,359.54,E-commerce,POS,USSD,Yes,Delhi,Delhi,3.6,3903,1,0
504469,188871,2026-07-23,21:25:00,4679.8,Pharmacy,ATM,Web Browser,Yes,Ahmedabad,Ahmedabad,9.7,3768,0,0
500668,186071,2026-07-30,11:53:00,5428.73,ATM Withdrawal,POS,Mobile App,No,Bengaluru,Bengaluru,2.2,1692,1,0
503020,174519,2026-04-03,14:53:00,1929.74,Electronics,ATM,Web Browser,Yes,Chennai,Chennai,1.9,3993,1,0
500358,189166,2026-01-04,08:58:00,3290.91,Utility Bill,ONLINE,ATM Machine,Yes,Mumbai,Mumbai,2.9,2561,5,0
505064,163920,2026-08-02,00:44:00,2340.65,Dining,POS,Web Browser,Yes,Rajpura,Rajpura,12.5,553,3,0
502832,179578,2026-04-27,20:25:00,5923.79,Electronics,UPI,Web Browser,Yes,Ahmedabad,Ahmedabad,5.7,3819,6,0
502784,183746,2026-05-27,00:30:00,3484.62,Travel,POS,POS Terminal,No,Ahmedabad,Ahmedabad,10.7,3680,0,0
501354,191528,2026-07-26,10:42:00,3823.79,Fuel,ONLINE,Web Browser,Yes,Chennai,Chennai,6.5,3227,1,0
505132,139606,2026-08-15,08:15:00,1786.41,Grocery,UPI,Web Browser,Yes,Bengaluru,Bengaluru,11.4,3425,0,0
500471,173831,2026-07-28,02:05:00,5671.08,Dining,POS,ATM Machine,No,Mumbai,Mumbai,12.0,371,1,0
502704,183770,2026-01-24,03:31:00,1494.82,Fuel,ONLINE,Mobile App,No,Mumbai,Mumbai,5.9,861,2,0
503331,161422,2026-04-20,14:14:00,1137.75,ATM Withdrawal,ONLINE,Mobile App,Yes,Delhi,Delhi,8.2,3697,1,0
503638,149918,2026-07-21,23:16:00,4064.51,Grocery,ATM,Mobile App,No,Pune,Pune,14.0,524,2,0
501397,161988,2026-06-24,01:45:00,48678.44,Pharmacy,POS,USSD,No,Kolkata,Rajpura,1876.5,49,6,1
503585,175265,2026-08-09,20:53:00,926.71,ATM Withdrawal,ATM,Web Browser,No,Ahmedabad,Ahmedabad,6.2,878,1,0
505380,151113,2026-05-12,19:46:00,4509.44,E-commerce,POS,ATM Machine,Yes,Rajpura,Rajpura,1.5,3384,3,0
505263,158876,2026-05-04,07:12:00,962.16,Utility Bill,POS,ATM Machine,Yes,Ahmedabad,Ahmedabad,9.5,2075,0,0
503377,150513,2026-07-18,15:42:00,1910.49,Travel,POS,USSD,No,Kolkata,Kolkata,6.7,2932,1,0
501257,122192,2026-07-26,08:03:00,12645.88,Pharmacy,ATM,ATM Machine,No,Jaipur,Jaipur,13.6,496,0,0
503513,112849,2026-05-04,14:26:00,4872.02,Travel,ONLINE,USSD,No,Kolkata,Kolkata,6.2,3349,0,0
501251,124190,2026-07-21,04:41:00,1929.74,Grocery,UPI,Mobile App,No,Chennai,Chennai,2.0,784,1,0
505763,119472,2026-06-07,06:01:00,7602.85,Travel,UPI,Web Browser,No,Bengaluru,Bengaluru,11.1,631,2,0
504299,103629,2026-07-02,21:47:00,2548.53,Travel,ATM,POS Terminal,No,Ahmedabad,Ahmedabad,3.8,944,3,0
503285,141404,2026-03-22,01:40:00,1241.57,Electronics,ONLINE,USSD,No,Mumbai,Mumbai,0.2,3337,2,0
502934,143475,2026-04-16,05:12:00,1554.74,Utility Bill,UPI,ATM Machine,No,Delhi,Delhi,7.9,2953,2,0
504176,134885,2026-01-17,04:37:00,9721.68,Dining,UPI,USSD,No,Kolkata,Kolkata,0.7,3641,2,0
505269,169894,2026-03-20,11:46:00,7344.02,Electronics,NEFT,ATM Machine,Yes,Rajpura,Rajpura,3.8,1792,3,0
504911,194668,2026-06-25,12:46:00,1524.65,Pharmacy,UPI,ATM Machine,Yes,Hyderabad,Hyderabad,8.3,2248,2,0
501853,145432,2026-05-25,08:03:00,9062.55,Dining,ATM,Mobile App,No,Bengaluru,Bengaluru,10.6,2653,3,0
505613,163991,2026-02-11,00:13:00,80741.01,Jewellery,UPI,Web Browser,No,Rajpura,Bengaluru,1321.3,30,2,1
505842,199938,2026-04-15,09:06:00,1601.59,Jewellery,POS,Web Browser,Yes,Kolkata,Kolkata,3.5,3553,2,0
502106,127514,2026-05-14,08:39:00,1601.58,Jewellery,ATM,ATM Machine,Yes,Pune,Pune,9.8,3116,1,0
500134,155920,2026-01-26,11:34:00,2780.94,ATM Withdrawal,UPI,ATM Machine,No,Kolkata,Kolkata,2.1,2499,2,0
505237,155800,2026-04-24,20:58:00,3541.81,Dining,ONLINE,ATM Machine,Yes,Jaipur,Jaipur,3.6,418,2,0
505030,123272,2026-05-20,09:31:00,6060.53,Electronics,ATM,USSD,Yes,Delhi,Delhi,2.8,435,1,0
500929,141836,2026-07-20,01:42:00,1563.56,Electronics,UPI,Web Browser,No,Ahmedabad,Ahmedabad,14.1,2733,1,0
500824,165011,2026-08-16,18:20:00,6157.73,Jewellery,POS,USSD,Yes,Delhi,Delhi,9.9,1377,2,0
505447,166757,2026-07-17,07:52:00,2294.86,Travel,ATM,ATM Machine,Yes,Hyderabad,Hyderabad,2.8,2598,2,0
501532,100925,2026-02-13,15:09:00,6145.39,Pharmacy,POS,Mobile App,Yes,Ahmedabad,Ahmedabad,7.6,2728,3,0
501215,107417,2026-04-09,02:23:00,495.5,Dining,ONLINE,ATM Machine,No,Bengaluru,Bengaluru,10.7,3841,1,0
500505,127407,2026-01-05,11:04:00,4194.77,E-commerce,ATM,POS Terminal,No,Kolkata,Kolkata,0.0,2333,0,0
504286,176686,2026-02-18,06:45:00,2656.56,E-commerce,UPI,USSD,Yes,Chennai,Chennai,10.6,429,1,0
501997,155263,2026-01-21,21:10:00,1739.56,Pharmacy,ATM,ATM Machine,Yes,Ahmedabad,Ahmedabad,5.0,2861,0,0
503073,124024,2026-01-19,14:54:00,4373.56,Fuel,UPI,POS Terminal,No,Mumbai,Mumbai,2.9,362,2,0
501959,166044,2026-01-11,00:02:00,9090.75,ATM Withdrawal,ONLINE,POS Terminal,No,Jaipur,Jaipur,12.1,2589,3,0
501385,138631,2026-08-03,03:47:00,45246.74,ATM Withdrawal,POS,USSD,No,Hyderabad,Rajpura,383.0,5,2,1
500895,174941,2026-02-01,12:36:00,6369.88,Pharmacy,POS,ATM Machine,No,Hyderabad,Hyderabad,0.1,1934,6,0
504925,133099,2026-02-16,13:33:00,1306.21,ATM Withdrawal,POS,ATM Machine,Yes,Mumbai,Mumbai,11.9,1206,3,0
500456,155519,2026-04-16,07:09:00,5453.88,Travel,ATM,USSD,Yes,Delhi,Delhi,4.4,1239,3,0
505559,152769,2026-05-13,00:42:00,1814.31,Dining,UPI,USSD,No,Rajpura,Rajpura,2.4,2765,1,0
503710,184972,2026-07-14,06:03:00,3003.56,Utility Bill,POS,Mobile App,No,Mumbai,Mumbai,1.9,554,1,0
505534,144526,2026-05-02,19:22:00,1280.21,Fuel,POS,ATM Machine,Yes,Chennai,Chennai,3.2,2203,0,0
504850,190026,2026-04-08,08:46:00,969.68,Grocery,ONLINE,POS Terminal,No,Jaipur,Jaipur,10.6,3292,0,0
504749,186486,2026-06-18,01:51:00,38215.14,Electronics,ONLINE,USSD,No,Mumbai,Ahmedabad,415.9,31,0,1
504269,104491,2026-05-03,02:05:00,32413.16,Fuel,POS,USSD,No,Chennai,Mumbai,400.4,53,8,1
503523,182788,2026-06-17,17:09:00,1814.22,Fuel,POS,Web Browser,No,Rajpura,Rajpura,6.2,378,1,0
504135,198698,2026-06-25,10:39:00,2368.23,Dining,POS,Mobile App,Yes,Mumbai,Mumbai,14.7,2879,4,0
503603,115511,2026-07-24,15:38:00,4514.05,Dining,ATM,POS Terminal,Yes,Delhi,Delhi,5.2,1035,0,0
500714,176391,2026-05-17,07:42:00,6072.67,Electronics,ONLINE,Web Browser,No,Pune,Pune,13.0,3968,0,0
504187,126581,2026-08-04,20:22:00,3818.48,Fuel,POS,POS Terminal,No,Kolkata,Kolkata,7.7,2973,1,0
502215,111534,2026-07-06,23:39:00,8341.1,Utility Bill,POS,ATM Machine,Yes,Mumbai,Mumbai,14.8,1063,2,0
505302,199308,2026-02-26,07:11:00,2486.72,E-commerce,UPI,ATM Machine,Yes,Rajpura,Rajpura,6.7,71,3,0
502924,154047,2026-04-19,13:36:00,595.57,Grocery,ONLINE,POS Terminal,Yes,Kolkata,Kolkata,2.3,3184,4,0
501811,124474,2026-05-26,15:39:00,2550.87,E-commerce,POS,Web Browser,Yes,Pune,Pune,2.5,1545,5,0
503487,134039,2026-04-10,15:37:00,1237.5,Grocery,ONLINE,USSD,Yes,Chennai,Chennai,13.6,1415,0,0
503142,140735,2026-03-01,15:13:00,4992.13,E-commerce,ATM,POS Terminal,Yes,Chennai,Chennai,12.0,3868,0,0
501828,198455,2026-05-18,17:44:00,1560.98,Electronics,ATM,POS Terminal,Yes,Chennai,Chennai,13.8,1642,0,0
501156,158711,2026-05-26,18:36:00,1663.37,Electronics,POS,Web Browser,Yes,Bengaluru,Bengaluru,8.1,3911,3,0
501325,186633,2026-02-25,07:33:00,6850.9,Utility Bill,POS,USSD,No,Kolkata,Kolkata,12.1,1141,2,0
504313,134802,2026-02-11,06:24:00,3654.4,Fuel,UPI,ATM Machine,No,Kolkata,Kolkata,7.1,3291,3,0
500511,199457,2026-06-11,13:27:00,2236.08,Travel,ATM,USSD,Yes,Bengaluru,Bengaluru,4.1,1551,2,0
501681,194261,2026-03-28,17:57:00,2843.61,Electronics,POS,ATM Machine,Yes,Chennai,Chennai,2.3,2278,1,0
500500,142587,2026-08-07,09:55:00,767.43,Travel,POS,Mobile App,Yes,Kolkata,Kolkata,1.0,1546,3,0
505438,101214,2026-01-10,12:49:00,1001.28,Pharmacy,POS,Web Browser,No,Mumbai,Mumbai,9.7,1031,0,0
501857,137499,2026-03-03,02:53:00,2648.48,Pharmacy,NEFT,ATM Machine,Yes,Mumbai,Mumbai,14.5,1790,0,0
501389,189086,2026-04-12,23:59:00,85281.16,Dining,POS,USSD,No,Bengaluru,Ahmedabad,1479.4,58,5,1
503720,126286,2026-06-10,17:01:00,2743.89,Jewellery,ONLINE,ATM Machine,Yes,Bengaluru,Bengaluru,8.9,40,0,0
502387,195296,2026-06-01,01:55:00,1879.28,Fuel,UPI,Web Browser,Yes,Hyderabad,Hyderabad,0.1,3115,3,0
503237,136349,2026-05-19,04:08:00,4299.32,Electronics,POS,USSD,Yes,Pune,Pune,5.3,3746,1,0
501541,147549,2026-03-14,00:39:00,3221.72,Jewellery,POS,Web Browser,Yes,Hyderabad,Hyderabad,10.4,871,1,0
501218,173240,2026-08-11,02:18:00,4445.65,Electronics,POS,Mobile App,Yes,Delhi,Delhi,9.1,3691,2,0
502682,110110,2026-06-18,13:18:00,3920.25,Travel,UPI,Web Browser,No,Delhi,Delhi,9.2,2411,0,0
502994,185622,2026-03-11,07:48:00,5869.79,Jewellery,ONLINE,Mobile App,Yes,Kolkata,Kolkata,13.7,3253,2,0
501192,127801,2026-04-04,08:04:00,2137.59,Dining,POS,USSD,Yes,Jaipur,Jaipur,12.0,1814,1,0
505294,172940,2026-07-22,16:21:00,9480.51,Dining,ONLINE,ATM Machine,Yes,Pune,Pune,14.4,3304,1,0
501543,108885,2026-05-29,02:43:00,6428.92,Dining,POS,ATM Machine,Yes,Chennai,Chennai,3.1,3044,1,0
503302,126602,2026-04-08,19:10:00,5047.48,ATM Withdrawal,ONLINE,POS Terminal,No,Rajpura,Rajpura,2.3,1407,2,0
503325,143346,2026-04-07,21:15:00,7922.1,Electronics,POS,USSD,Yes,Kolkata,Kolkata,5.4,2471,2,0
502540,149366,2026-07-23,08:10:00,1511.62,ATM Withdrawal,POS,POS Terminal,Yes,Ahmedabad,Ahmedabad,1.6,441,1,0
500954,142789,2026-08-21,18:42:00,4629.6,Travel,ATM,POS Terminal,No,Rajpura,Rajpura,14.7,117,0,0
504847,183783,2026-05-03,15:59:00,4280.84,Fuel,ATM,POS Terminal,No,Mumbai,Mumbai,7.4,2094,1,0
504331,118510,2026-07-04,09:45:00,8702.31,Utility Bill,ONLINE,ATM Machine,Yes,Chennai,Chennai,6.9,2654,2,0
500733,192161,2026-04-09,15:06:00,2152.32,E-commerce,ONLINE,POS Terminal,Yes,Pune,Pune,14.6,2729,2,0
505992,147288,2026-08-24,22:35:00,1198.56,Dining,ATM,USSD,Yes,Chennai,Chennai,10.9,2725,2,0
501157,112016,2026-04-16,09:28:00,4057.02,Jewellery,UPI,POS Terminal,No,Ahmedabad,Ahmedabad,11.8,1258,4,0
505558,125973,2026-03-21,20:43:00,3906.65,Electronics,POS,Mobile App,Yes,Ahmedabad,Ahmedabad,14.5,3183,2,0
503295,119223,2026-04-22,08:28:00,1283.43,ATM Withdrawal,ATM,POS Terminal,No,Delhi,Delhi,2.3,2548,3,0
502983,180108,2026-01-10,10:47:00,4290.48,Utility Bill,POS,ATM Machine,Yes,Rajpura,Rajpura,6.7,1606,4,0
505306,181390,2026-05-24,23:42:00,5108.54,Travel,ONLINE,USSD,No,Pune,Pune,9.5,3228,4,0
505162,102601,2026-08-07,14:41:00,3635.17,E-commerce,POS,Web Browser,No,Hyderabad,Hyderabad,13.8,441,2,0
502157,144276,2026-04-10,23:38:00,40186.64,Fuel,ONLINE,Web Browser,No,Mumbai,Kolkata,861.3,39,7,1
501063,114405,2026-07-23,10:46:00,769.58,Fuel,UPI,ATM Machine,Yes,Jaipur,Jaipur,4.6,1163,2,0
502617,199232,2026-06-02,18:28:00,2001.16,E-commerce,ATM,Web Browser,Yes,Ahmedabad,Ahmedabad,5.0,2933,0,0
501168,139854,2026-01-14,04:36:00,3296.01,Fuel,POS,Mobile App,Yes,Ahmedabad,Ahmedabad,7.4,2961,1,0
503223,177560,2026-05-12,01:32:00,9900.77,ATM Withdrawal,NEFT,ATM Machine,No,Kolkata,Kolkata,2.6,539,2,0
503637,154049,2026-01-29,08:19:00,5194.4,Travel,ONLINE,Mobile App,No,Jaipur,Jaipur,10.7,924,2,0
502939,190264,2026-04-14,06:22:00,679.38,Jewellery,POS,ATM Machine,No,Rajpura,Rajpura,2.9,2930,2,0
504492,119695,2026-07-22,04:05:00,1454.94,Fuel,POS,POS Terminal,Yes,Hyderabad,Hyderabad,14.3,1084,2,0
503141,149192,2026-05-15,02:31:00,3016.59,Dining,UPI,USSD,No,Pune,Pune,14.2,1487,0,0
504981,190125,2026-04-20,08:59:00,1750.37,ATM Withdrawal,UPI,USSD,No,Pune,Pune,1.9,3491,1,0
500144,140852,2026-04-14,01:39:00,2044.78,ATM Withdrawal,POS,Web Browser,Yes,Jaipur,Jaipur,6.5,2444,1,0
503578,185640,2026-01-12,12:24:00,1518.21,Fuel,POS,POS Terminal,Yes,Delhi,Delhi,0.2,2506,5,0
504947,136995,2026-08-20,19:06:00,6307.13,Pharmacy,POS,ATM Machine,Yes,Ahmedabad,Ahmedabad,0.9,3843,1,0
502783,176176,2026-02-20,04:03:00,3378.49,Travel,ONLINE,Web Browser,Yes,Delhi,Delhi,11.4,38,0,0
500718,149214,2026-06-05,12:41:00,2603.91,Utility Bill,UPI,ATM Machine,No,Hyderabad,Hyderabad,12.9,2059,0,0
501820,129477,2026-01-17,08:16:00,948.65,ATM Withdrawal,NEFT,Web Browser,Yes,Rajpura,Rajpura,5.3,2389,2,0
502503,175314,2026-04-25,12:07:00,7380.64,Fuel,POS,Mobile App,No,Bengaluru,Bengaluru,13.7,1992,1,0
504361,100758,2026-07-10,20:25:00,3479.85,Utility Bill,ONLINE,POS Terminal,No,Kolkata,Kolkata,7.3,2742,1,0
504172,126347,2026-05-18,19:12:00,4012.03,Fuel,UPI,Web Browser,Yes,Kolkata,Kolkata,5.7,1658,1,0
500396,187455,2026-06-06,03:23:00,2982.45,ATM Withdrawal,POS,Web Browser,No,Mumbai,Mumbai,8.5,1751,2,0
505798,162306,2026-06-17,07:40:00,1042.81,ATM Withdrawal,ONLINE,ATM Machine,Yes,Pune,Pune,9.2,676,1,0
504493,169649,2026-08-15,11:58:00,3554.14,Dining,POS,Mobile App,Yes,Mumbai,Mumbai,0.2,736,1,0
501366,101766,2026-05-22,14:08:00,1417.62,ATM Withdrawal,POS,USSD,No,Kolkata,Kolkata,0.1,49,3,0
505901,193004,2026-06-07,03:23:00,23526.59,Grocery,ONLINE,Web Browser,No,Jaipur,Delhi,834.1,2,4,1
500596,180201,2026-08-24,15:00:00,6496.18,Dining,ATM,Web Browser,Yes,Kolkata,Kolkata,13.3,3655,1,0
503953,172821,2026-04-30,19:16:00,3198.68,Electronics,ONLINE,ATM Machine,Yes,Mumbai,Mumbai,7.7,1014,3,0
505393,180110,2026-03-20,05:07:00,5685.47,Jewellery,ONLINE,USSD,Yes,Delhi,Delhi,4.5,1178,0,0
504969,103708,2026-04-01,09:08:00,1866.21,E-commerce,UPI,ATM Machine,No,Mumbai,Mumbai,8.1,3355,1,0
502915,140715,2026-07-26,14:09:00,2486.7,Travel,ONLINE,USSD,Yes,Hyderabad,Hyderabad,6.6,730,1,0
502327,134220,2026-06-30,10:32:00,1898.21,E-commerce,ONLINE,POS Terminal,Yes,Chennai,Chennai,14.2,3093,1,0
503767,167856,2026-06-02,17:05:00,5263.45,Travel,POS,ATM Machine,Yes,Chennai,Chennai,6.3,764,2,0
503441,194794,2026-05-16,10:18:00,9628.6,Utility Bill,POS,USSD,No,Kolkata,Kolkata,9.1,1145,1,0
503852,104596,2026-03-21,04:55:00,3123.5,Fuel,ONLINE,Mobile App,No,Chennai,Chennai,14.2,3490,1,0
504133,173032,2026-06-04,00:10:00,3378.97,Grocery,POS,USSD,Yes,Jaipur,Jaipur,12.6,1972,2,0
505500,103293,2026-04-25,13:28:00,3028.8,Fuel,ONLINE,USSD,No,Jaipur,Jaipur,10.2,2066,2,0
502144,161022,2026-08-13,05:46:00,6194.32,Electronics,UPI,POS Terminal,Yes,Hyderabad,Hyderabad,14.1,758,0,0
505823,187230,2026-05-14,06:56:00,3236.39,Grocery,POS,USSD,Yes,Pune,Pune,14.8,2017,2,0
505074,178145,2026-04-10,02:00:00,2829.8,Dining,NEFT,USSD,Yes,Bengaluru,Bengaluru,5.4,3835,2,0
501572,136153,2026-08-14,12:39:00,1524.87,Electronics,POS,USSD,Yes,Jaipur,Jaipur,6.5,1841,0,0
504080,176383,2026-05-09,20:32:00,3314.05,Grocery,ATM,Web Browser,No,Ahmedabad,Ahmedabad,0.7,1945,2,0
501123,126886,2026-08-25,11:17:00,9352.34,Utility Bill,UPI,USSD,Yes,Hyderabad,Hyderabad,11.2,2541,2,0
502787,128266,2026-02-25,05:21:00,2714.42,Jewellery,UPI,Web Browser,No,Bengaluru,Bengaluru,3.8,166,3,0
502968,122796,2026-04-01,18:49:00,5024.1,Pharmacy,NEFT,Mobile App,No,Bengaluru,Bengaluru,0.6,3545,2,0
502505,105086,2026-03-03,07:26:00,1465.6,Dining,POS,USSD,Yes,Delhi,Delhi,8.6,490,0,0
503466,174969,2026-04-28,00:02:00,41374.64,Grocery,ONLINE,USSD,No,Chennai,Pune,1592.4,24,3,1
500676,172570,2026-01-15,08:07:00,3757.12,ATM Withdrawal,ONLINE,Mobile App,Yes,Rajpura,Rajpura,13.9,2510,3,0
502809,179126,2026-02-22,05:02:00,2780.92,Jewellery,ATM,USSD,No,Ahmedabad,Ahmedabad,9.7,2996,0,0
503349,112176,2026-02-16,08:41:00,2644.13,Pharmacy,ONLINE,ATM Machine,Yes,Mumbai,Mumbai,4.5,2880,0,0
500729,148818,2026-08-07,22:29:00,803.9,Grocery,UPI,Mobile App,No,Delhi,Delhi,9.6,887,3,0
500413,127929,2026-07-04,09:47:00,3513.52,Dining,UPI,USSD,No,Mumbai,Mumbai,2.0,2765,2,0
503147,164251,2026-02-21,05:07:00,4165.07,ATM Withdrawal,ONLINE,USSD,Yes,Ahmedabad,Ahmedabad,5.9,1452,0,0
501517,148262,2026-02-17,06:53:00,3519.09,E-commerce,ATM,ATM Machine,Yes,Mumbai,Mumbai,10.1,2880,5,0
500826,109043,2026-01-06,10:04:00,6175.01,Pharmacy,UPI,ATM Machine,Yes,Pune,Pune,10.3,1838,0,0
503268,169039,2026-07-20,13:20:00,2229.79,Fuel,ATM,POS Terminal,No,Bengaluru,Bengaluru,8.5,3839,5,0
503975,109502,2026-03-06,15:54:00,3712.39,ATM Withdrawal,ONLINE,USSD,No,Pune,Pune,12.6,2416,1,0
500617,124979,2026-06-27,01:12:00,1307.69,Electronics,POS,ATM Machine,No,Kolkata,Kolkata,11.8,571,0,0
500115,150560,2026-03-05,15:14:00,4112.52,Utility Bill,POS,Web Browser,Yes,Delhi,Delhi,7.4,2515,2,0
500418,112183,2026-05-21,00:19:00,2004.91,Dining,NEFT,Mobile App,Yes,Delhi,Delhi,13.3,3019,1,0
503070,106993,2026-03-19,08:42:00,1567.25,Dining,ONLINE,POS Terminal,Yes,Pune,Pune,0.3,484,1,0
501626,199307,2026-04-23,08:11:00,3199.62,Utility Bill,POS,ATM Machine,Yes,Pune,Pune,7.1,2777,0,0
505940,118331,2026-03-19,12:27:00,4911.16,Utility Bill,POS,POS Terminal,No,Ahmedabad,Ahmedabad,1.6,1776,1,0
504186,157194,2026-06-17,06:01:00,1655.7,E-commerce,UPI,POS Terminal,Yes,Chennai,Chennai,3.1,3228,4,0
502897,166008,2026-03-02,14:59:00,5034.77,Fuel,POS,USSD,Yes,Bengaluru,Bengaluru,4.1,1205,1,0
505603,100962,2026-04-18,22:54:00,3595.66,Dining,POS,Web Browser,No,Ahmedabad,Ahmedabad,5.4,2480,2,0
502083,132487,2026-04-27,00:55:00,3991.92,Fuel,UPI,USSD,No,Pune,Pune,3.8,2682,0,0
500754,193611,2026-06-16,07:11:00,2486.45,Grocery,POS,POS Terminal,Yes,Mumbai,Mumbai,0.6,356,1,0
502547,179480,2026-04-22,21:04:00,3179.53,Jewellery,ATM,Web Browser,No,Ahmedabad,Ahmedabad,7.3,1196,0,0
503970,161865,2026-02-24,18:30:00,8978.29,Pharmacy,POS,ATM Machine,Yes,Chennai,Chennai,5.6,1990,2,0
503374,150286,2026-05-03,11:41:00,5204.68,ATM Withdrawal,UPI,Web Browser,Yes,Bengaluru,Bengaluru,13.6,539,1,0
504108,184264,2026-03-26,16:12:00,12679.73,ATM Withdrawal,POS,ATM Machine,Yes,Delhi,Delhi,14.1,1812,1,0
502445,159813,2026-06-16,03:49:00,2032.42,Dining,UPI,Mobile App,No,Ahmedabad,Ahmedabad,6.4,1167,1,0
504381,194005,2026-03-10,04:00:00,5685.61,Travel,POS,USSD,Yes,Ahmedabad,Ahmedabad,9.5,1275,1,0
501067,192564,2026-05-19,18:25:00,12045.26,Grocery,ONLINE,USSD,No,Mumbai,Mumbai,0.4,3482,0,0
503914,155031,2026-02-28,08:28:00,4216.36,E-commerce,POS,POS Terminal,No,Rajpura,Rajpura,8.8,2518,3,0
505288,186291,2026-06-27,07:03:00,10472.44,Pharmacy,UPI,POS Terminal,No,Chennai,Chennai,7.1,3529,1,0
505388,198693,2026-01-26,00:47:00,4987.37,E-commerce,UPI,Mobile App,Yes,Rajpura,Rajpura,4.7,956,3,0
503499,112310,2026-07-15,13:53:00,4558.47,Utility Bill,UPI,Web Browser,Yes,Jaipur,Jaipur,0.4,3644,1,0
502739,149225,2026-05-02,21:19:00,514.84,Dining,ONLINE,ATM Machine,No,Ahmedabad,Ahmedabad,10.1,2999,3,0
505053,196268,2026-06-28,00:37:00,3193.11,Grocery,POS,POS Terminal,Yes,Jaipur,Jaipur,3.0,3634,2,0
504001,131748,2026-03-09,23:48:00,7354.3,ATM Withdrawal,POS,POS Terminal,Yes,Chennai,Chennai,7.7,436,0,0
501569,190942,2026-07-09,13:40:00,3198.97,Dining,POS,ATM Machine,No,Chennai,Chennai,6.5,696,1,0
502428,138536,2026-06-05,14:30:00,7547.03,Grocery,ONLINE,USSD,Yes,Delhi,Delhi,5.4,3697,2,0
503747,144896,2026-05-02,20:47:00,3962.71,Travel,UPI,ATM Machine,No,Bengaluru,Bengaluru,6.0,3611,0,0
505562,111694,2026-05-27,14:13:00,4166.17,Fuel,ATM,POS Terminal,Yes,Jaipur,Jaipur,12.2,2415,0,0
501688,140795,2026-01-20,08:32:00,2435.51,Fuel,ONLINE,POS Terminal,No,Hyderabad,Hyderabad,12.3,2187,1,0
500852,180147,2026-03-08,00:50:00,3215.27,ATM Withdrawal,ATM,Mobile App,No,Pune,Pune,5.9,407,2,0
503547,140932,2026-04-23,16:55:00,2165.87,E-commerce,ATM,Mobile App,No,Mumbai,Mumbai,3.5,865,0,0
500896,161153,2026-05-24,11:39:00,3595.03,Electronics,UPI,Mobile App,No,Ahmedabad,Ahmedabad,7.5,3608,2,0
504593,107281,2026-08-26,20:27:00,5385.94,Grocery,ONLINE,USSD,Yes,Bengaluru,Bengaluru,1.4,901,0,0
500336,180824,2026-02-05,11:56:00,616.66,Electronics,ONLINE,POS Terminal,Yes,Delhi,Delhi,4.2,1302,4,0
502840,197179,2026-01-17,02:34:00,1605.09,Pharmacy,UPI,Mobile App,No,Pune,Pune,13.9,3380,1,0
503088,117635,2026-03-21,23:45:00,4193.35,Pharmacy,NEFT,ATM Machine,Yes,Kolkata,Kolkata,4.0,1047,2,0
504612,132464,2026-07-25,02:31:00,568.83,E-commerce,POS,Web Browser,No,Hyderabad,Hyderabad,0.0,2762,0,0
501349,173469,2026-07-15,15:45:00,3229.34,Grocery,POS,POS Terminal,Yes,Jaipur,Jaipur,5.9,710,0,0
501016,183737,2026-06-09,01:41:00,2105.61,Dining,POS,ATM Machine,No,Rajpura,Rajpura,10.3,2337,1,0
502817,167393,2026-05-11,21:54:00,3158.88,ATM Withdrawal,POS,ATM Machine,No,Chennai,Chennai,10.5,3673,1,0
501632,189729,2026-07-02,04:34:00,1935.93,Grocery,ONLINE,POS Terminal,No,Chennai,Chennai,2.0,1414,1,0
502490,135736,2026-08-11,11:19:00,4521.74,Grocery,UPI,Mobile App,Yes,Ahmedabad,Ahmedabad,9.5,2826,2,0
503731,172172,2026-06-13,17:23:00,2964.16,Dining,ONLINE,Web Browser,Yes,Jaipur,Jaipur,7.3,1909,0,0
503252,174706,2026-01-28,01:55:00,4531.4,Fuel,UPI,Web Browser,No,Hyderabad,Hyderabad,10.6,2424,0,0
505556,151404,2026-01-05,19:29:00,1449.35,Dining,ATM,Mobile App,No,Pune,Pune,13.8,1677,1,0
502071,118949,2026-08-02,12:40:00,2125.98,Dining,UPI,POS Terminal,No,Mumbai,Mumbai,14.8,1393,0,0
504453,147762,2026-03-28,19:01:00,11472.65,E-commerce,POS,POS Terminal,Yes,Jaipur,Jaipur,11.1,2625,4,0
505859,134240,2026-05-16,16:15:00,6946.96,Dining,POS,Mobile App,Yes,Bengaluru,Bengaluru,7.2,3513,2,0
505409,155956,2026-06-11,08:42:00,1494.25,Jewellery,ATM,Mobile App,Yes,Hyderabad,Hyderabad,14.5,1119,1,0
501636,153619,2026-07-31,04:42:00,8627.57,Grocery,ATM,Web Browser,Yes,Bengaluru,Bengaluru,6.7,66,0,0
504647,174584,2026-02-16,23:57:00,84683.38,Jewellery,UPI,Web Browser,No,Chennai,Pune,295.4,59,6,1
502480,113469,2026-03-30,20:50:00,1818.4,Travel,POS,Mobile App,No,Hyderabad,Hyderabad,11.7,3411,2,0
502266,109519,2026-03-24,03:33:00,4771.11,ATM Withdrawal,POS,POS Terminal,No,Kolkata,Kolkata,12.4,3164,1,0
502960,147794,2026-08-11,21:33:00,4522.95,Electronics,UPI,Mobile App,Yes,Jaipur,Jaipur,5.5,498,2,0
505324,139654,2026-03-20,06:18:00,3630.38,Jewellery,ATM,Web Browser,Yes,Mumbai,Mumbai,8.7,282,2,0
505673,195324,2026-06-21,13:57:00,5572.61,Electronics,ATM,Mobile App,No,Jaipur,Jaipur,13.6,1950,2,0
503060,127342,2026-02-27,04:10:00,1132.56,E-commerce,POS,Mobile App,Yes,Pune,Pune,14.3,3685,2,0
505054,191342,2026-02-13,19:22:00,1214.75,Jewellery,POS,POS Terminal,Yes,Chennai,Chennai,12.9,2576,1,0
502142,187509,2026-06-19,15:58:00,648.57,Jewellery,NEFT,Web Browser,No,Chennai,Chennai,8.0,686,1,0
505105,110907,2026-04-18,06:39:00,2140.16,Travel,NEFT,POS Terminal,No,Chennai,Chennai,0.9,3264,0,0
503119,102366,2026-03-28,06:50:00,7104.13,ATM Withdrawal,ONLINE,ATM Machine,Yes,Chennai,Chennai,7.7,3866,5,0
505189,181825,2026-05-07,05:35:00,3580.86,E-commerce,NEFT,ATM Machine,No,Jaipur,Jaipur,14.7,2029,1,0
505665,154662,2026-02-22,13:21:00,2699.53,ATM Withdrawal,UPI,USSD,Yes,Rajpura,Rajpura,6.5,3651,1,0
504046,101377,2026-06-30,22:54:00,3275.99,Dining,POS,Web Browser,Yes,Rajpura,Rajpura,10.0,3842,0,0
503357,105671,2026-01-22,04:18:00,1387.12,Fuel,ONLINE,POS Terminal,Yes,Ahmedabad,Ahmedabad,3.9,263,2,0
502745,119874,2026-06-29,20:58:00,7327.59,Pharmacy,UPI,Mobile App,No,Kolkata,Kolkata,1.2,1608,0,0
505093,104662,2026-02-06,20:49:00,1478.17,Fuel,POS,Mobile App,No,Mumbai,Mumbai,0.0,3243,2,0
503507,183718,2026-03-23,14:52:00,11427.81,E-commerce,POS,Mobile App,Yes,Delhi,Delhi,12.9,3415,0,0
501680,151457,2026-05-30,21:10:00,3630.71,ATM Withdrawal,UPI,Web Browser,No,Bengaluru,Bengaluru,7.0,3992,1,0
504250,137861,2026-02-13,22:28:00,1737.73,E-commerce,ONLINE,USSD,Yes,Pune,Pune,9.9,2688,0,0
503148,183660,2026-03-02,08:15:00,2729.76,Jewellery,NEFT,Mobile App,No,Chennai,Chennai,0.8,1188,1,0
502295,171444,2026-02-16,08:02:00,277.87,ATM Withdrawal,ONLINE,Web Browser,Yes,Mumbai,Mumbai,10.9,3850,1,0
500581,109332,2026-03-04,12:53:00,2327.28,Travel,ONLINE,USSD,No,Kolkata,Kolkata,10.3,1118,1,0
501471,189778,2026-08-15,14:46:00,3781.31,Electronics,ATM,Web Browser,Yes,Ahmedabad,Ahmedabad,10.5,3948,0,0
504800,155525,2026-05-24,19:05:00,4065.28,Electronics,POS,ATM Machine,No,Mumbai,Mumbai,9.7,3060,1,0
504071,109715,2026-01-24,16:31:00,1573.35,Pharmacy,POS,POS Terminal,No,Bengaluru,Bengaluru,5.3,989,1,0
505309,106721,2026-07-15,05:38:00,1283.98,Travel,POS,Web Browser,Yes,Chennai,Chennai,10.1,2293,2,0
503344,161891,2026-06-30,04:13:00,1799.75,Jewellery,UPI,Mobile App,No,Chennai,Chennai,1.3,2387,2,0
504993,199146,2026-03-29,00:52:00,3462.24,ATM Withdrawal,POS,ATM Machine,Yes,Jaipur,Jaipur,2.0,233,2,0
504584,170817,2026-08-15,22:29:00,2590.34,Utility Bill,POS,Mobile App,Yes,Kolkata,Kolkata,4.8,3934,2,0
503673,158706,2026-05-07,06:13:00,2455.94,Grocery,ATM,Mobile App,Yes,Rajpura,Rajpura,3.8,2222,3,0
500560,185112,2026-03-22,01:27:00,2299.51,Electronics,UPI,USSD,No,Delhi,Delhi,0.1,3202,1,0
505238,182305,2026-05-27,04:14:00,3997.87,Electronics,ATM,POS Terminal,No,Hyderabad,Hyderabad,7.3,3513,0,0
505216,123254,2026-06-24,17:03:00,4815.85,ATM Withdrawal,UPI,Mobile App,Yes,Pune,Pune,9.7,1215,3,0
502850,136159,2026-07-29,17:38:00,8443.42,Utility Bill,POS,ATM Machine,Yes,Pune,Pune,0.3,897,2,0
500513,184084,2026-03-19,23:47:00,2627.01,Dining,POS,Mobile App,Yes,Mumbai,Mumbai,6.6,1385,0,0
504730,166520,2026-02-18,13:22:00,2353.11,Jewellery,POS,USSD,Yes,Rajpura,Rajpura,10.6,2300,2,0
501082,198912,2026-07-31,21:55:00,230.42,E-commerce,UPI,Web Browser,Yes,Rajpura,Rajpura,12.8,3344,0,0
501665,152525,2026-03-04,02:02:00,4622.61,Grocery,POS,ATM Machine,No,Ahmedabad,Ahmedabad,12.4,3027,1,0
501013,124591,2026-01-21,21:41:00,2539.8,Jewellery,ATM,ATM Machine,Yes,Ahmedabad,Ahmedabad,0.1,2558,1,0
501932,148202,2026-05-16,13:10:00,1537.26,Grocery,ONLINE,Web Browser,Yes,Mumbai,Mumbai,13.1,311,2,0
501151,136986,2026-06-01,05:26:00,1465.88,ATM Withdrawal,UPI,ATM Machine,No,Pune,Pune,6.1,146,0,0
502839,121553,2026-08-10,05:42:00,2134.79,E-commerce,ONLINE,ATM Machine,Yes,Hyderabad,Hyderabad,9.6,3726,1,0
500117,103726,2026-01-03,05:14:00,6598.87,Fuel,ONLINE,ATM Machine,No,Rajpura,Rajpura,4.5,3531,3,0
500741,181710,2026-04-23,10:01:00,7130.6,Pharmacy,UPI,USSD,Yes,Mumbai,Mumbai,4.2,1889,2,0
505762,116186,2026-08-03,17:38:00,10282.49,Jewellery,ONLINE,Mobile App,No,Chennai,Chennai,11.1,1090,2,0
505178,145108,2026-03-26,11:54:00,3681.17,Utility Bill,ATM,Mobile App,No,Kolkata,Kolkata,6.8,2419,0,0
503676,143194,2026-07-12,17:06:00,1751.97,Travel,POS,ATM Machine,No,Mumbai,Mumbai,5.6,2468,0,0
500831,124591,2026-06-14,22:30:00,6611.56,ATM Withdrawal,ATM,POS Terminal,Yes,Hyderabad,Hyderabad,5.2,489,2,0
500120,111452,2026-06-08,21:47:00,3167.38,Travel,POS,USSD,Yes,Bengaluru,Bengaluru,9.2,472,1,0
504753,180624,2026-02-27,05:19:00,559.81,E-commerce,POS,USSD,No,Bengaluru,Bengaluru,9.8,973,0,0
505729,141488,2026-06-09,00:15:00,3350.73,E-commerce,ONLINE,POS Terminal,Yes,Jaipur,Jaipur,1.2,536,0,0
505682,178693,2026-06-01,04:00:00,1259.44,E-commerce,POS,POS Terminal,Yes,Chennai,Chennai,13.0,3933,1,0
505929,111308,2026-02-07,15:22:00,6667.94,Pharmacy,POS,Mobile App,Yes,Jaipur,Jaipur,8.1,1048,3,0
500636,168573,2026-06-09,16:36:00,8183.07,Travel,ATM,Web Browser,Yes,Delhi,Delhi,7.2,2422,2,0
504466,109402,2026-08-24,22:06:00,9325.01,ATM Withdrawal,POS,Web Browser,No,Kolkata,Kolkata,6.7,3353,2,0
504365,157826,2026-07-31,21:16:00,2305.24,Travel,POS,Mobile App,Yes,Pune,Pune,4.7,2375,2,0
504143,116332,2026-01-25,04:09:00,2906.29,ATM Withdrawal,POS,USSD,Yes,Kolkata,Kolkata,0.3,1793,0,0
500992,154913,2026-07-16,00:16:00,567.89,Dining,ONLINE,POS Terminal,No,Rajpura,Rajpura,8.2,2332,1,0
500877,153983,2026-03-14,20:15:00,1674.38,E-commerce,ONLINE,USSD,Yes,Kolkata,Kolkata,10.5,3817,1,0
504870,169726,2026-03-06,18:40:00,6499.53,ATM Withdrawal,UPI,POS Terminal,Yes,Ahmedabad,Ahmedabad,7.5,3703,0,0
505316,156546,2026-03-07,11:24:00,2200.87,E-commerce,POS,Mobile App,Yes,Ahmedabad,Ahmedabad,7.9,1930,2,0
505223,192118,2026-08-03,04:14:00,6413.39,Electronics,UPI,Web Browser,No,Kolkata,Kolkata,10.8,3176,2,0
500005,143301,2026-03-10,14:27:00,4241.28,Jewellery,POS,Mobile App,No,Kolkata,Kolkata,12.0,2825,0,0
503052,117517,2026-06-23,05:37:00,1525.34,Electronics,UPI,ATM Machine,No,Pune,Pune,2.4,2162,2,0
503125,144105,2026-06-14,02:46:00,3650.77,Fuel,POS,POS Terminal,Yes,Mumbai,Mumbai,1.7,1623,2,0
502661,143472,2026-07-12,14:48:00,5115.76,Jewellery,ONLINE,Web Browser,No,Jaipur,Jaipur,4.1,2627,0,0
502492,126480,2026-02-17,23:02:00,17563.03,Electronics,ONLINE,Web Browser,Yes,Bengaluru,Bengaluru,1.0,1658,2,0
505174,133435,2026-06-09,03:08:00,1702.4,Jewellery,ATM,USSD,Yes,Pune,Pune,8.3,417,0,0
503855,148203,2026-05-20,17:02:00,3979.03,E-commerce,NEFT,POS Terminal,Yes,Hyderabad,Hyderabad,9.7,2927,2,0
504934,182743,2026-06-19,09:49:00,1585.05,Jewellery,ATM,POS Terminal,Yes,Ahmedabad,Ahmedabad,4.5,2908,0,0
504778,174806,2026-04-16,10:18:00,9129.39,Jewellery,ONLINE,ATM Machine,No,Kolkata,Kolkata,9.3,1629,2,0
501716,187835,2026-04-19,07:43:00,4476.67,E-commerce,ATM,POS Terminal,Yes,Kolkata,Kolkata,3.1,2898,2,0
501149,168915,2026-07-08,08:02:00,7037.4,Jewellery,POS,Web Browser,Yes,Bengaluru,Bengaluru,11.8,1754,2,0
503262,147941,2026-02-25,12:48:00,8884.28,Dining,ONLINE,ATM Machine,No,Bengaluru,Bengaluru,6.3,2413,0,0
500575,100707,2026-06-24,05:29:00,4785.17,Utility Bill,ATM,POS Terminal,Yes,Delhi,Delhi,14.2,149,0,0
503770,133354,2026-04-02,01:39:00,3961.17,Utility Bill,ONLINE,ATM Machine,No,Rajpura,Rajpura,3.2,1938,1,0
503737,137912,2026-03-30,20:49:00,1209.81,ATM Withdrawal,ONLINE,USSD,Yes,Bengaluru,Bengaluru,8.3,1205,0,0
504147,141351,2026-05-16,08:21:00,8042.42,Pharmacy,ONLINE,USSD,No,Jaipur,Jaipur,4.5,1362,4,0
500854,123855,2026-01-31,02:53:00,3417.81,Electronics,ATM,POS Terminal,Yes,Mumbai,Mumbai,9.1,558,3,0
501983,105409,2026-07-31,01:27:00,2022.38,Utility Bill,ATM,POS Terminal,Yes,Pune,Pune,7.4,1235,2,0
502775,154511,2026-02-17,18:25:00,1111.78,Travel,ATM,USSD,No,Pune,Pune,8.6,326,1,0
504930,122173,2026-07-26,15:55:00,2248.15,Travel,UPI,ATM Machine,No,Mumbai,Mumbai,8.4,2731,1,0
505212,114415,2026-05-31,10:27:00,3000.54,Travel,UPI,POS Terminal,Yes,Pune,Pune,7.8,2344,1,0
501167,102193,2026-02-06,05:20:00,1611.4,Pharmacy,POS,USSD,Yes,Pune,Pune,11.0,378,0,0
500972,141839,2026-04-28,21:27:00,464.27,Dining,ONLINE,POS Terminal,Yes,Ahmedabad,Ahmedabad,1.3,2322,1,0
502702,179474,2026-03-06,00:47:00,7158.59,Pharmacy,UPI,ATM Machine,Yes,Delhi,Delhi,3.7,2958,0,0
504496,162694,2026-05-24,01:36:00,3399.47,Travel,ATM,USSD,No,Bengaluru,Bengaluru,7.4,884,2,0
503848,135966,2026-04-08,13:22:00,935.85,Dining,POS,Mobile App,No,Rajpura,Rajpura,13.7,96,3,0
502369,116228,2026-03-01,05:58:00,1874.04,Travel,POS,USSD,Yes,Kolkata,Kolkata,4.9,1122,3,0
504116,147487,2026-08-23,07:07:00,6448.71,Utility Bill,POS,ATM Machine,Yes,Pune,Pune,10.0,3624,3,0
504781,184933,2026-05-12,01:28:00,401.92,Utility Bill,ATM,Mobile App,Yes,Bengaluru,Bengaluru,7.5,533,2,0
504132,193009,2026-03-20,03:02:00,1371.01,Pharmacy,NEFT,Mobile App,Yes,Pune,Pune,1.6,3029,1,0
502951,103147,2026-05-03,10:56:00,7608.23,Electronics,UPI,Web Browser,Yes,Delhi,Delhi,1.3,167,4,0
500525,131872,2026-04-26,15:00:00,4240.4,Dining,POS,POS Terminal,Yes,Bengaluru,Bengaluru,5.5,1711,1,0
502456,147608,2026-02-15,07:12:00,9796.74,Fuel,POS,Web Browser,No,Delhi,Delhi,1.9,2425,4,0
505017,105615,2026-06-14,05:40:00,3636.51,Pharmacy,UPI,Mobile App,Yes,Rajpura,Rajpura,14.4,1086,0,0
501842,109697,2026-04-15,18:55:00,2891.38,Jewellery,ATM,ATM Machine,Yes,Bengaluru,Bengaluru,3.6,435,1,0
500538,111548,2026-02-28,00:12:00,2563.87,Travel,ONLINE,USSD,Yes,Jaipur,Jaipur,12.9,3973,1,0
502807,128877,2026-05-17,17:33:00,1626.62,Electronics,ATM,Mobile App,Yes,Pune,Pune,6.3,3097,1,0
505597,153397,2026-04-07,07:39:00,6069.83,Dining,ATM,USSD,Yes,Pune,Pune,4.3,1802,1,0
504342,141773,2026-05-11,01:25:00,41798.82,Utility Bill,UPI,Web Browser,No,Ahmedabad,Hyderabad,262.1,14,3,1
503176,155699,2026-07-11,03:28:00,70549.51,Dining,ONLINE,Web Browser,No,Jaipur,Kolkata,709.6,26,4,1
500785,147816,2026-05-28,23:46:00,5704.86,Jewellery,UPI,Mobile App,No,Bengaluru,Bengaluru,0.3,2526,0,0
504058,153043,2026-07-17,23:18:00,4722.17,Dining,POS,USSD,Yes,Pune,Pune,4.6,83,5,0
501410,128324,2026-01-13,11:32:00,3207.84,Electronics,ATM,POS Terminal,No,Mumbai,Mumbai,6.1,2289,0,0
502538,149863,2026-07-19,21:41:00,7080.06,Pharmacy,NEFT,Web Browser,Yes,Ahmedabad,Ahmedabad,4.5,2875,1,0
500155,143431,2026-01-28,15:03:00,7861.4,Pharmacy,ONLINE,USSD,Yes,Mumbai,Mumbai,14.6,2079,2,0
503010,181211,2026-06-29,12:22:00,3205.07,Pharmacy,NEFT,ATM Machine,Yes,Delhi,Delhi,3.9,1440,3,0
501687,142800,2026-05-21,03:04:00,762.58,Utility Bill,ONLINE,Web Browser,No,Mumbai,Mumbai,12.4,2637,3,0
502902,180057,2026-02-12,05:46:00,4167.93,Grocery,POS,Mobile App,No,Rajpura,Rajpura,0.0,3779,1,0
505939,199250,2026-02-20,18:11:00,2750.93,Dining,ATM,Mobile App,Yes,Hyderabad,Hyderabad,12.2,1823,1,0
504722,183069,2026-06-19,04:08:00,917.1,Dining,NEFT,Web Browser,Yes,Hyderabad,Hyderabad,1.6,3858,1,0
503864,161039,2026-03-18,13:07:00,2501.67,Pharmacy,POS,USSD,Yes,Hyderabad,Hyderabad,3.1,3128,1,0
502734,121432,2026-05-13,04:10:00,6827.39,ATM Withdrawal,ATM,ATM Machine,Yes,Kolkata,Kolkata,4.7,991,2,0
501896,185132,2026-05-24,17:33:00,16263.05,Utility Bill,ONLINE,Web Browser,Yes,Mumbai,Mumbai,10.4,2948,0,0
505443,192260,2026-01-31,06:46:00,1032.62,ATM Withdrawal,ATM,Mobile App,Yes,Chennai,Chennai,9.6,58,1,0
500570,157122,2026-07-11,20:57:00,322.18,Pharmacy,POS,Web Browser,No,Delhi,Delhi,5.8,3227,0,0
501817,123402,2026-08-17,19:24:00,8163.7,Pharmacy,POS,Web Browser,Yes,Pune,Pune,14.3,1208,1,0
502066,150892,2026-05-25,05:05:00,3186.57,Travel,ATM,Web Browser,No,Hyderabad,Hyderabad,0.1,1604,1,0
500128,176499,2026-01-30,09:21:00,5504.38,Grocery,ONLINE,POS Terminal,No,Rajpura,Rajpura,10.9,3126,3,0
503395,133694,2026-08-04,16:49:00,4293.35,ATM Withdrawal,POS,Mobile App,Yes,Delhi,Delhi,11.6,1215,1,0
503328,121093,2026-04-03,22:56:00,385.39,Fuel,ONLINE,Mobile App,Yes,Mumbai,Mumbai,14.3,509,1,0
505978,116033,2026-02-08,00:49:00,3719.78,Electronics,ONLINE,Web Browser,No,Jaipur,Jaipur,0.2,3771,1,0
502976,146900,2026-08-03,00:55:00,5874.4,Dining,POS,Mobile App,No,Delhi,Delhi,14.9,3628,0,0
500981,158970,2026-04-25,08:15:00,3935.5,Travel,ONLINE,USSD,No,Bengaluru,Bengaluru,14.6,664,0,0
502301,126740,2026-07-22,05:31:00,2930.58,ATM Withdrawal,UPI,POS Terminal,No,Jaipur,Jaipur,8.6,3979,0,0
500191,168369,2026-02-22,17:56:00,2018.28,Dining,UPI,Mobile App,Yes,Jaipur,Jaipur,4.4,3603,0,0
501140,153952,2026-07-10,21:16:00,2263.75,Pharmacy,ATM,ATM Machine,No,Chennai,Chennai,8.8,2887,1,0
505089,113782,2026-04-21,20:40:00,4330.21,Utility Bill,ONLINE,USSD,Yes,Mumbai,Mumbai,11.7,1467,3,0
500700,109504,2026-02-04,16:19:00,1545.47,Jewellery,ONLINE,Web Browser,Yes,Chennai,Chennai,9.9,3074,0,0
505730,141484,2026-05-12,03:32:00,67025.05,Grocery,POS,USSD,No,Hyderabad,Jaipur,1462.6,22,8,1
500607,132308,2026-02-02,14:08:00,1074.38,Utility Bill,ONLINE,ATM Machine,No,Rajpura,Rajpura,13.1,1001,2,0
504277,106800,2026-01-27,10:50:00,2854.05,Utility Bill,POS,USSD,No,Rajpura,Rajpura,5.8,2207,1,0
500302,182628,2026-05-23,19:16:00,4840.86,Jewellery,POS,USSD,No,Mumbai,Mumbai,8.8,3234,1,0
503421,151656,2026-04-28,00:22:00,1027.2,ATM Withdrawal,POS,ATM Machine,No,Kolkata,Kolkata,7.4,363,1,0
505776,194135,2026-03-08,14:56:00,2346.67,Pharmacy,POS,Mobile App,Yes,Delhi,Delhi,3.5,1088,3,0
501061,177059,2026-07-18,06:00:00,3449.28,Electronics,ONLINE,USSD,Yes,Kolkata,Kolkata,0.1,3816,2,0
502566,143151,2026-03-31,03:46:00,2087.07,Jewellery,POS,Mobile App,No,Hyderabad,Hyderabad,3.1,302,0,0
505989,186700,2026-05-24,00:00:00,5339.39,Dining,ONLINE,Web Browser,No,Jaipur,Jaipur,13.9,1980,2,0
501070,101072,2026-07-24,10:17:00,2909.42,Utility Bill,ATM,POS Terminal,No,Ahmedabad,Ahmedabad,14.7,1231,2,0
502525,106232,2026-07-19,22:42:00,3756.27,Fuel,ONLINE,POS Terminal,No,Kolkata,Kolkata,0.0,3218,3,0
502206,179750,2026-05-29,13:42:00,2829.17,Travel,POS,ATM Machine,Yes,Pune,Pune,0.9,1969,1,0
501244,148969,2026-02-02,06:31:00,1826.24,E-commerce,POS,POS Terminal,No,Bengaluru,Bengaluru,13.1,1365,1,0
500017,151322,2026-06-23,09:35:00,2451.11,ATM Withdrawal,NEFT,Web Browser,Yes,Chennai,Chennai,10.1,3817,2,0
503121,162359,2026-07-12,03:54:00,90225.12,Travel,UPI,Web Browser,No,Hyderabad,Jaipur,202.4,18,6,1
505980,161040,2026-04-27,09:47:00,2937.46,Electronics,POS,POS Terminal,Yes,Kolkata,Kolkata,12.3,3225,1,0
504643,195294,2026-02-04,00:30:00,5020.24,Fuel,ONLINE,Mobile App,No,Ahmedabad,Ahmedabad,9.2,3035,2,0
504755,121197,2026-05-07,04:49:00,4606.5,Pharmacy,ONLINE,ATM Machine,Yes,Ahmedabad,Ahmedabad,8.1,3806,1,0
500816,183688,2026-03-01,05:36:00,4733.75,Jewellery,POS,Web Browser,Yes,Bengaluru,Bengaluru,4.2,3796,0,0
503068,170502,2026-04-24,01:18:00,1472.45,E-commerce,POS,Mobile App,Yes,Kolkata,Kolkata,14.8,507,2,0
505994,165510,2026-04-29,20:50:00,2556.08,Electronics,UPI,POS Terminal,Yes,Pune,Pune,3.3,1467,0,0
505601,133693,2026-07-22,02:00:00,62185.28,Electronics,UPI,Web Browser,No,Rajpura,Bengaluru,1027.7,47,4,1
500960,141180,2026-02-13,08:52:00,3512.16,Pharmacy,POS,POS Terminal,No,Pune,Pune,0.2,3276,4,0
504894,104907,2026-06-20,10:02:00,4324.05,Grocery,ATM,POS Terminal,No,Rajpura,Rajpura,2.0,3701,3,0
500226,130595,2026-06-10,23:20:00,92165.36,Pharmacy,UPI,Web Browser,No,Ahmedabad,Chennai,681.1,37,6,1
503355,197522,2026-07-29,01:30:00,48807.19,Travel,ATM,USSD,No,Kolkata,Bengaluru,1984.3,51,9,1
502486,136075,2026-01-29,02:01:00,53194.5,Utility Bill,UPI,Web Browser,No,Kolkata,Ahmedabad,687.8,46,7,1
500563,149307,2026-08-09,16:20:00,2484.63,Dining,ONLINE,POS Terminal,No,Kolkata,Kolkata,4.2,342,0,0
503437,129413,2026-03-24,18:04:00,1747.06,Pharmacy,ONLINE,POS Terminal,Yes,Mumbai,Mumbai,13.5,2320,2,0
501694,139500,2026-03-27,05:09:00,2572.19,Grocery,ATM,Web Browser,No,Ahmedabad,Ahmedabad,4.4,1483,1,0
501046,115361,2026-03-19,01:53:00,1586.69,Jewellery,ONLINE,Web Browser,Yes,Delhi,Delhi,2.3,2808,2,0
503447,132021,2026-06-19,13:30:00,1991.79,Pharmacy,NEFT,USSD,Yes,Jaipur,Jaipur,9.9,209,0,0
504566,133902,2026-05-09,09:32:00,2730.35,E-commerce,POS,POS Terminal,Yes,Jaipur,Jaipur,14.0,395,1,0
500955,178557,2026-07-26,06:36:00,4440.94,Fuel,ONLINE,POS Terminal,No,Kolkata,Kolkata,6.0,2581,1,0
505977,193157,2026-05-03,01:51:00,3361.83,Jewellery,ONLINE,Web Browser,Yes,Pune,Pune,9.6,104,1,0
502736,113962,2026-06-19,18:51:00,610.54,Pharmacy,POS,ATM Machine,Yes,Pune,Pune,13.8,477,4,0
505885,113084,2026-08-14,07:55:00,4381.36,Electronics,ONLINE,USSD,Yes,Ahmedabad,Ahmedabad,9.6,1120,0,0
504736,141857,2026-03-25,18:47:00,1981.58,E-commerce,ATM,ATM Machine,Yes,Ahmedabad,Ahmedabad,13.6,3003,1,0
505779,170707,2026-08-26,12:25:00,2355.07,Travel,UPI,POS Terminal,Yes,Jaipur,Jaipur,7.3,2181,2,0
501219,180921,2026-07-09,07:12:00,310.98,Pharmacy,POS,POS Terminal,Yes,Bengaluru,Bengaluru,10.6,974,2,0
505255,134546,2026-07-08,14:39:00,8256.77,Travel,ONLINE,Web Browser,Yes,Hyderabad,Hyderabad,9.7,128,0,0
505512,179750,2026-02-14,05:54:00,1264.48,Jewellery,UPI,Web Browser,No,Hyderabad,Hyderabad,1.2,3605,2,0
501528,113820,2026-01-12,16:09:00,3339.97,E-commerce,ONLINE,Mobile App,Yes,Bengaluru,Bengaluru,12.2,3423,1,0
503988,107124,2026-02-16,20:58:00,2465.7,Electronics,ATM,Web Browser,No,Chennai,Chennai,2.0,3451,3,0
505920,191401,2026-01-31,14:41:00,3343.77,Electronics,ONLINE,USSD,No,Chennai,Chennai,11.1,3939,2,0
501301,175963,2026-07-02,17:58:00,611.13,ATM Withdrawal,UPI,Mobile App,Yes,Ahmedabad,Ahmedabad,11.0,1064,1,0
505870,166682,2026-03-17,19:51:00,1388.95,Pharmacy,ONLINE,USSD,Yes,Bengaluru,Bengaluru,2.9,1622,1,0
500161,199609,2026-08-28,01:11:00,4301.89,Fuel,ONLINE,POS Terminal,Yes,Bengaluru,Bengaluru,10.7,3913,0,0
504068,142127,2026-07-10,07:44:00,6736.67,Jewellery,POS,USSD,No,Pune,Pune,5.7,2531,3,0
500957,140077,2026-06-02,11:31:00,5290.8,Electronics,ONLINE,USSD,Yes,Delhi,Delhi,3.0,2855,4,0
503792,117699,2026-08-19,15:13:00,1516.99,Jewellery,POS,USSD,Yes,Kolkata,Kolkata,0.8,534,1,0
503235,157199,2026-03-28,12:17:00,285.49,Utility Bill,POS,ATM Machine,Yes,Kolkata,Kolkata,8.4,2001,2,0
502870,120581,2026-07-31,00:54:00,7583.3,Utility Bill,POS,ATM Machine,No,Pune,Pune,2.0,1819,1,0
503778,185051,2026-07-12,16:19:00,2351.37,Grocery,ONLINE,Web Browser,No,Chennai,Chennai,1.5,2871,2,0
504434,111401,2026-06-17,20:33:00,4882.97,E-commerce,POS,ATM Machine,Yes,Chennai,Chennai,12.9,788,0,0
504974,177249,2026-01-24,22:37:00,6055.29,Utility Bill,ONLINE,Web Browser,No,Rajpura,Rajpura,1.7,1254,0,0
502962,142176,2026-04-27,12:16:00,1808.6,Jewellery,ONLINE,Web Browser,Yes,Kolkata,Kolkata,12.6,766,1,0
502201,136599,2026-08-07,20:15:00,636.7,E-commerce,UPI,ATM Machine,Yes,Kolkata,Kolkata,0.8,981,3,0
500099,163675,2026-04-01,10:06:00,1770.45,Jewellery,ONLINE,Web Browser,Yes,Ahmedabad,Ahmedabad,15.0,281,2,0
505835,125523,2026-02-10,22:02:00,2623.84,Pharmacy,ONLINE,ATM Machine,Yes,Rajpura,Rajpura,3.4,1910,2,0
502558,186613,2026-02-01,14:50:00,2761.82,ATM Withdrawal,POS,Mobile App,No,Bengaluru,Bengaluru,9.9,221,2,0
503184,105794,2026-04-29,21:55:00,3224.05,Grocery,POS,ATM Machine,Yes,Kolkata,Kolkata,12.2,3776,0,0
500254,132985,2026-01-31,05:07:00,3148.66,ATM Withdrawal,UPI,Web Browser,No,Pune,Pune,7.7,790,3,0
503924,141724,2026-05-21,06:58:00,10993.79,ATM Withdrawal,UPI,USSD,No,Delhi,Delhi,3.5,2152,0,0
504200,123846,2026-06-13,22:03:00,798.83,Electronics,UPI,Web Browser,No,Rajpura,Rajpura,3.5,1084,0,0
501446,103584,2026-03-29,10:33:00,4812.99,Electronics,UPI,ATM Machine,No,Rajpura,Rajpura,4.5,3328,0,0
505540,199099,2026-01-13,01:27:00,1936.76,Dining,UPI,POS Terminal,Yes,Ahmedabad,Ahmedabad,9.8,900,5,0
501649,197669,2026-06-12,18:38:00,4533.6,Utility Bill,UPI,USSD,No,Pune,Pune,9.9,2411,0,0
504683,169748,2026-06-14,05:56:00,2327.01,Jewellery,POS,POS Terminal,Yes,Hyderabad,Hyderabad,14.7,1433,0,0
504724,105174,2026-07-13,21:09:00,3415.14,Grocery,UPI,USSD,No,Mumbai,Mumbai,8.4,3937,0,0
503992,175376,2026-02-06,01:07:00,65254.53,Travel,UPI,USSD,No,Bengaluru,Rajpura,1448.9,33,5,1
501697,146879,2026-02-06,13:05:00,3152.41,Dining,UPI,POS Terminal,Yes,Pune,Pune,12.0,1087,4,0
503192,168132,2026-05-13,23:40:00,81528.34,Utility Bill,ONLINE,Web Browser,No,Jaipur,Bengaluru,852.8,15,2,1
504500,134537,2026-08-20,01:52:00,1079.63,Grocery,UPI,USSD,Yes,Rajpura,Rajpura,10.6,2147,2,0
501155,130497,2026-06-02,22:55:00,4175.48,Electronics,POS,Mobile App,Yes,Kolkata,Kolkata,9.5,2809,0,0
502256,168615,2026-08-18,11:16:00,933.09,Dining,ATM,Mobile App,Yes,Kolkata,Kolkata,6.6,1447,1,0
501683,103516,2026-03-04,12:04:00,1338.59,Grocery,ONLINE,USSD,Yes,Rajpura,Rajpura,1.3,3437,4,0
503171,162891,2026-07-30,23:19:00,4915.51,Dining,POS,POS Terminal,Yes,Pune,Pune,10.3,1913,2,0
502057,173471,2026-06-11,15:19:00,1259.54,Electronics,ATM,Web Browser,Yes,Hyderabad,Hyderabad,13.9,566,0,0
504091,173711,2026-02-13,18:42:00,5887.52,Pharmacy,UPI,POS Terminal,Yes,Delhi,Delhi,3.5,1729,1,0
505854,168399,2026-04-11,17:56:00,2665.52,Grocery,ATM,USSD,No,Rajpura,Rajpura,12.5,2869,1,0
503109,190078,2026-04-09,15:37:00,3117.18,Pharmacy,ATM,ATM Machine,No,Chennai,Chennai,12.6,3532,2,0
504549,152469,2026-07-27,21:40:00,2549.4,ATM Withdrawal,ONLINE,USSD,Yes,Kolkata,Kolkata,8.0,2333,2,0
503724,199351,2026-03-14,00:00:00,44065.05,Jewellery,ONLINE,Web Browser,No,Rajpura,Jaipur,725.8,36,6,1
505424,124725,2026-03-25,03:59:00,1796.91,Electronics,ONLINE,USSD,No,Pune,Pune,0.8,2395,3,0
502050,165998,2026-08-26,02:14:00,1687.1,E-commerce,UPI,Mobile App,Yes,Ahmedabad,Ahmedabad,7.4,1923,0,0
504977,157347,2026-07-20,07:36:00,4973.86,Utility Bill,ATM,POS Terminal,No,Hyderabad,Hyderabad,14.7,1485,0,0
503644,149180,2026-01-06,13:16:00,6972.81,Jewellery,ATM,POS Terminal,Yes,Bengaluru,Bengaluru,12.2,3090,1,0
505915,152439,2026-02-09,18:59:00,4100.22,E-commerce,ONLINE,ATM Machine,Yes,Mumbai,Mumbai,9.2,714,1,0
500624,141688,2026-01-01,00:24:00,81482.12,Pharmacy,NEFT,Web Browser,No,Jaipur,Bengaluru,1148.5,21,5,1
500263,129998,2026-07-07,07:41:00,8879.94,Fuel,ONLINE,Mobile App,Yes,Bengaluru,Bengaluru,3.0,847,3,0
505731,183490,2026-01-19,12:32:00,6493.17,Pharmacy,ATM,ATM Machine,Yes,Pune,Pune,9.5,1335,2,0
503370,111784,2026-05-13,00:05:00,2676.28,E-commerce,ONLINE,Mobile App,Yes,Jaipur,Jaipur,4.5,2341,4,0
504062,102183,2026-04-06,14:24:00,3869.65,Dining,NEFT,ATM Machine,Yes,Mumbai,Mumbai,7.5,1135,2,0
505535,108865,2026-06-08,22:36:00,1670.36,E-commerce,UPI,Mobile App,Yes,Rajpura,Rajpura,11.9,689,0,0
501803,145469,2026-07-17,18:31:00,2908.88,Grocery,UPI,Web Browser,Yes,Ahmedabad,Ahmedabad,11.5,771,2,0
504737,106132,2026-06-18,13:48:00,2802.15,Fuel,POS,Web Browser,No,Mumbai,Mumbai,3.1,1786,0,0
505987,191381,2026-04-14,18:05:00,696.22,Grocery,UPI,ATM Machine,Yes,Kolkata,Kolkata,2.9,1657,1,0
502386,187507,2026-06-05,13:45:00,443.59,Dining,ATM,USSD,Yes,Pune,Pune,8.0,946,0,0
501960,118723,2026-08-11,16:25:00,3204.7,Utility Bill,UPI,ATM Machine,No,Hyderabad,Hyderabad,11.7,1836,3,0
502977,149437,2026-04-16,11:48:00,1840.32,E-commerce,ONLINE,Mobile App,No,Ahmedabad,Ahmedabad,10.7,142,1,0
500489,176513,2026-04-12,03:34:00,2585.4,Fuel,UPI,ATM Machine,Yes,Delhi,Delhi,4.1,1786,0,0
501844,184578,2026-08-23,18:22:00,3696.01,Fuel,UPI,Web Browser,No,Rajpura,Rajpura,11.4,440,2,0
501735,186119,2026-07-10,16:50:00,1375.69,E-commerce,UPI,ATM Machine,Yes,Mumbai,Mumbai,15.0,374,3,0
502912,109057,2026-01-23,12:50:00,1525.7,Grocery,ATM,POS Terminal,No,Chennai,Chennai,5.0,2343,2,0
503220,143251,2026-03-28,21:35:00,3029.23,Grocery,ONLINE,Mobile App,Yes,Jaipur,Jaipur,11.3,3359,2,0
500147,103469,2026-04-26,00:41:00,2224.06,Utility Bill,ATM,Web Browser,No,Pune,Pune,12.5,1398,1,0
505631,147616,2026-02-20,08:51:00,774.23,E-commerce,UPI,POS Terminal,Yes,Hyderabad,Hyderabad,4.4,536,2,0
501987,182732,2026-08-08,06:19:00,13312.32,Dining,ONLINE,Mobile App,No,Rajpura,Rajpura,1.1,2914,0,0
501370,163453,2026-01-24,05:32:00,7278.72,Fuel,ATM,Web Browser,Yes,Delhi,Delhi,0.0,3694,1,0
502812,128604,2026-02-10,00:44:00,9529.58,Pharmacy,POS,POS Terminal,No,Pune,Pune,1.1,273,4,0
500660,128815,2026-08-10,05:01:00,888.29,Utility Bill,ONLINE,POS Terminal,No,Bengaluru,Bengaluru,7.0,1008,2,0
501795,147804,2026-03-04,14:30:00,2149.71,Jewellery,UPI,Mobile App,Yes,Mumbai,Mumbai,12.3,1090,0,0
502512,185237,2026-04-27,03:12:00,54192.43,Fuel,ONLINE,USSD,No,Mumbai,Rajpura,689.5,44,8,1
503398,196061,2026-02-17,02:03:00,3639.75,Pharmacy,ONLINE,Web Browser,Yes,Pune,Pune,9.8,1440,1,0
504283,116982,2026-01-31,07:00:00,1566.37,Fuel,UPI,Mobile App,Yes,Mumbai,Mumbai,11.7,2776,1,0
501148,176861,2026-01-13,14:46:00,2777.13,Electronics,POS,ATM Machine,No,Kolkata,Kolkata,0.5,2523,0,0
503273,165259,2026-01-27,16:27:00,1773.9,Travel,UPI,Mobile App,No,Rajpura,Rajpura,3.2,2201,3,0
500609,196697,2026-04-28,08:39:00,3029.83,Fuel,ONLINE,POS Terminal,Yes,Mumbai,Mumbai,4.6,1934,4,0
503583,120651,2026-04-20,00:09:00,2311.34,ATM Withdrawal,POS,Web Browser,Yes,Rajpura,Rajpura,0.8,2164,3,0
501931,108941,2026-01-03,22:31:00,2679.78,Jewellery,UPI,ATM Machine,Yes,Chennai,Chennai,4.6,2328,3,0
500198,111800,2026-08-11,15:58:00,1822.61,Electronics,POS,POS Terminal,Yes,Bengaluru,Bengaluru,1.9,2019,0,0
502932,167284,2026-04-13,02:12:00,41043.53,Utility Bill,POS,USSD,No,Delhi,Bengaluru,1916.8,20,7,1
502328,116799,2026-02-18,19:56:00,2660.0,Fuel,UPI,ATM Machine,No,Chennai,Chennai,14.6,2064,4,0
504390,159785,2026-02-08,21:38:00,2291.98,Jewellery,POS,Web Browser,No,Rajpura,Rajpura,5.2,1889,0,0
500767,161266,2026-05-15,10:15:00,2862.3,Electronics,UPI,Mobile App,No,Hyderabad,Hyderabad,1.9,2269,1,0
504497,132978,2026-03-06,11:38:00,1531.25,Travel,ONLINE,POS Terminal,Yes,Pune,Pune,12.3,206,1,0
504219,152675,2026-05-18,08:41:00,1317.89,ATM Withdrawal,UPI,ATM Machine,No,Hyderabad,Hyderabad,13.7,3618,1,0
503256,118883,2026-03-17,21:22:00,804.96,Grocery,UPI,ATM Machine,No,Chennai,Chennai,3.2,39,1,0
500203,149506,2026-04-24,17:12:00,8702.27,Travel,UPI,Mobile App,Yes,Bengaluru,Bengaluru,5.3,2764,3,0
503511,197133,2026-02-28,01:02:00,2847.82,Utility Bill,POS,Web Browser,Yes,Bengaluru,Bengaluru,3.9,3177,0,0
504932,173400,2026-03-31,12:44:00,4992.03,E-commerce,ONLINE,ATM Machine,Yes,Rajpura,Rajpura,5.4,1836,1,0
505536,167533,2026-01-27,23:41:00,3336.51,Travel,POS,USSD,No,Hyderabad,Hyderabad,3.5,3823,1,0
501734,186556,2026-08-14,12:35:00,3568.89,Fuel,POS,Web Browser,No,Pune,Pune,4.8,714,1,0
502778,190298,2026-01-14,00:06:00,1486.16,Utility Bill,ONLINE,ATM Machine,Yes,Ahmedabad,Ahmedabad,12.3,3405,1,0
501708,191257,2026-05-16,09:08:00,1844.32,ATM Withdrawal,ATM,USSD,Yes,Chennai,Chennai,11.6,1907,2,0
505173,186704,2026-02-18,11:34:00,10474.58,Electronics,ONLINE,ATM Machine,Yes,Bengaluru,Bengaluru,13.0,764,1,0
505250,157120,2026-07-17,08:36:00,2429.67,E-commerce,UPI,Web Browser,Yes,Mumbai,Mumbai,8.0,1906,3,0
505758,152903,2026-02-04,04:51:00,3258.08,E-commerce,ONLINE,USSD,No,Ahmedabad,Ahmedabad,2.7,3510,1,0
503475,129793,2026-05-11,00:56:00,7589.44,Travel,ATM,POS Terminal,No,Delhi,Delhi,11.0,501,1,0
500855,128779,2026-04-22,05:18:00,3996.05,Travel,ONLINE,USSD,No,Rajpura,Rajpura,2.3,2761,2,0
505686,143823,2026-05-07,03:10:00,2346.83,Utility Bill,UPI,USSD,Yes,Bengaluru,Bengaluru,14.0,3871,3,0
504738,136657,2026-04-25,08:16:00,10694.24,Utility Bill,ATM,POS Terminal,Yes,Rajpura,Rajpura,12.9,2841,2,0
504098,114674,2026-03-02,13:40:00,927.19,Fuel,ONLINE,Mobile App,Yes,Delhi,Delhi,13.9,3813,0,0
502161,180913,2026-04-07,18:29:00,3172.69,Jewellery,UPI,Web Browser,Yes,Delhi,Delhi,5.7,2032,1,0
500699,105014,2026-08-15,17:21:00,210.5,Fuel,UPI,ATM Machine,Yes,Chennai,Chennai,2.3,2634,2,0
505937,115888,2026-08-24,17:28:00,6436.35,Utility Bill,UPI,Mobile App,Yes,Chennai,Chennai,13.3,449,0,0
503000,166252,2026-03-19,00:44:00,1866.67,Electronics,ONLINE,USSD,No,Ahmedabad,Ahmedabad,12.6,2128,2,0
503697,130806,2026-03-12,10:03:00,2628.4,Grocery,POS,POS Terminal,Yes,Kolkata,Kolkata,10.1,283,2,0
501637,116540,2026-08-11,02:43:00,1765.76,Grocery,NEFT,Web Browser,No,Delhi,Delhi,9.4,1123,3,0
503458,103089,2026-04-18,14:21:00,10279.56,E-commerce,ONLINE,POS Terminal,No,Hyderabad,Hyderabad,12.6,713,0,0
503582,176501,2026-04-02,17:28:00,906.76,Utility Bill,POS,POS Terminal,Yes,Kolkata,Kolkata,1.6,2456,4,0
501292,185811,2026-03-31,02:14:00,2157.08,Pharmacy,ATM,ATM Machine,Yes,Ahmedabad,Ahmedabad,4.5,1858,2,0
504660,149799,2026-03-16,01:41:00,77028.23,Fuel,ATM,USSD,No,Chennai,Rajpura,1613.7,34,7,1
505617,179726,2026-01-25,06:04:00,3519.07,Utility Bill,ONLINE,USSD,No,Chennai,Chennai,8.3,1412,3,0
501854,116031,2026-01-11,06:49:00,1455.64,Travel,POS,Web Browser,Yes,Pune,Pune,9.6,334,1,0
505233,129975,2026-01-08,18:33:00,5606.82,Pharmacy,POS,ATM Machine,Yes,Delhi,Delhi,9.2,2644,2,0
503764,163666,2026-03-12,00:34:00,2993.69,Jewellery,POS,POS Terminal,Yes,Pune,Pune,2.4,3531,3,0
503305,111855,2026-03-28,10:37:00,1257.36,Dining,POS,Web Browser,No,Kolkata,Kolkata,1.2,1236,1,0
505897,102102,2026-03-28,09:19:00,4492.98,Fuel,ONLINE,ATM Machine,Yes,Pune,Pune,2.5,1366,2,0
505728,110424,2026-08-26,14:50:00,6099.1,Jewellery,ATM,ATM Machine,No,Ahmedabad,Ahmedabad,13.2,3193,2,0
503744,143980,2026-08-24,01:01:00,1484.96,Dining,ATM,ATM Machine,No,Bengaluru,Bengaluru,5.8,3231,1,0
503446,171191,2026-03-05,01:05:00,1381.95,Dining,ATM,ATM Machine,Yes,Bengaluru,Bengaluru,10.5,2748,1,0
501999,128063,2026-04-16,12:44:00,1879.27,Electronics,ONLINE,ATM Machine,Yes,Delhi,Delhi,2.3,3594,2,0
500664,120240,2026-07-23,22:43:00,1098.93,Electronics,POS,USSD,Yes,Bengaluru,Bengaluru,4.6,1535,2,0
504780,107186,2026-04-02,13:26:00,6098.75,Travel,POS,Web Browser,No,Jaipur,Jaipur,12.6,2545,1,0
505354,147213,2026-02-13,18:01:00,246.29,Electronics,UPI,Mobile App,Yes,Delhi,Delhi,5.7,2963,0,0
503749,191930,2026-04-19,11:05:00,2442.8,Pharmacy,ATM,POS Terminal,No,Ahmedabad,Ahmedabad,7.7,2059,5,0
504414,171805,2026-01-08,09:10:00,6865.09,Travel,ATM,ATM Machine,Yes,Mumbai,Mumbai,5.9,3406,2,0
504745,169622,2026-04-25,06:22:00,4526.59,Grocery,ATM,USSD,Yes,Rajpura,Rajpura,12.1,801,3,0
505531,159129,2026-07-06,17:44:00,9676.49,Utility Bill,POS,Mobile App,No,Hyderabad,Hyderabad,1.1,508,1,0
505576,153916,2026-03-13,15:43:00,5090.27,E-commerce,POS,Web Browser,Yes,Rajpura,Rajpura,6.9,751,3,0
500710,146598,2026-05-24,06:10:00,4177.79,Jewellery,POS,POS Terminal,No,Kolkata,Kolkata,12.5,1464,2,0
501283,139343,2026-06-30,17:52:00,1360.71,Jewellery,UPI,POS Terminal,No,Ahmedabad,Ahmedabad,9.9,2745,3,0
505069,103528,2026-04-25,00:31:00,3410.49,Dining,POS,Mobile App,Yes,Kolkata,Kolkata,6.7,768,2,0
502676,159426,2026-01-17,11:20:00,4286.05,Utility Bill,POS,Mobile App,Yes,Mumbai,Mumbai,3.0,2575,2,0
504030,141434,2026-06-30,00:35:00,10903.14,Electronics,UPI,POS Terminal,Yes,Delhi,Delhi,6.3,1803,0,0
501307,125464,2026-05-09,12:24:00,3337.9,Travel,ONLINE,Web Browser,Yes,Pune,Pune,6.0,3188,1,0
505497,177080,2026-05-06,00:01:00,4810.6,Grocery,POS,POS Terminal,No,Kolkata,Kolkata,14.9,245,1,0
505505,153252,2026-05-09,19:08:00,10191.06,Fuel,POS,USSD,No,Bengaluru,Bengaluru,10.1,120,4,0
502238,127062,2026-08-13,05:18:00,1086.56,ATM Withdrawal,ONLINE,ATM Machine,No,Chennai,Chennai,6.6,47,1,0
503303,160135,2026-05-04,20:33:00,4431.91,Pharmacy,POS,ATM Machine,Yes,Pune,Pune,9.0,762,3,0
505593,152778,2026-01-31,11:23:00,2559.62,Dining,ONLINE,ATM Machine,No,Hyderabad,Hyderabad,5.0,462,2,0
502039,198796,2026-04-01,00:26:00,1801.62,E-commerce,ATM,Mobile App,Yes,Chennai,Chennai,11.1,3620,0,0
501530,191881,2026-05-07,07:05:00,3437.21,Jewellery,POS,Mobile App,Yes,Mumbai,Mumbai,5.8,1322,0,0
501664,155353,2026-06-20,14:14:00,1562.45,Grocery,POS,Mobile App,Yes,Hyderabad,Hyderabad,14.5,959,0,0
505451,125436,2026-07-19,10:45:00,5958.2,Dining,ATM,Web Browser,Yes,Ahmedabad,Ahmedabad,5.7,3738,1,0
505922,179725,2026-04-18,05:52:00,2368.72,E-commerce,ATM,USSD,No,Mumbai,Mumbai,2.8,966,1,0
505944,165080,2026-03-17,09:45:00,8931.8,Electronics,ONLINE,POS Terminal,Yes,Mumbai,Mumbai,8.7,3176,0,0
503628,123705,2026-08-04,06:05:00,369.36,Travel,NEFT,USSD,Yes,Jaipur,Jaipur,9.8,151,2,0
505740,103622,2026-05-29,15:15:00,2317.48,E-commerce,POS,POS Terminal,Yes,Delhi,Delhi,1.2,790,6,0
505148,182676,2026-04-09,09:17:00,8034.48,Grocery,ONLINE,Mobile App,No,Rajpura,Rajpura,12.9,3629,1,0
504892,157156,2026-05-19,00:04:00,801.1,Dining,ATM,POS Terminal,Yes,Bengaluru,Bengaluru,9.8,1512,1,0
502694,142497,2026-08-06,08:34:00,889.86,Travel,ONLINE,Web Browser,Yes,Ahmedabad,Ahmedabad,6.8,1478,0,0
503061,124836,2026-03-16,16:45:00,1865.08,Dining,ONLINE,ATM Machine,Yes,Hyderabad,Hyderabad,2.7,312,2,0
501598,172517,2026-03-07,13:57:00,991.79,Grocery,POS,Web Browser,Yes,Kolkata,Kolkata,13.1,1922,2,0
502730,146172,2026-02-17,04:56:00,2375.08,Travel,UPI,USSD,Yes,Ahmedabad,Ahmedabad,2.2,2688,1,0
502626,157897,2026-02-14,09:42:00,262.56,ATM Withdrawal,ONLINE,ATM Machine,Yes,Bengaluru,Bengaluru,12.1,2439,2,0
503158,199481,2026-03-22,02:59:00,76853.14,E-commerce,UPI,Web Browser,No,Kolkata,Mumbai,1950.5,23,3,1
503315,140286,2026-06-07,23:15:00,7757.34,Electronics,ATM,USSD,No,Delhi,Delhi,5.8,2269,2,0
501723,165276,2026-07-22,19:37:00,3943.53,Grocery,POS,POS Terminal,No,Rajpura,Rajpura,12.5,2681,4,0
505280,119838,2026-05-09,00:47:00,2839.13,Jewellery,UPI,USSD,No,Pune,Pune,4.2,3486,0,0
501060,131095,2026-07-16,02:30:00,2189.26,Electronics,POS,Mobile App,Yes,Kolkata,Kolkata,3.4,3357,3,0
504637,182451,2026-02-13,17:41:00,3361.73,E-commerce,ATM,USSD,Yes,Mumbai,Mumbai,7.1,1710,1,0
503243,189754,2026-03-06,03:38:00,80364.24,E-commerce,ONLINE,USSD,No,Hyderabad,Ahmedabad,1973.0,29,4,1
501679,192421,2026-05-15,21:58:00,1827.06,Jewellery,POS,USSD,Yes,Kolkata,Kolkata,14.2,1412,0,0
501758,160873,2026-06-14,16:18:00,4823.17,Jewellery,ONLINE,Web Browser,Yes,Mumbai,Mumbai,9.4,3076,0,0
504192,134264,2026-03-19,20:48:00,6548.47,Pharmacy,POS,USSD,Yes,Pune,Pune,3.8,1519,3,0
505117,125537,2026-06-20,11:34:00,6717.9,Grocery,NEFT,ATM Machine,No,Chennai,Chennai,8.4,3332,0,0
500564,118149,2026-03-26,06:43:00,3630.19,Utility Bill,ATM,POS Terminal,Yes,Mumbai,Mumbai,2.8,3459,2,0
502791,193693,2026-01-01,22:53:00,3365.34,Pharmacy,ATM,POS Terminal,Yes,Pune,Pune,10.5,1463,2,0
500864,177210,2026-04-01,10:59:00,2207.51,E-commerce,ATM,USSD,No,Pune,Pune,12.4,3581,1,0
501485,141477,2026-02-19,07:27:00,1902.01,Travel,UPI,USSD,No,Mumbai,Mumbai,13.0,1288,4,0
505135,172603,2026-06-05,22:39:00,1099.68,Grocery,ONLINE,Mobile App,No,Rajpura,Rajpura,14.7,3606,1,0
500207,176422,2026-07-12,06:38:00,2433.19,Pharmacy,UPI,Mobile App,Yes,Ahmedabad,Ahmedabad,6.5,2304,1,0
504489,166458,2026-03-04,00:53:00,6494.44,Grocery,UPI,USSD,Yes,Jaipur,Jaipur,10.4,2791,1,0
500871,145618,2026-03-12,15:18:00,903.11,E-commerce,ATM,ATM Machine,Yes,Delhi,Delhi,8.1,2132,2,0
504494,126189,2026-04-11,03:35:00,2425.12,E-commerce,ATM,Mobile App,No,Pune,Pune,0.2,2240,2,0
500503,196260,2026-05-09,04:41:00,738.83,Jewellery,POS,Web Browser,No,Pune,Pune,2.6,1869,0,0
501029,156528,2026-03-18,04:36:00,1138.82,Jewellery,ONLINE,POS Terminal,No,Kolkata,Kolkata,9.3,3532,0,0
503841,187122,2026-02-18,13:33:00,7061.39,Grocery,ONLINE,POS Terminal,No,Jaipur,Jaipur,9.7,2916,4,0
502691,172940,2026-04-14,17:12:00,1734.65,Fuel,ATM,Web Browser,Yes,Chennai,Chennai,8.9,3007,1,0
505582,183585,2026-01-05,21:03:00,5305.35,ATM Withdrawal,POS,POS Terminal,No,Rajpura,Rajpura,9.9,1066,2,0
505057,194736,2026-06-07,22:50:00,4079.19,ATM Withdrawal,ONLINE,ATM Machine,Yes,Delhi,Delhi,11.7,1795,3,0
501571,107944,2026-04-24,02:49:00,1781.63,Grocery,UPI,POS Terminal,Yes,Hyderabad,Hyderabad,2.7,149,3,0
502774,170578,2026-05-13,13:32:00,478.0,Travel,ONLINE,ATM Machine,Yes,Chennai,Chennai,12.5,2073,0,0
502732,152224,2026-02-06,02:00:00,2915.87,Pharmacy,ATM,Web Browser,Yes,Delhi,Delhi,7.7,2402,1,0
500805,173821,2026-06-26,02:28:00,236.8,Electronics,POS,ATM Machine,Yes,Kolkata,Kolkata,8.4,3951,3,0
505848,167413,2026-06-30,08:12:00,2807.71,Utility Bill,UPI,USSD,Yes,Chennai,Chennai,5.8,954,2,0
503646,152865,2026-03-18,07:40:00,2124.56,Fuel,POS,POS Terminal,Yes,Hyderabad,Hyderabad,6.2,760,0,0
502455,183002,2026-01-11,05:30:00,2998.47,E-commerce,UPI,Web Browser,Yes,Rajpura,Rajpura,5.1,3669,4,0
504599,195554,2026-07-17,02:35:00,2796.52,Utility Bill,UPI,POS Terminal,No,Rajpura,Rajpura,1.3,2828,1,0
503105,170098,2026-06-10,16:51:00,1051.67,Jewellery,UPI,POS Terminal,Yes,Bengaluru,Bengaluru,4.5,1791,1,0
504876,166433,2026-01-05,19:32:00,1256.55,E-commerce,UPI,Web Browser,No,Bengaluru,Bengaluru,10.5,745,3,0
500201,136625,2026-02-16,12:28:00,3073.19,Jewellery,ONLINE,ATM Machine,Yes,Jaipur,Jaipur,5.5,556,1,0
503100,127280,2026-04-05,03:21:00,26202.46,Grocery,POS,Web Browser,No,Bengaluru,Hyderabad,735.0,15,6,1
502279,136873,2026-08-17,19:06:00,1235.91,Electronics,ONLINE,ATM Machine,No,Delhi,Delhi,13.1,851,1,0
503562,116971,2026-08-03,18:05:00,4702.43,Travel,POS,Mobile App,No,Chennai,Chennai,10.5,1193,0,0
504475,185053,2026-05-02,07:25:00,2620.05,Travel,NEFT,Mobile App,No,Chennai,Chennai,10.2,873,0,0
504515,191184,2026-05-18,14:34:00,1265.89,Grocery,ONLINE,ATM Machine,Yes,Chennai,Chennai,10.6,1587,3,0
505795,140365,2026-07-17,13:29:00,6493.24,Electronics,ATM,USSD,No,Delhi,Delhi,8.9,2650,1,0
500392,117926,2026-07-12,09:56:00,3291.64,ATM Withdrawal,ONLINE,Mobile App,Yes,Chennai,Chennai,5.6,956,0,0
505619,190352,2026-03-11,23:26:00,85049.62,Grocery,UPI,Web Browser,No,Chennai,Pune,1671.9,59,6,1
505259,166937,2026-05-03,19:58:00,5224.38,Utility Bill,ONLINE,ATM Machine,Yes,Hyderabad,Hyderabad,13.4,416,3,0
501496,143132,2026-04-10,12:06:00,5241.05,Travel,POS,ATM Machine,Yes,Rajpura,Rajpura,1.7,1922,0,0
502696,136998,2026-03-24,11:19:00,4427.05,Pharmacy,UPI,POS Terminal,No,Rajpura,Rajpura,1.2,2208,1,0
502028,195005,2026-07-06,17:56:00,10432.91,Fuel,ATM,POS Terminal,No,Mumbai,Mumbai,13.8,1675,1,0
505249,190061,2026-07-25,16:29:00,1357.96,Dining,POS,POS Terminal,Yes,Jaipur,Jaipur,8.4,250,0,0
505464,129875,2026-06-01,12:21:00,5439.68,Utility Bill,POS,POS Terminal,Yes,Rajpura,Rajpura,3.2,3213,0,0
502569,137904,2026-08-13,03:19:00,1704.9,Travel,ATM,POS Terminal,Yes,Mumbai,Mumbai,13.7,3063,2,0
500065,141084,2026-05-03,06:22:00,1157.42,Pharmacy,POS,POS Terminal,No,Chennai,Chennai,6.8,3342,2,0
503885,116235,2026-03-22,01:40:00,3901.46,Electronics,NEFT,Mobile App,Yes,Bengaluru,Bengaluru,11.1,115,1,0
502063,114951,2026-08-02,14:11:00,387.05,Grocery,POS,Mobile App,No,Delhi,Delhi,1.4,1438,2,0
505277,124942,2026-02-28,00:13:00,2515.67,Grocery,POS,ATM Machine,No,Kolkata,Kolkata,7.6,3250,2,0
500493,175334,2026-04-01,06:26:00,4597.49,Jewellery,POS,ATM Machine,Yes,Bengaluru,Bengaluru,7.2,50,1,0
500380,126245,2026-05-02,14:53:00,2645.87,Utility Bill,ATM,USSD,No,Bengaluru,Bengaluru,5.7,3153,0,0
504860,175734,2026-06-23,14:19:00,4866.62,ATM Withdrawal,POS,USSD,No,Hyderabad,Hyderabad,13.1,644,1,0
503994,128511,2026-06-14,03:31:00,219.51,Travel,UPI,Web Browser,Yes,Delhi,Delhi,12.2,3570,0,0
504888,153943,2026-01-02,09:50:00,657.03,E-commerce,ONLINE,POS Terminal,No,Ahmedabad,Ahmedabad,8.5,1428,3,0
501077,171149,2026-07-25,00:50:00,2639.24,Utility Bill,POS,Web Browser,Yes,Rajpura,Rajpura,13.7,3665,2,0
500879,154826,2026-06-24,05:26:00,1070.86,Grocery,POS,Web Browser,Yes,Pune,Pune,9.3,102,0,0
500338,131713,2026-02-18,08:19:00,6532.9,Grocery,UPI,ATM Machine,No,Mumbai,Mumbai,2.6,98,3,0
501017,138392,2026-08-24,16:44:00,7997.33,Pharmacy,ONLINE,Web Browser,No,Hyderabad,Hyderabad,7.2,2094,0,0
501276,171325,2026-03-19,16:35:00,2013.44,Fuel,POS,POS Terminal,Yes,Bengaluru,Bengaluru,10.7,3437,0,0
503799,101010,2026-04-16,20:29:00,6564.0,Fuel,POS,Mobile App,Yes,Ahmedabad,Ahmedabad,3.1,148,4,0
504552,103642,2026-07-17,08:31:00,3772.6,Jewellery,ONLINE,Web Browser,Yes,Ahmedabad,Ahmedabad,1.2,2836,2,0
503343,109896,2026-05-26,06:06:00,1487.13,Travel,UPI,POS Terminal,Yes,Kolkata,Kolkata,5.4,2815,1,0
504912,153750,2026-06-11,01:24:00,5393.53,Fuel,POS,POS Terminal,Yes,Pune,Pune,7.3,2640,2,0
500996,162600,2026-04-24,23:52:00,40385.09,Electronics,POS,USSD,No,Ahmedabad,Bengaluru,637.7,11,3,1
501982,162270,2026-01-05,03:19:00,6645.42,Grocery,UPI,Mobile App,Yes,Jaipur,Jaipur,1.4,2369,2,0
504298,177008,2026-01-09,19:03:00,1629.12,Travel,ONLINE,Mobile App,Yes,Rajpura,Rajpura,14.8,210,0,0
500162,166430,2026-01-13,04:05:00,5783.51,Pharmacy,ONLINE,POS Terminal,No,Bengaluru,Bengaluru,12.5,323,1,0
505676,127046,2026-05-12,17:42:00,4193.33,E-commerce,UPI,POS Terminal,Yes,Pune,Pune,6.2,1285,0,0
504799,139094,2026-06-15,21:24:00,2425.84,Electronics,POS,Mobile App,Yes,Mumbai,Mumbai,5.6,1481,1,0
501501,152973,2026-05-03,04:06:00,3071.75,Fuel,POS,Mobile App,No,Rajpura,Rajpura,13.4,3275,1,0
503844,130026,2026-03-04,09:47:00,7276.64,Travel,UPI,POS Terminal,Yes,Delhi,Delhi,7.6,2972,4,0
505226,149283,2026-07-09,15:53:00,4413.54,ATM Withdrawal,POS,POS Terminal,Yes,Bengaluru,Bengaluru,3.4,1897,2,0
502614,159738,2026-06-26,01:58:00,3930.17,Electronics,ONLINE,Web Browser,Yes,Pune,Pune,13.5,1002,2,0
503462,194513,2026-04-18,15:40:00,982.78,Grocery,ONLINE,POS Terminal,No,Chennai,Chennai,14.1,464,2,0
501022,107205,2026-05-21,18:33:00,2881.59,Utility Bill,ONLINE,Mobile App,No,Jaipur,Jaipur,3.7,1359,1,0
503074,178220,2026-02-19,12:46:00,2298.08,Pharmacy,UPI,ATM Machine,Yes,Hyderabad,Hyderabad,0.5,146,1,0
503944,196944,2026-08-23,03:52:00,1385.0,Grocery,UPI,USSD,No,Mumbai,Mumbai,13.2,55,3,0
501586,131763,2026-01-01,17:41:00,519.04,Dining,ATM,POS Terminal,No,Mumbai,Mumbai,1.3,533,1,0
501956,140044,2026-03-20,04:36:00,1409.05,Jewellery,ONLINE,USSD,Yes,Delhi,Delhi,8.1,2496,1,0
503153,119677,2026-07-08,12:34:00,4836.17,ATM Withdrawal,NEFT,USSD,Yes,Chennai,Chennai,13.2,1476,3,0
500035,188788,2026-07-04,10:43:00,2155.48,Dining,ONLINE,ATM Machine,Yes,Bengaluru,Bengaluru,14.4,3616,1,0
504015,128281,2026-05-23,05:54:00,398.99,Travel,ONLINE,Mobile App,No,Hyderabad,Hyderabad,14.1,3165,3,0
500776,195118,2026-04-27,03:31:00,6128.02,ATM Withdrawal,ONLINE,ATM Machine,No,Jaipur,Jaipur,1.3,1012,3,0
502557,179851,2026-07-23,12:00:00,5989.31,ATM Withdrawal,POS,Web Browser,Yes,Rajpura,Rajpura,5.4,596,2,0
501479,123054,2026-02-10,09:47:00,1552.49,Travel,POS,Mobile App,No,Ahmedabad,Ahmedabad,11.8,89,1,0
505487,121312,2026-08-11,17:54:00,6492.2,Grocery,ONLINE,Mobile App,Yes,Chennai,Chennai,4.7,2884,2,0
501364,120197,2026-03-24,21:09:00,4022.71,ATM Withdrawal,POS,Web Browser,No,Delhi,Delhi,2.1,2912,0,0
502613,118146,2026-06-29,00:22:00,1538.98,E-commerce,ONLINE,POS Terminal,Yes,Chennai,Chennai,9.8,1128,0,0
502825,161910,2026-08-08,17:27:00,1872.44,Utility Bill,UPI,ATM Machine,Yes,Ahmedabad,Ahmedabad,5.5,663,0,0
502042,189247,2026-04-10,23:54:00,1860.84,Jewellery,UPI,Mobile App,No,Bengaluru,Bengaluru,1.0,2024,1,0
500242,158409,2026-01-14,01:37:00,2667.56,Dining,POS,ATM Machine,No,Delhi,Delhi,3.9,130,1,0
502062,156181,2026-01-15,00:12:00,2982.72,Utility Bill,ATM,Mobile App,No,Pune,Pune,7.9,3404,1,0
502364,111890,2026-01-26,10:36:00,1054.06,Dining,ONLINE,POS Terminal,Yes,Delhi,Delhi,0.0,1309,2,0
500601,161627,2026-02-05,19:15:00,7914.76,ATM Withdrawal,POS,ATM Machine,No,Delhi,Delhi,6.1,3064,1,0
502436,156408,2026-06-14,17:59:00,3666.47,Dining,POS,Mobile App,Yes,Mumbai,Mumbai,10.3,826,4,0
505394,181965,2026-02-15,03:10:00,15152.81,ATM Withdrawal,ATM,USSD,Yes,Delhi,Delhi,9.2,726,2,0
502889,114840,2026-06-06,17:53:00,3889.79,Electronics,ONLINE,Mobile App,Yes,Pune,Pune,3.1,1209,1,0
500647,146049,2026-06-10,06:24:00,1920.15,Travel,ONLINE,Mobile App,No,Delhi,Delhi,14.1,1218,2,0
503891,156741,2026-02-18,03:05:00,2506.95,Grocery,POS,ATM Machine,Yes,Pune,Pune,9.4,823,0,0
503557,170456,2026-04-01,15:03:00,6367.45,Dining,POS,ATM Machine,No,Ahmedabad,Ahmedabad,6.4,603,3,0
503203,176939,2026-04-06,02:22:00,3417.29,Utility Bill,UPI,Web Browser,Yes,Chennai,Chennai,7.5,1041,0,0
501529,102056,2026-06-18,15:29:00,584.91,Jewellery,UPI,Web Browser,No,Rajpura,Rajpura,5.1,321,2,0
501268,137269,2026-04-19,13:26:00,2982.99,Travel,ONLINE,USSD,No,Kolkata,Kolkata,10.2,1176,3,0
501900,133931,2026-06-03,21:28:00,882.68,Jewellery,UPI,ATM Machine,Yes,Bengaluru,Bengaluru,0.4,1792,2,0
504659,142050,2026-08-26,18:42:00,5183.52,ATM Withdrawal,ONLINE,Mobile App,No,Delhi,Delhi,12.5,3315,2,0
503006,137090,2026-06-06,04:07:00,2222.42,Travel,UPI,ATM Machine,Yes,Hyderabad,Hyderabad,9.8,509,3,0
502735,144733,2026-02-05,20:33:00,1552.83,ATM Withdrawal,UPI,Mobile App,No,Ahmedabad,Ahmedabad,8.0,453,0,0
500190,130150,2026-02-17,23:09:00,2737.89,Utility Bill,UPI,USSD,Yes,Kolkata,Kolkata,9.3,843,3,0
501807,100858,2026-03-16,20:57:00,4187.63,Grocery,POS,Mobile App,Yes,Bengaluru,Bengaluru,4.1,2702,1,0
500976,122559,2026-01-20,15:19:00,3230.21,Utility Bill,UPI,Web Browser,Yes,Ahmedabad,Ahmedabad,13.7,1128,2,0
502748,180896,2026-05-21,19:58:00,2036.31,Jewellery,POS,USSD,No,Delhi,Delhi,13.6,2084,1,0
502048,153140,2026-03-01,11:07:00,8396.79,Travel,ONLINE,USSD,Yes,Jaipur,Jaipur,8.1,78,0,0
502559,103105,2026-05-06,11:07:00,5637.95,Fuel,UPI,USSD,No,Pune,Pune,9.5,369,2,0
501083,195800,2026-01-18,04:58:00,8062.22,Electronics,NEFT,ATM Machine,No,Ahmedabad,Ahmedabad,4.8,1433,1,0
500475,163429,2026-01-19,19:29:00,4811.45,Travel,ONLINE,Mobile App,Yes,Bengaluru,Bengaluru,13.4,1906,3,0
502905,165188,2026-08-02,06:14:00,5381.25,Jewellery,UPI,POS Terminal,No,Hyderabad,Hyderabad,1.5,1609,2,0
504844,119797,2026-08-13,20:42:00,12998.93,Electronics,POS,ATM Machine,No,Kolkata,Kolkata,10.8,1205,1,0
504118,113092,2026-08-04,17:39:00,6387.48,Electronics,POS,USSD,Yes,Hyderabad,Hyderabad,10.1,2027,2,0
503386,124672,2026-03-14,09:52:00,6936.12,Utility Bill,ATM,ATM Machine,Yes,Ahmedabad,Ahmedabad,8.3,1268,1,0
504556,121626,2026-08-07,17:45:00,582.72,Utility Bill,UPI,Web Browser,Yes,Ahmedabad,Ahmedabad,12.3,3545,1,0
501185,142026,2026-01-22,09:03:00,2373.04,E-commerce,POS,USSD,No,Bengaluru,Bengaluru,10.6,3843,0,0
505052,115099,2026-08-27,20:33:00,7367.83,Fuel,NEFT,ATM Machine,No,Jaipur,Jaipur,3.3,3873,3,0
505312,192693,2026-06-06,04:45:00,1892.79,ATM Withdrawal,ONLINE,ATM Machine,Yes,Bengaluru,Bengaluru,6.9,2922,1,0
502434,131474,2026-08-23,16:32:00,585.55,Utility Bill,UPI,USSD,Yes,Hyderabad,Hyderabad,1.0,3252,2,0
505612,124476,2026-04-08,13:59:00,455.1,Fuel,NEFT,Mobile App,Yes,Ahmedabad,Ahmedabad,1.1,1937,1,0
502392,119229,2026-08-23,22:51:00,2209.86,Electronics,POS,ATM Machine,Yes,Pune,Pune,13.9,3737,1,0
500770,137635,2026-07-01,04:06:00,2649.36,Pharmacy,POS,ATM Machine,No,Bengaluru,Bengaluru,9.3,1597,1,0
501686,152022,2026-06-20,17:17:00,5736.26,Dining,ONLINE,USSD,Yes,Hyderabad,Hyderabad,9.6,1105,0,0
500131,156536,2026-07-12,22:43:00,1352.57,Pharmacy,POS,ATM Machine,Yes,Mumbai,Mumbai,14.0,1516,1,0
502920,137830,2026-06-11,15:22:00,3877.87,Pharmacy,UPI,Web Browser,Yes,Rajpura,Rajpura,10.2,77,2,0
503172,193879,2026-07-22,09:49:00,642.43,Travel,ONLINE,POS Terminal,No,Ahmedabad,Ahmedabad,6.1,2500,2,0
503445,191785,2026-07-29,06:31:00,4250.27,Pharmacy,NEFT,Web Browser,No,Ahmedabad,Ahmedabad,0.0,3412,2,0
505579,145387,2026-04-16,20:45:00,2783.72,Jewellery,ONLINE,Mobile App,Yes,Jaipur,Jaipur,3.7,3431,1,0
504427,125718,2026-04-07,19:04:00,1801.84,E-commerce,ATM,USSD,Yes,Ahmedabad,Ahmedabad,14.5,1062,0,0
505335,160737,2026-06-30,11:24:00,912.06,Dining,NEFT,ATM Machine,No,Pune,Pune,5.4,1685,1,0
500467,116596,2026-07-07,19:25:00,2039.88,Fuel,UPI,ATM Machine,No,Chennai,Chennai,5.7,1285,2,0
505735,165134,2026-07-24,20:59:00,2069.65,Utility Bill,NEFT,Web Browser,No,Kolkata,Kolkata,14.5,2433,0,0
503093,171904,2026-08-06,11:39:00,6428.32,Dining,UPI,USSD,No,Ahmedabad,Ahmedabad,4.5,1470,0,0
503773,152753,2026-06-23,19:53:00,3978.21,E-commerce,ONLINE,ATM Machine,No,Rajpura,Rajpura,9.2,3184,2,0
505192,191330,2026-02-04,18:03:00,1095.12,Utility Bill,ATM,Mobile App,Yes,Hyderabad,Hyderabad,4.4,424,0,0
505227,131148,2026-06-26,20:16:00,1718.34,Dining,UPI,Web Browser,Yes,Jaipur,Jaipur,5.7,1875,1,0
505391,117912,2026-08-04,13:17:00,2335.56,Pharmacy,UPI,Web Browser,No,Mumbai,Mumbai,0.5,2792,0,0
500861,196818,2026-01-09,22:27:00,3374.27,Dining,POS,USSD,Yes,Ahmedabad,Ahmedabad,4.6,3400,2,0
